# Blender 5.0.1
# www.blender.org
o stick_grenade_LOD0
v 0.012223 0.084717 0.012207
v 0.013293 0.085508 0.013278
v 0.013816 0.087591 0.013800
v 0.014028 0.097372 0.014012
v 0.014376 0.099375 0.014361
v 0.015968 0.101593 0.015952
v 0.016037 0.102644 0.016022
v 0.015500 0.103920 0.015485
v 0.013760 0.104103 0.013745
v 0.013794 0.109019 0.013779
v 0.014460 0.110696 0.014445
v 0.015627 0.111336 0.015612
v 0.026335 0.111960 0.026320
v 0.027110 0.112773 0.027095
v 0.027377 0.114253 0.027362
v 0.027125 0.115773 0.027110
v 0.026362 0.116641 0.026347
v 0.024683 0.116902 0.024667
v 0.024164 0.118639 0.024149
v 0.024394 0.213550 0.024379
v 0.024465 0.215139 0.024450
v 0.023919 0.217248 0.023903
v 0.023092 0.218656 0.023076
v 0.014370 0.084717 0.009590
v 0.015629 0.085508 0.010431
v 0.016244 0.087591 0.010842
v 0.016493 0.097372 0.011008
v 0.016903 0.099375 0.011282
v 0.018774 0.101593 0.012532
v 0.018856 0.102644 0.012587
v 0.018224 0.103920 0.012165
v 0.016178 0.104103 0.010798
v 0.016218 0.109019 0.010825
v 0.017002 0.110696 0.011348
v 0.018374 0.111336 0.012265
v 0.030965 0.111960 0.020678
v 0.031877 0.112773 0.021287
v 0.032191 0.114253 0.021497
v 0.031894 0.115773 0.021299
v 0.030997 0.116641 0.020700
v 0.029022 0.116902 0.019380
v 0.028412 0.118639 0.018972
v 0.028683 0.213550 0.019153
v 0.028766 0.215139 0.019209
v 0.028123 0.217248 0.018780
v 0.027151 0.218656 0.018130
v 0.015967 0.084717 0.006604
v 0.017365 0.085508 0.007183
v 0.018048 0.087591 0.007466
v 0.018325 0.097372 0.007581
v 0.018780 0.099375 0.007770
v 0.020859 0.101593 0.008631
v 0.020950 0.102644 0.008669
v 0.020249 0.103920 0.008378
v 0.017975 0.104103 0.007436
v 0.018020 0.109019 0.007455
v 0.018890 0.110696 0.007815
v 0.020415 0.111336 0.008447
v 0.034405 0.111960 0.014242
v 0.035418 0.112773 0.014661
v 0.035767 0.114253 0.014806
v 0.035438 0.115773 0.014669
v 0.034441 0.116641 0.014257
v 0.032246 0.116902 0.013347
v 0.031569 0.118639 0.013067
v 0.031869 0.213550 0.013191
v 0.031962 0.215139 0.013230
v 0.031248 0.217248 0.012934
v 0.030168 0.218656 0.012486
v 0.016949 0.084717 0.003364
v 0.018434 0.085508 0.003660
v 0.019159 0.087591 0.003804
v 0.019453 0.097372 0.003862
v 0.019936 0.099375 0.003958
v 0.022144 0.101593 0.004397
v 0.022240 0.102644 0.004417
v 0.021495 0.103920 0.004268
v 0.019081 0.104103 0.003788
v 0.019129 0.109019 0.003798
v 0.020053 0.110696 0.003982
v 0.021672 0.111336 0.004304
v 0.036524 0.111960 0.007258
v 0.037599 0.112773 0.007472
v 0.037970 0.114253 0.007545
v 0.037620 0.115773 0.007476
v 0.036562 0.116641 0.007265
v 0.034232 0.116902 0.006802
v 0.033513 0.118639 0.006659
v 0.033832 0.213550 0.006722
v 0.033930 0.215139 0.006742
v 0.033172 0.217248 0.006591
v 0.032025 0.218656 0.006363
v 0.017281 0.084717 -0.000005
v 0.018795 0.085508 -0.000005
v 0.019534 0.087591 -0.000005
v 0.019834 0.097372 -0.000005
v 0.020327 0.099375 -0.000005
v 0.022577 0.101593 -0.000005
v 0.022676 0.102644 -0.000005
v 0.021916 0.103920 -0.000005
v 0.019455 0.104103 -0.000005
v 0.019503 0.109019 -0.000005
v 0.020446 0.110696 -0.000005
v 0.022096 0.111336 -0.000005
v 0.037239 0.111960 -0.000005
v 0.038336 0.112773 -0.000005
v 0.038713 0.114253 -0.000005
v 0.038357 0.115773 -0.000005
v 0.037278 0.116641 -0.000005
v 0.034902 0.116902 -0.000005
v 0.034169 0.118639 -0.000005
v 0.034494 0.213550 -0.000005
v 0.034594 0.215139 -0.000005
v 0.033822 0.217248 -0.000005
v 0.032652 0.218656 -0.000005
v 0.016949 0.084717 -0.003375
v 0.018434 0.085508 -0.003670
v 0.019159 0.087591 -0.003814
v 0.019453 0.097372 -0.003873
v 0.019936 0.099375 -0.003969
v 0.022144 0.101593 -0.004408
v 0.022240 0.102644 -0.004427
v 0.021495 0.103920 -0.004279
v 0.019081 0.104103 -0.003799
v 0.019129 0.109019 -0.003808
v 0.020053 0.110696 -0.003992
v 0.021672 0.111336 -0.004314
v 0.036524 0.111960 -0.007268
v 0.037599 0.112773 -0.007482
v 0.037970 0.114253 -0.007556
v 0.037620 0.115773 -0.007486
v 0.036562 0.116641 -0.007276
v 0.034232 0.116902 -0.006812
v 0.033513 0.118639 -0.006669
v 0.033832 0.213550 -0.006733
v 0.033930 0.215139 -0.006752
v 0.033172 0.217248 -0.006601
v 0.032025 0.218656 -0.006373
v 0.015967 0.084717 -0.006614
v 0.017365 0.085508 -0.007194
v 0.018048 0.087591 -0.007477
v 0.018325 0.097372 -0.007591
v 0.018780 0.099375 -0.007780
v 0.020859 0.101593 -0.008641
v 0.020950 0.102644 -0.008679
v 0.020249 0.103920 -0.008388
v 0.017975 0.104103 -0.007446
v 0.018020 0.109019 -0.007465
v 0.018890 0.110696 -0.007826
v 0.020415 0.111336 -0.008457
v 0.034405 0.111960 -0.014252
v 0.035418 0.112773 -0.014672
v 0.035767 0.114253 -0.014816
v 0.035438 0.115773 -0.014680
v 0.034441 0.116641 -0.014267
v 0.032246 0.116902 -0.013358
v 0.031569 0.118639 -0.013077
v 0.031869 0.213550 -0.013202
v 0.031962 0.215139 -0.013240
v 0.031248 0.217248 -0.012944
v 0.030168 0.218656 -0.012497
v 0.014371 0.084717 -0.009600
v 0.015629 0.085508 -0.010441
v 0.016244 0.087591 -0.010852
v 0.016493 0.097372 -0.011019
v 0.016903 0.099375 -0.011293
v 0.018774 0.101593 -0.012543
v 0.018856 0.102644 -0.012597
v 0.018224 0.103920 -0.012176
v 0.016178 0.104103 -0.010808
v 0.016218 0.109019 -0.010835
v 0.017002 0.110696 -0.011359
v 0.018374 0.111336 -0.012275
v 0.030965 0.111960 -0.020688
v 0.031877 0.112773 -0.021298
v 0.032191 0.114253 -0.021507
v 0.031894 0.115773 -0.021309
v 0.030997 0.116641 -0.020710
v 0.029022 0.116902 -0.019390
v 0.028412 0.118639 -0.018983
v 0.028683 0.213550 -0.019164
v 0.028766 0.215139 -0.019219
v 0.028123 0.217248 -0.018790
v 0.027151 0.218656 -0.018140
v 0.012223 0.084717 -0.012218
v 0.013293 0.085508 -0.013288
v 0.013815 0.087591 -0.013811
v 0.014028 0.097372 -0.014023
v 0.014376 0.099375 -0.014371
v 0.015967 0.101593 -0.015963
v 0.016037 0.102644 -0.016032
v 0.015500 0.103920 -0.015495
v 0.013760 0.104103 -0.013755
v 0.013794 0.109019 -0.013789
v 0.014460 0.110696 -0.014455
v 0.015627 0.111336 -0.015622
v 0.026335 0.111960 -0.026330
v 0.027110 0.112773 -0.027105
v 0.027377 0.114253 -0.027372
v 0.027125 0.115773 -0.027120
v 0.026362 0.116641 -0.026357
v 0.024683 0.116902 -0.024678
v 0.024164 0.118639 -0.024159
v 0.024394 0.213550 -0.024389
v 0.024465 0.215139 -0.024460
v 0.023919 0.217248 -0.023914
v 0.023092 0.218656 -0.023087
v 0.009605 0.084717 -0.014366
v 0.010446 0.085508 -0.015624
v 0.010857 0.087591 -0.016239
v 0.011024 0.097372 -0.016488
v 0.011297 0.099375 -0.016898
v 0.012548 0.101593 -0.018769
v 0.012602 0.102644 -0.018851
v 0.012180 0.103920 -0.018219
v 0.010813 0.104103 -0.016173
v 0.010840 0.109019 -0.016213
v 0.011364 0.110696 -0.016997
v 0.012280 0.111336 -0.018369
v 0.020693 0.111960 -0.030960
v 0.021303 0.112773 -0.031872
v 0.021512 0.114253 -0.032186
v 0.021314 0.115773 -0.031889
v 0.020715 0.116641 -0.030992
v 0.019395 0.116902 -0.029017
v 0.018988 0.118639 -0.028407
v 0.019168 0.213550 -0.028678
v 0.019224 0.215139 -0.028761
v 0.018795 0.217248 -0.028118
v 0.018145 0.218656 -0.027146
v 0.006619 0.084717 -0.015962
v 0.007199 0.085508 -0.017360
v 0.007482 0.087591 -0.018043
v 0.007596 0.097372 -0.018320
v 0.007785 0.099375 -0.018775
v 0.008646 0.101593 -0.020854
v 0.008684 0.102644 -0.020945
v 0.008393 0.103920 -0.020244
v 0.007451 0.104103 -0.017970
v 0.007470 0.109019 -0.018015
v 0.007830 0.110696 -0.018885
v 0.008462 0.111336 -0.020410
v 0.014257 0.111960 -0.034400
v 0.014677 0.112773 -0.035413
v 0.014821 0.114253 -0.035762
v 0.014685 0.115773 -0.035433
v 0.014272 0.116641 -0.034436
v 0.013363 0.116902 -0.032241
v 0.013082 0.118639 -0.031564
v 0.013207 0.213550 -0.031864
v 0.013245 0.215139 -0.031957
v 0.012949 0.217248 -0.031243
v 0.012502 0.218656 -0.030163
v 0.003380 0.084717 -0.016944
v 0.003675 0.085508 -0.018429
v 0.003819 0.087591 -0.019154
v 0.003878 0.097372 -0.019448
v 0.003974 0.099375 -0.019931
v 0.004413 0.101593 -0.022139
v 0.004432 0.102644 -0.022235
v 0.004284 0.103920 -0.021490
v 0.003804 0.104103 -0.019077
v 0.003813 0.109019 -0.019124
v 0.003997 0.110696 -0.020048
v 0.004319 0.111336 -0.021667
v 0.007273 0.111960 -0.036519
v 0.007487 0.112773 -0.037594
v 0.007561 0.114253 -0.037965
v 0.007491 0.115773 -0.037615
v 0.007281 0.116641 -0.036557
v 0.006817 0.116902 -0.034227
v 0.006674 0.118639 -0.033508
v 0.006738 0.213550 -0.033827
v 0.006757 0.215139 -0.033925
v 0.006606 0.217248 -0.033167
v 0.006378 0.218656 -0.032020
v 0.000010 0.084717 -0.017276
v 0.000010 0.085508 -0.018790
v 0.000010 0.087591 -0.019529
v 0.000010 0.097372 -0.019829
v 0.000010 0.099375 -0.020322
v 0.000010 0.101593 -0.022572
v 0.000010 0.102644 -0.022671
v 0.000010 0.103920 -0.021911
v 0.000010 0.104103 -0.019450
v 0.000010 0.109019 -0.019498
v 0.000010 0.110696 -0.020441
v 0.000010 0.111336 -0.022091
v 0.000010 0.111960 -0.037234
v 0.000010 0.112773 -0.038331
v 0.000010 0.114253 -0.038708
v 0.000010 0.115773 -0.038352
v 0.000010 0.116641 -0.037273
v 0.000010 0.116902 -0.034897
v 0.000010 0.118639 -0.034164
v 0.000010 0.213550 -0.034489
v 0.000010 0.215139 -0.034589
v 0.000010 0.217248 -0.033817
v 0.000010 0.218656 -0.032647
v -0.003359 0.084717 -0.016944
v -0.003655 0.085508 -0.018429
v -0.003799 0.087591 -0.019154
v -0.003857 0.097372 -0.019448
v -0.003954 0.099375 -0.019931
v -0.004393 0.101593 -0.022139
v -0.004412 0.102644 -0.022235
v -0.004264 0.103920 -0.021490
v -0.003783 0.104103 -0.019077
v -0.003793 0.109019 -0.019124
v -0.003977 0.110696 -0.020048
v -0.004299 0.111336 -0.021667
v -0.007253 0.111960 -0.036519
v -0.007467 0.112773 -0.037594
v -0.007541 0.114253 -0.037965
v -0.007471 0.115773 -0.037615
v -0.007261 0.116641 -0.036557
v -0.006797 0.116902 -0.034227
v -0.006654 0.118639 -0.033508
v -0.006717 0.213550 -0.033827
v -0.006737 0.215139 -0.033925
v -0.006586 0.217248 -0.033167
v -0.006358 0.218656 -0.032020
v -0.006599 0.084717 -0.015962
v -0.007178 0.085508 -0.017360
v -0.007461 0.087591 -0.018043
v -0.007576 0.097372 -0.018320
v -0.007765 0.099375 -0.018775
v -0.008626 0.101593 -0.020854
v -0.008664 0.102644 -0.020945
v -0.008373 0.103920 -0.020244
v -0.007431 0.104103 -0.017970
v -0.007450 0.109019 -0.018015
v -0.007810 0.110696 -0.018885
v -0.008442 0.111336 -0.020410
v -0.014237 0.111960 -0.034400
v -0.014656 0.112773 -0.035413
v -0.014801 0.114253 -0.035762
v -0.014665 0.115773 -0.035433
v -0.014252 0.116641 -0.034436
v -0.013343 0.116902 -0.032241
v -0.013062 0.118639 -0.031564
v -0.013186 0.213550 -0.031864
v -0.013225 0.215139 -0.031957
v -0.012929 0.217248 -0.031243
v -0.012482 0.218656 -0.030163
v -0.009585 0.084717 -0.014366
v -0.010426 0.085508 -0.015624
v -0.010837 0.087591 -0.016239
v -0.011004 0.097372 -0.016488
v -0.011277 0.099375 -0.016898
v -0.012528 0.101593 -0.018769
v -0.012582 0.102644 -0.018851
v -0.012160 0.103920 -0.018219
v -0.010793 0.104103 -0.016173
v -0.010820 0.109019 -0.016213
v -0.011343 0.110696 -0.016997
v -0.012260 0.111336 -0.018369
v -0.020673 0.111960 -0.030960
v -0.021282 0.112773 -0.031872
v -0.021492 0.114253 -0.032186
v -0.021294 0.115773 -0.031889
v -0.020695 0.116641 -0.030992
v -0.019375 0.116902 -0.029017
v -0.018968 0.118639 -0.028407
v -0.019148 0.213550 -0.028678
v -0.019204 0.215139 -0.028761
v -0.018775 0.217248 -0.028118
v -0.018125 0.218656 -0.027146
v -0.012202 0.084717 -0.012218
v -0.013273 0.085508 -0.013288
v -0.013795 0.087591 -0.013811
v -0.014008 0.097372 -0.014023
v -0.014356 0.099375 -0.014371
v -0.015947 0.101593 -0.015963
v -0.016017 0.102644 -0.016032
v -0.015480 0.103920 -0.015495
v -0.013740 0.104103 -0.013755
v -0.013774 0.109019 -0.013789
v -0.014440 0.110696 -0.014455
v -0.015607 0.111336 -0.015622
v -0.026315 0.111960 -0.026330
v -0.027090 0.112773 -0.027105
v -0.027357 0.114253 -0.027372
v -0.027105 0.115773 -0.027120
v -0.026342 0.116641 -0.026357
v -0.024662 0.116902 -0.024678
v -0.024144 0.118639 -0.024159
v -0.024374 0.213550 -0.024389
v -0.024445 0.215139 -0.024460
v -0.023898 0.217248 -0.023914
v -0.023072 0.218656 -0.023087
v -0.014350 0.084717 -0.009600
v -0.015609 0.085508 -0.010441
v -0.016223 0.087591 -0.010852
v -0.016473 0.097372 -0.011019
v -0.016883 0.099375 -0.011292
v -0.018754 0.101593 -0.012543
v -0.018836 0.102644 -0.012597
v -0.018204 0.103920 -0.012175
v -0.016158 0.104103 -0.010808
v -0.016198 0.109019 -0.010835
v -0.016982 0.110696 -0.011359
v -0.018354 0.111336 -0.012275
v -0.030945 0.111960 -0.020688
v -0.031856 0.112773 -0.021298
v -0.032170 0.114253 -0.021507
v -0.031874 0.115773 -0.021309
v -0.030977 0.116641 -0.020710
v -0.029002 0.116902 -0.019390
v -0.028392 0.118639 -0.018983
v -0.028662 0.213550 -0.019163
v -0.028746 0.215139 -0.019219
v -0.028103 0.217248 -0.018790
v -0.027131 0.218656 -0.018140
v -0.015946 0.084717 -0.006615
v -0.017345 0.085508 -0.007194
v -0.018028 0.087591 -0.007477
v -0.018305 0.097372 -0.007591
v -0.018760 0.099375 -0.007780
v -0.020839 0.101593 -0.008641
v -0.020930 0.102644 -0.008679
v -0.020228 0.103920 -0.008388
v -0.017955 0.104103 -0.007446
v -0.017999 0.109019 -0.007465
v -0.018870 0.110696 -0.007826
v -0.020395 0.111336 -0.008457
v -0.034385 0.111960 -0.014252
v -0.035398 0.112773 -0.014672
v -0.035747 0.114253 -0.014816
v -0.035418 0.115773 -0.014680
v -0.034421 0.116641 -0.014267
v -0.032226 0.116902 -0.013358
v -0.031549 0.118639 -0.013077
v -0.031849 0.213550 -0.013202
v -0.031942 0.215139 -0.013240
v -0.031228 0.217248 -0.012944
v -0.030148 0.218656 -0.012497
v -0.016929 0.084717 -0.003375
v -0.018414 0.085508 -0.003670
v -0.019139 0.087591 -0.003814
v -0.019433 0.097372 -0.003873
v -0.019916 0.099375 -0.003969
v -0.022123 0.101593 -0.004408
v -0.022220 0.102644 -0.004427
v -0.021475 0.103920 -0.004279
v -0.019061 0.104103 -0.003799
v -0.019109 0.109019 -0.003808
v -0.020033 0.110696 -0.003992
v -0.021651 0.111336 -0.004314
v -0.036504 0.111960 -0.007268
v -0.037579 0.112773 -0.007482
v -0.037949 0.114253 -0.007556
v -0.037600 0.115773 -0.007486
v -0.036542 0.116641 -0.007276
v -0.034212 0.116902 -0.006812
v -0.033492 0.118639 -0.006669
v -0.033812 0.213550 -0.006733
v -0.033910 0.215139 -0.006752
v -0.033152 0.217248 -0.006601
v -0.032005 0.218656 -0.006373
v -0.017261 0.084717 -0.000005
v -0.018774 0.085508 -0.000005
v -0.019514 0.087591 -0.000005
v -0.019814 0.097372 -0.000005
v -0.020307 0.099375 -0.000005
v -0.022557 0.101593 -0.000005
v -0.022656 0.102644 -0.000005
v -0.021896 0.103920 -0.000005
v -0.019435 0.104103 -0.000005
v -0.019483 0.109019 -0.000005
v -0.020426 0.110696 -0.000005
v -0.022076 0.111336 -0.000005
v -0.037219 0.111960 -0.000005
v -0.038315 0.112773 -0.000005
v -0.038693 0.114253 -0.000005
v -0.038337 0.115773 -0.000005
v -0.037258 0.116641 -0.000005
v -0.034882 0.116902 -0.000005
v -0.034149 0.118639 -0.000005
v -0.034474 0.213550 -0.000005
v -0.034574 0.215139 -0.000005
v -0.033802 0.217248 -0.000005
v -0.032632 0.218656 -0.000005
v -0.016929 0.084717 0.003364
v -0.018414 0.085508 0.003660
v -0.019139 0.087591 0.003804
v -0.019433 0.097372 0.003862
v -0.019916 0.099375 0.003958
v -0.022123 0.101593 0.004398
v -0.022220 0.102644 0.004417
v -0.021475 0.103920 0.004269
v -0.019061 0.104103 0.003788
v -0.019109 0.109019 0.003798
v -0.020033 0.110696 0.003982
v -0.021651 0.111336 0.004304
v -0.036504 0.111960 0.007258
v -0.037579 0.112773 0.007472
v -0.037949 0.114253 0.007545
v -0.037600 0.115773 0.007476
v -0.036542 0.116641 0.007265
v -0.034212 0.116902 0.006802
v -0.033492 0.118639 0.006659
v -0.033811 0.213550 0.006722
v -0.033910 0.215139 0.006742
v -0.033152 0.217248 0.006591
v -0.032005 0.218656 0.006363
v -0.015946 0.084717 0.006604
v -0.017345 0.085508 0.007183
v -0.018028 0.087591 0.007466
v -0.018305 0.097372 0.007581
v -0.018760 0.099375 0.007770
v -0.020839 0.101593 0.008631
v -0.020930 0.102644 0.008669
v -0.020228 0.103920 0.008378
v -0.017955 0.104103 0.007436
v -0.017999 0.109019 0.007455
v -0.018870 0.110696 0.007815
v -0.020395 0.111336 0.008447
v -0.034385 0.111960 0.014242
v -0.035398 0.112773 0.014661
v -0.035747 0.114253 0.014806
v -0.035418 0.115773 0.014670
v -0.034421 0.116641 0.014257
v -0.032226 0.116902 0.013348
v -0.031549 0.118639 0.013067
v -0.031849 0.213550 0.013191
v -0.031942 0.215139 0.013230
v -0.031228 0.217248 0.012934
v -0.030148 0.218656 0.012487
v -0.014350 0.084717 0.009590
v -0.015609 0.085508 0.010431
v -0.016223 0.087591 0.010842
v -0.016473 0.097372 0.011008
v -0.016883 0.099375 0.011282
v -0.018754 0.101593 0.012532
v -0.018836 0.102644 0.012587
v -0.018204 0.103920 0.012165
v -0.016158 0.104103 0.010798
v -0.016198 0.109019 0.010825
v -0.016982 0.110696 0.011348
v -0.018354 0.111336 0.012265
v -0.030945 0.111960 0.020678
v -0.031856 0.112773 0.021287
v -0.032170 0.114253 0.021497
v -0.031874 0.115773 0.021299
v -0.030977 0.116641 0.020700
v -0.029002 0.116902 0.019380
v -0.028392 0.118639 0.018973
v -0.028662 0.213550 0.019153
v -0.028746 0.215139 0.019209
v -0.028103 0.217248 0.018780
v -0.027131 0.218656 0.018130
v -0.012202 0.084717 0.012207
v -0.013273 0.085508 0.013278
v -0.013795 0.087591 0.013800
v -0.014008 0.097372 0.014013
v -0.014356 0.099375 0.014361
v -0.015947 0.101593 0.015952
v -0.016017 0.102644 0.016022
v -0.015480 0.103920 0.015485
v -0.013740 0.104103 0.013745
v -0.013774 0.109019 0.013779
v -0.014440 0.110696 0.014445
v -0.015607 0.111336 0.015612
v -0.026315 0.111960 0.026320
v -0.027090 0.112773 0.027095
v -0.027357 0.114253 0.027362
v -0.027105 0.115773 0.027110
v -0.026342 0.116641 0.026347
v -0.024662 0.116902 0.024667
v -0.024144 0.118639 0.024149
v -0.024374 0.213550 0.024379
v -0.024445 0.215139 0.024450
v -0.023898 0.217248 0.023903
v -0.023072 0.218656 0.023076
v -0.009585 0.084717 0.014355
v -0.010426 0.085508 0.015614
v -0.010837 0.087591 0.016228
v -0.011004 0.097372 0.016478
v -0.011277 0.099375 0.016888
v -0.012528 0.101593 0.018759
v -0.012582 0.102644 0.018841
v -0.012160 0.103920 0.018209
v -0.010793 0.104103 0.016163
v -0.010820 0.109019 0.016203
v -0.011343 0.110696 0.016986
v -0.012260 0.111336 0.018359
v -0.020673 0.111960 0.030950
v -0.021282 0.112773 0.031861
v -0.021492 0.114253 0.032175
v -0.021294 0.115773 0.031879
v -0.020695 0.116641 0.030982
v -0.019375 0.116902 0.029007
v -0.018968 0.118639 0.028397
v -0.019148 0.213550 0.028667
v -0.019204 0.215139 0.028751
v -0.018775 0.217248 0.028108
v -0.018125 0.218656 0.027136
v -0.006599 0.084717 0.015951
v -0.007178 0.085508 0.017349
v -0.007461 0.087591 0.018032
v -0.007576 0.097372 0.018310
v -0.007765 0.099375 0.018765
v -0.008626 0.101593 0.020844
v -0.008664 0.102644 0.020935
v -0.008373 0.103920 0.020233
v -0.007431 0.104103 0.017960
v -0.007450 0.109019 0.018004
v -0.007810 0.110696 0.018875
v -0.008442 0.111336 0.020399
v -0.014237 0.111960 0.034390
v -0.014656 0.112773 0.035403
v -0.014801 0.114253 0.035752
v -0.014665 0.115773 0.035423
v -0.014252 0.116641 0.034426
v -0.013343 0.116902 0.032231
v -0.013062 0.118639 0.031554
v -0.013186 0.213550 0.031854
v -0.013225 0.215139 0.031947
v -0.012929 0.217248 0.031233
v -0.012482 0.218656 0.030152
v -0.003359 0.084717 0.016934
v -0.003655 0.085508 0.018418
v -0.003799 0.087591 0.019143
v -0.003857 0.097372 0.019438
v -0.003953 0.099375 0.019921
v -0.004393 0.101593 0.022128
v -0.004412 0.102644 0.022225
v -0.004264 0.103920 0.021480
v -0.003783 0.104103 0.019066
v -0.003793 0.109019 0.019114
v -0.003977 0.110696 0.020038
v -0.004299 0.111336 0.021656
v -0.007253 0.111960 0.036508
v -0.007467 0.112773 0.037584
v -0.007540 0.114253 0.037954
v -0.007471 0.115773 0.037605
v -0.007260 0.116641 0.036547
v -0.006797 0.116902 0.034217
v -0.006654 0.118639 0.033497
v -0.006717 0.213550 0.033816
v -0.006737 0.215139 0.033915
v -0.006586 0.217248 0.033157
v -0.006358 0.218656 0.032010
v 0.000010 0.084717 0.017266
v 0.000010 0.085508 0.018779
v 0.000010 0.087591 0.019519
v 0.000010 0.097372 0.019819
v 0.000010 0.099375 0.020312
v 0.000010 0.101593 0.022562
v 0.000010 0.102644 0.022660
v 0.000010 0.103920 0.021901
v 0.000010 0.104103 0.019440
v 0.000010 0.109019 0.019488
v 0.000010 0.110696 0.020431
v 0.000010 0.111336 0.022081
v 0.000010 0.111960 0.037224
v 0.000010 0.112773 0.038320
v 0.000010 0.114253 0.038698
v 0.000010 0.115773 0.038342
v 0.000010 0.116641 0.037263
v 0.000010 0.116902 0.034887
v 0.000010 0.118639 0.034154
v 0.000010 0.213550 0.034479
v 0.000010 0.215139 0.034579
v 0.000010 0.217248 0.033806
v 0.000010 0.218656 0.032637
v 0.003379 0.084717 0.016934
v 0.003675 0.085508 0.018418
v 0.003819 0.087591 0.019143
v 0.003878 0.097372 0.019438
v 0.003974 0.099375 0.019921
v 0.004413 0.101593 0.022128
v 0.004432 0.102644 0.022225
v 0.004284 0.103920 0.021480
v 0.003804 0.104103 0.019066
v 0.003813 0.109019 0.019114
v 0.003997 0.110696 0.020038
v 0.004319 0.111336 0.021656
v 0.007273 0.111960 0.036508
v 0.007487 0.112773 0.037584
v 0.007561 0.114253 0.037954
v 0.007491 0.115773 0.037605
v 0.007281 0.116641 0.036546
v 0.006817 0.116902 0.034217
v 0.006674 0.118639 0.033497
v 0.006738 0.213550 0.033816
v 0.006757 0.215139 0.033915
v 0.006606 0.217248 0.033157
v 0.006378 0.218656 0.032010
v 0.006619 0.084717 0.015951
v 0.007199 0.085508 0.017349
v 0.007482 0.087591 0.018032
v 0.007596 0.097372 0.018310
v 0.007785 0.099375 0.018765
v 0.008646 0.101593 0.020844
v 0.008684 0.102644 0.020935
v 0.008393 0.103920 0.020233
v 0.007451 0.104103 0.017960
v 0.007470 0.109019 0.018004
v 0.007831 0.110696 0.018875
v 0.008462 0.111336 0.020399
v 0.014257 0.111960 0.034390
v 0.014677 0.112773 0.035403
v 0.014821 0.114253 0.035752
v 0.014685 0.115773 0.035423
v 0.014272 0.116641 0.034426
v 0.013363 0.116902 0.032231
v 0.013082 0.118639 0.031554
v 0.013207 0.213550 0.031854
v 0.013245 0.215139 0.031947
v 0.012949 0.217248 0.031233
v 0.012502 0.218656 0.030152
v 0.009605 0.084717 0.014355
v 0.010446 0.085508 0.015614
v 0.010857 0.087591 0.016228
v 0.011024 0.097372 0.016478
v 0.011297 0.099375 0.016888
v 0.012548 0.101593 0.018759
v 0.012602 0.102644 0.018841
v 0.012180 0.103920 0.018209
v 0.010813 0.104103 0.016163
v 0.010840 0.109019 0.016203
v 0.011364 0.110696 0.016986
v 0.012280 0.111336 0.018359
v 0.020693 0.111960 0.030950
v 0.021303 0.112773 0.031861
v 0.021512 0.114253 0.032175
v 0.021314 0.115773 0.031879
v 0.020715 0.116641 0.030982
v 0.019395 0.116902 0.029007
v 0.018988 0.118639 0.028397
v 0.019169 0.213550 0.028667
v 0.019224 0.215139 0.028751
v 0.018795 0.217248 0.028108
v 0.018145 0.218656 0.027136
v 0.025731 0.218969 0.017181
v 0.021884 0.218969 0.021868
v 0.028589 0.218969 0.011833
v 0.030349 0.218969 0.006030
v 0.030349 0.218969 -0.006040
v 0.028589 0.218969 -0.011843
v 0.021884 0.218969 -0.021879
v 0.017196 0.218969 -0.025726
v 0.006045 0.218969 -0.030344
v -0.028569 0.218969 -0.011843
v -0.030329 0.218969 -0.006040
v -0.030924 0.218969 -0.000005
v -0.025710 0.218969 0.017181
v -0.017176 0.218969 0.025715
v -0.006025 0.218969 0.030334
v 0.011848 0.218969 0.028574
v 0.017196 0.218969 0.025715
v 0.000010 0.218969 -0.000005
v 0.030944 0.218969 -0.000005
v 0.025731 0.218969 -0.017191
v 0.011848 0.218969 -0.028584
v 0.000010 0.218969 -0.030939
v -0.006025 0.218969 -0.030344
v -0.011828 0.218969 -0.028584
v -0.017176 0.218969 -0.025726
v -0.021863 0.218969 -0.021879
v -0.025710 0.218969 -0.017191
v -0.030329 0.218969 0.006030
v -0.028569 0.218969 0.011833
v -0.021863 0.218969 0.021868
v -0.011828 0.218969 0.028574
v 0.000010 0.218969 0.030929
v 0.006045 0.218969 0.030334
v -0.000000 -0.139375 -0.018267
v 0.000000 -0.139608 -0.018551
v 0.004728 -0.139375 -0.017644
v -0.004728 -0.139375 -0.017644
v -0.009133 -0.139375 -0.015819
v -0.004801 -0.139608 -0.017919
v -0.009276 -0.139608 -0.016066
v -0.004813 -0.140086 -0.017961
v -0.009297 -0.140086 -0.016103
v 0.000000 -0.140086 -0.018594
v -0.004783 -0.143657 -0.017851
v -0.009240 -0.143657 -0.016005
v 0.000000 -0.143657 -0.018480
v -0.004763 -0.145905 -0.017775
v -0.009201 -0.145905 -0.015937
v 0.000000 -0.145905 -0.018402
v -0.004575 -0.146135 -0.017076
v -0.008839 -0.146135 -0.015310
v 0.000000 -0.146135 -0.017678
v 0.004575 -0.146135 -0.017076
v 0.008839 -0.146135 -0.015310
v 0.004763 -0.145905 -0.017775
v 0.009201 -0.145905 -0.015937
v 0.004783 -0.143657 -0.017851
v 0.009240 -0.143657 -0.016004
v 0.004813 -0.140086 -0.017961
v 0.009297 -0.140086 -0.016103
v 0.004801 -0.139608 -0.017919
v 0.009276 -0.139608 -0.016066
v 0.013118 -0.139608 -0.013118
v 0.009133 -0.139375 -0.015819
v 0.012917 -0.139375 -0.012917
v 0.015819 -0.139375 -0.009133
v 0.017644 -0.139375 -0.004728
v 0.016066 -0.139608 -0.009276
v 0.017919 -0.139608 -0.004801
v 0.016103 -0.140086 -0.009297
v 0.013148 -0.140086 -0.013148
v 0.017961 -0.140086 -0.004813
v 0.016005 -0.143657 -0.009240
v 0.013068 -0.143657 -0.013068
v 0.017851 -0.143657 -0.004783
v 0.015937 -0.145905 -0.009201
v 0.013012 -0.145905 -0.013012
v 0.017775 -0.145905 -0.004763
v 0.015310 -0.146135 -0.008839
v 0.012500 -0.146135 -0.012500
v 0.017076 -0.146135 -0.004575
v 0.017678 -0.146135 0.000000
v 0.017076 -0.146135 0.004575
v 0.018402 -0.145905 0.000000
v 0.017775 -0.145905 0.004763
v 0.018480 -0.143657 0.000000
v 0.017851 -0.143657 0.004783
v 0.018594 -0.140086 0.000000
v 0.017961 -0.140086 0.004813
v 0.018551 -0.139608 0.000000
v 0.017919 -0.139608 0.004801
v 0.018267 -0.139375 -0.000000
v 0.017644 -0.139375 0.004728
v 0.015820 -0.139375 0.009133
v 0.012917 -0.139375 0.012917
v 0.016066 -0.139608 0.009276
v 0.013118 -0.139608 0.013118
v 0.016103 -0.140086 0.009297
v 0.013148 -0.140086 0.013148
v 0.016005 -0.143657 0.009240
v 0.013068 -0.143657 0.013068
v 0.015937 -0.145905 0.009201
v 0.013012 -0.145905 0.013012
v 0.015310 -0.146135 0.008839
v 0.012500 -0.146135 0.012500
v 0.008839 -0.146135 0.015310
v 0.004575 -0.146135 0.017076
v 0.009201 -0.145905 0.015937
v 0.004763 -0.145905 0.017775
v 0.009240 -0.143657 0.016004
v 0.004783 -0.143657 0.017851
v 0.009297 -0.140086 0.016103
v 0.004813 -0.140086 0.017961
v 0.009276 -0.139608 0.016066
v 0.004801 -0.139608 0.017919
v 0.009133 -0.139375 0.015819
v 0.004728 -0.139375 0.017644
v 0.000000 -0.139375 0.018267
v -0.004728 -0.139375 0.017644
v 0.000000 -0.139608 0.018551
v -0.004801 -0.139608 0.017919
v -0.000000 -0.140086 0.018594
v -0.004813 -0.140086 0.017961
v -0.000000 -0.143657 0.018480
v -0.004783 -0.143657 0.017851
v -0.000000 -0.145905 0.018402
v -0.004763 -0.145905 0.017775
v -0.000000 -0.146135 0.017678
v -0.004575 -0.146135 0.017076
v -0.008839 -0.146135 0.015310
v -0.012500 -0.146135 0.012500
v -0.009201 -0.145905 0.015937
v -0.013012 -0.145905 0.013012
v -0.009240 -0.143657 0.016004
v -0.013068 -0.143657 0.013068
v -0.009297 -0.140086 0.016103
v -0.013148 -0.140086 0.013148
v -0.009276 -0.139608 0.016066
v -0.013118 -0.139608 0.013118
v -0.009133 -0.139375 0.015819
v -0.012917 -0.139375 0.012917
v -0.015819 -0.139375 0.009133
v -0.017644 -0.139375 0.004728
v -0.016066 -0.139608 0.009276
v -0.017919 -0.139608 0.004801
v -0.016103 -0.140086 0.009297
v -0.017961 -0.140086 0.004813
v -0.016005 -0.143657 0.009240
v -0.017851 -0.143657 0.004783
v -0.015937 -0.145905 0.009201
v -0.017775 -0.145905 0.004763
v -0.015310 -0.146135 0.008839
v -0.017076 -0.146135 0.004575
v -0.017678 -0.146135 -0.000000
v -0.017076 -0.146135 -0.004575
v -0.018402 -0.145905 -0.000000
v -0.017775 -0.145905 -0.004763
v -0.018480 -0.143657 -0.000000
v -0.017851 -0.143657 -0.004783
v -0.018594 -0.140086 -0.000000
v -0.017961 -0.140086 -0.004813
v -0.018551 -0.139608 -0.000000
v -0.017919 -0.139608 -0.004801
v -0.018267 -0.139375 0.000000
v -0.017644 -0.139375 -0.004728
v -0.015820 -0.139375 -0.009133
v -0.012917 -0.139375 -0.012917
v -0.016066 -0.139608 -0.009276
v -0.013118 -0.139608 -0.013118
v -0.016103 -0.140086 -0.009297
v -0.013148 -0.140086 -0.013148
v -0.016004 -0.143657 -0.009240
v -0.013068 -0.143657 -0.013068
v -0.015937 -0.145905 -0.009201
v -0.013012 -0.145905 -0.013012
v -0.015310 -0.146135 -0.008839
v -0.012500 -0.146135 -0.012500
v 0.000327 -0.156134 0.022611
v 0.000000 -0.156134 0.022749
v 0.005409 -0.156134 0.017455
v 0.001019 -0.156134 0.023634
v 0.000361 -0.157746 0.022053
v 0.000000 -0.157746 0.022204
v 0.005308 -0.157746 0.017033
v -0.000361 -0.157746 0.022053
v 0.002052 -0.157746 0.015573
v 0.006032 -0.157746 0.014472
v -0.002074 -0.157746 0.015592
v -0.006054 -0.157746 0.014503
v -0.005308 -0.157746 0.017033
v -0.006691 -0.157746 0.016154
v -0.005409 -0.156134 0.017455
v -0.006851 -0.156134 0.016539
v -0.000327 -0.156134 0.022611
v -0.006175 -0.156134 0.018403
v -0.007321 -0.156134 0.017674
v -0.006005 -0.159017 0.017895
v -0.001019 -0.156134 0.023634
v 0.000000 -0.156134 0.024062
v -0.000991 -0.159017 0.022982
v 0.000000 -0.159017 0.023399
v -0.000361 -0.159858 0.022053
v 0.000000 -0.159858 0.022204
v -0.005308 -0.159858 0.017033
v -0.006691 -0.159858 0.016154
v -0.002074 -0.159858 0.015592
v -0.006054 -0.159858 0.014503
v 0.002052 -0.159858 0.015573
v -0.000001 -0.159858 -0.000015
v 0.002034 -0.159858 -0.015591
v 0.005973 -0.159858 -0.014539
v 0.014487 -0.159858 -0.006113
v 0.015564 -0.159858 -0.002166
v -0.009608 -0.159858 0.012414
v 0.015582 -0.159858 0.001929
v 0.009528 -0.159858 -0.012520
v 0.012515 -0.159858 0.009490
v 0.009601 -0.159858 0.012403
v 0.014550 -0.159858 0.005910
v -0.015600 -0.159858 -0.002161
v -0.014511 -0.159858 -0.006116
v -0.012495 -0.159858 0.009478
v -0.012439 -0.159858 -0.009649
v -0.009531 -0.159858 -0.012524
v -0.005986 -0.159858 -0.014550
v -0.015599 -0.159858 0.001940
v -0.014530 -0.159858 0.005903
v -0.002043 -0.159858 -0.015595
v 0.006032 -0.159858 0.014472
v 0.012427 -0.159858 -0.009643
v 0.015798 -0.159858 -0.008291
v 0.015701 -0.159858 -0.015701
v 0.015849 -0.159858 -0.015338
v 0.015338 -0.159858 -0.015849
v 0.016546 -0.159017 -0.016546
v 0.016952 -0.159017 -0.015550
v 0.017015 -0.156134 -0.017015
v 0.015550 -0.159017 -0.016952
v 0.015991 -0.156134 -0.017432
v 0.008408 -0.159017 -0.016900
v 0.007119 -0.159017 -0.017187
v 0.008646 -0.156134 -0.017379
v 0.008291 -0.159858 -0.015798
v 0.006691 -0.159858 -0.016155
v 0.005308 -0.159858 -0.017033
v 0.000361 -0.159858 -0.022053
v 0.006005 -0.159017 -0.017895
v 0.006175 -0.156134 -0.018403
v 0.000991 -0.159017 -0.022982
v 0.000000 -0.159017 -0.023399
v 0.001019 -0.156134 -0.023634
v 0.000000 -0.156134 -0.024062
v 0.000327 -0.156134 -0.022611
v 0.000000 -0.156134 -0.022749
v 0.005409 -0.156134 -0.017455
v 0.000361 -0.157746 -0.022053
v 0.000000 -0.157746 -0.022204
v 0.005308 -0.157746 -0.017033
v 0.002034 -0.157746 -0.015591
v -0.000361 -0.157746 -0.022053
v -0.005308 -0.157746 -0.017033
v -0.002043 -0.157746 -0.015595
v -0.000327 -0.156134 -0.022611
v -0.005409 -0.156134 -0.017455
v -0.001019 -0.156134 -0.023634
v -0.000991 -0.159017 -0.022982
v -0.006175 -0.156134 -0.018403
v -0.007321 -0.156134 -0.017674
v -0.006005 -0.159017 -0.017895
v -0.007119 -0.159017 -0.017187
v -0.005308 -0.159858 -0.017033
v -0.006691 -0.159858 -0.016155
v -0.000361 -0.159858 -0.022053
v 0.000000 -0.159858 -0.022204
v -0.008291 -0.159858 -0.015798
v -0.015338 -0.159858 -0.015849
v -0.008408 -0.159017 -0.016900
v -0.008646 -0.156134 -0.017379
v -0.015550 -0.159017 -0.016952
v -0.016546 -0.159017 -0.016546
v -0.015991 -0.156134 -0.017432
v -0.017015 -0.156134 -0.017015
v -0.015758 -0.156134 -0.016220
v -0.016086 -0.156134 -0.016086
v -0.008517 -0.156134 -0.016167
v -0.015338 -0.157746 -0.015849
v -0.015701 -0.157746 -0.015701
v -0.008291 -0.157746 -0.015798
v -0.009531 -0.157746 -0.012524
v -0.015849 -0.157746 -0.015338
v -0.015798 -0.157746 -0.008291
v -0.012439 -0.157746 -0.009649
v -0.016220 -0.156134 -0.015758
v -0.016167 -0.156134 -0.008517
v -0.017432 -0.156134 -0.015991
v -0.016952 -0.159017 -0.015550
v -0.017379 -0.156134 -0.008646
v -0.017675 -0.156134 -0.007321
v -0.016900 -0.159017 -0.008408
v -0.017187 -0.159017 -0.007119
v -0.015798 -0.159858 -0.008291
v -0.016155 -0.159858 -0.006691
v -0.015849 -0.159858 -0.015338
v -0.015701 -0.159858 -0.015701
v -0.017033 -0.159858 -0.005308
v -0.022053 -0.159858 -0.000361
v -0.017896 -0.159017 -0.006005
v -0.018403 -0.156134 -0.006175
v -0.022982 -0.159017 -0.000991
v -0.023399 -0.159017 -0.000000
v -0.023634 -0.156134 -0.001019
v -0.024062 -0.156134 -0.000000
v -0.022611 -0.156134 -0.000327
v -0.022749 -0.156134 -0.000000
v -0.017455 -0.156134 -0.005409
v -0.022053 -0.157746 -0.000361
v -0.022205 -0.157746 -0.000000
v -0.017033 -0.157746 -0.005308
v -0.015600 -0.157746 -0.002161
v -0.022053 -0.157746 0.000361
v -0.017033 -0.157746 0.005308
v -0.015599 -0.157746 0.001940
v -0.022611 -0.156134 0.000327
v -0.017455 -0.156134 0.005409
v -0.023634 -0.156134 0.001019
v -0.022982 -0.159017 0.000991
v -0.018403 -0.156134 0.006175
v -0.017675 -0.156134 0.007321
v -0.017896 -0.159017 0.006005
v -0.017187 -0.159017 0.007119
v -0.017033 -0.159858 0.005308
v -0.016155 -0.159858 0.006691
v -0.022053 -0.159858 0.000361
v -0.022205 -0.159858 -0.000000
v -0.015798 -0.159858 0.008291
v -0.015849 -0.159858 0.015338
v -0.016900 -0.159017 0.008408
v -0.017379 -0.156134 0.008646
v -0.016952 -0.159017 0.015550
v -0.016546 -0.159017 0.016546
v -0.017432 -0.156134 0.015991
v -0.017015 -0.156134 0.017015
v -0.016220 -0.156134 0.015758
v -0.016086 -0.156134 0.016086
v -0.016167 -0.156134 0.008517
v -0.015849 -0.157746 0.015338
v -0.015701 -0.157746 0.015701
v -0.015798 -0.157746 0.008291
v -0.015338 -0.157746 0.015849
v -0.012495 -0.157746 0.009478
v -0.014530 -0.157746 0.005903
v -0.009608 -0.157746 0.012414
v -0.008291 -0.157746 0.015798
v -0.008517 -0.156134 0.016167
v -0.015758 -0.156134 0.016220
v -0.008646 -0.156134 0.017379
v -0.008408 -0.159017 0.016900
v -0.015991 -0.156134 0.017432
v -0.015550 -0.159017 0.016952
v -0.015338 -0.159858 0.015849
v -0.015701 -0.159858 0.015701
v -0.008291 -0.159858 0.015798
v -0.007119 -0.159017 0.017187
v -0.016155 -0.157746 0.006691
v -0.016539 -0.156134 0.006851
v -0.014511 -0.157746 -0.006116
v -0.016155 -0.157746 -0.006691
v -0.016539 -0.156134 -0.006851
v -0.005986 -0.157746 -0.014550
v -0.006691 -0.157746 -0.016155
v -0.006851 -0.156134 -0.016539
v 0.005973 -0.157746 -0.014539
v 0.009528 -0.157746 -0.012520
v 0.006691 -0.157746 -0.016154
v 0.008291 -0.157746 -0.015798
v 0.006851 -0.156134 -0.016539
v 0.008517 -0.156134 -0.016167
v 0.007321 -0.156134 -0.017674
v 0.015758 -0.156134 -0.016220
v 0.016086 -0.156134 -0.016086
v 0.015338 -0.157746 -0.015849
v 0.015701 -0.157746 -0.015701
v 0.015849 -0.157746 -0.015338
v 0.015798 -0.157746 -0.008291
v 0.012427 -0.157746 -0.009643
v 0.016220 -0.156134 -0.015758
v 0.016167 -0.156134 -0.008517
v 0.017432 -0.156134 -0.015991
v 0.017379 -0.156134 -0.008646
v 0.017675 -0.156134 -0.007321
v 0.016900 -0.159017 -0.008408
v 0.017187 -0.159017 -0.007119
v 0.017896 -0.159017 -0.006005
v 0.016155 -0.159858 -0.006691
v 0.017033 -0.159858 -0.005308
v 0.022053 -0.159858 -0.000361
v 0.022205 -0.159858 -0.000000
v 0.022982 -0.159017 -0.000991
v 0.023634 -0.156134 -0.001019
v 0.023399 -0.159017 -0.000000
v 0.024062 -0.156134 -0.000000
v 0.022982 -0.159017 0.000991
v 0.023634 -0.156134 0.001019
v 0.017896 -0.159017 0.006005
v 0.022053 -0.159858 0.000361
v 0.017033 -0.159858 0.005308
v 0.016155 -0.159858 0.006691
v 0.015798 -0.159858 0.008291
v 0.017187 -0.159017 0.007119
v 0.016900 -0.159017 0.008408
v 0.017675 -0.156134 0.007321
v 0.017379 -0.156134 0.008646
v 0.018403 -0.156134 0.006175
v 0.016539 -0.156134 0.006851
v 0.016167 -0.156134 0.008517
v 0.017455 -0.156134 0.005409
v 0.016155 -0.157746 0.006691
v 0.015798 -0.157746 0.008291
v 0.017033 -0.157746 0.005308
v 0.014550 -0.157746 0.005910
v 0.012515 -0.157746 0.009490
v 0.015582 -0.157746 0.001929
v 0.015564 -0.157746 -0.002166
v 0.022053 -0.157746 0.000361
v 0.022205 -0.157746 -0.000000
v 0.022053 -0.157746 -0.000361
v 0.022611 -0.156134 0.000327
v 0.022749 -0.156134 -0.000000
v 0.022611 -0.156134 -0.000327
v 0.017455 -0.156134 -0.005409
v 0.016539 -0.156134 -0.006851
v 0.018403 -0.156134 -0.006175
v 0.017033 -0.157746 -0.005308
v 0.016155 -0.157746 -0.006691
v 0.014487 -0.157746 -0.006113
v 0.009601 -0.157746 0.012403
v 0.015849 -0.157746 0.015338
v 0.015701 -0.157746 0.015701
v 0.015338 -0.157746 0.015849
v 0.016220 -0.156134 0.015758
v 0.016086 -0.156134 0.016086
v 0.017432 -0.156134 0.015991
v 0.017015 -0.156134 0.017015
v 0.016952 -0.159017 0.015550
v 0.016546 -0.159017 0.016546
v 0.015849 -0.159858 0.015338
v 0.015701 -0.159858 0.015701
v 0.015338 -0.159858 0.015849
v 0.008291 -0.159858 0.015798
v 0.015550 -0.159017 0.016952
v 0.015991 -0.156134 0.017432
v 0.008408 -0.159017 0.016900
v 0.007119 -0.159017 0.017187
v 0.008646 -0.156134 0.017379
v 0.007321 -0.156134 0.017674
v 0.008517 -0.156134 0.016167
v 0.006851 -0.156134 0.016539
v 0.015758 -0.156134 0.016220
v 0.008291 -0.157746 0.015798
v 0.006691 -0.157746 0.016154
v 0.006175 -0.156134 0.018403
v 0.006005 -0.159017 0.017895
v 0.000991 -0.159017 0.022982
v 0.005308 -0.159858 0.017033
v 0.006691 -0.159858 0.016154
v 0.000361 -0.159858 0.022053
v -0.004642 -0.160465 -0.005422
v -0.002586 -0.160465 -0.004435
v -0.002368 -0.160465 -0.005596
v -0.002760 -0.160465 -0.006709
v -0.003655 -0.160465 -0.007478
v -0.004815 -0.160465 -0.007695
v -0.005929 -0.160465 -0.007304
v -0.006697 -0.160465 -0.006408
v -0.006915 -0.160465 -0.005248
v -0.006524 -0.160465 -0.004135
v -0.005628 -0.160465 -0.003366
v -0.004468 -0.160465 -0.003148
v -0.003354 -0.160465 -0.003540
v -0.003157 -0.160465 -0.003250
v -0.004441 -0.160465 -0.002799
v -0.003157 -0.159725 -0.003250
v -0.002270 -0.160465 -0.004284
v -0.002019 -0.160465 -0.005622
v -0.002270 -0.159725 -0.004284
v -0.002019 -0.159725 -0.005622
v -0.002586 -0.159725 -0.004435
v -0.002368 -0.159725 -0.005596
v -0.003354 -0.159725 -0.003540
v -0.004468 -0.159725 -0.003148
v -0.005628 -0.159725 -0.003366
v -0.004441 -0.159725 -0.002799
v -0.005779 -0.159725 -0.003050
v -0.006813 -0.159725 -0.003937
v -0.005779 -0.160465 -0.003050
v -0.006813 -0.160465 -0.003937
v -0.007265 -0.160465 -0.005221
v -0.007013 -0.160465 -0.006560
v -0.007265 -0.159725 -0.005221
v -0.007013 -0.159725 -0.006560
v -0.006915 -0.159725 -0.005248
v -0.006697 -0.159725 -0.006408
v -0.006524 -0.159725 -0.004135
v -0.005929 -0.159725 -0.007304
v -0.004815 -0.159725 -0.007695
v -0.006127 -0.159725 -0.007593
v -0.004842 -0.159725 -0.008045
v -0.006127 -0.160465 -0.007593
v -0.004842 -0.160465 -0.008045
v -0.003504 -0.160465 -0.007793
v -0.002470 -0.160465 -0.006907
v -0.003504 -0.159725 -0.007793
v -0.002470 -0.159725 -0.006907
v -0.003655 -0.159725 -0.007478
v -0.002760 -0.159725 -0.006709
v 0.006265 -0.160465 0.007070
v 0.007552 -0.160465 0.008952
v 0.008321 -0.160465 0.008056
v 0.006439 -0.160465 0.009343
v 0.005279 -0.160465 0.009125
v 0.004383 -0.160465 0.008357
v 0.003991 -0.160465 0.007243
v 0.004209 -0.160465 0.006083
v 0.004978 -0.160465 0.005188
v 0.006091 -0.160465 0.004796
v 0.007251 -0.160465 0.005014
v 0.008147 -0.160465 0.005782
v 0.008539 -0.160465 0.006896
v 0.008888 -0.160465 0.006869
v 0.008637 -0.160465 0.008207
v 0.008888 -0.159725 0.006869
v 0.008436 -0.160465 0.005585
v 0.008436 -0.159725 0.005585
v 0.007403 -0.160465 0.004698
v 0.007403 -0.159725 0.004698
v 0.006065 -0.160465 0.004447
v 0.006065 -0.159725 0.004447
v 0.004780 -0.160465 0.004898
v 0.004780 -0.159725 0.004898
v 0.003893 -0.160465 0.005932
v 0.003893 -0.159725 0.005932
v 0.003642 -0.160465 0.007270
v 0.003642 -0.159725 0.007270
v 0.004094 -0.160465 0.008555
v 0.004094 -0.159725 0.008555
v 0.005127 -0.160465 0.009441
v 0.005127 -0.159725 0.009441
v 0.006465 -0.160465 0.009692
v 0.006465 -0.159725 0.009692
v 0.007750 -0.160465 0.009241
v 0.007750 -0.159725 0.009241
v 0.008637 -0.159725 0.008207
v 0.007552 -0.159725 0.008952
v 0.006439 -0.159725 0.009343
v 0.008321 -0.159725 0.008056
v 0.008539 -0.159725 0.006896
v 0.008147 -0.159725 0.005782
v 0.007251 -0.159725 0.005014
v 0.006091 -0.159725 0.004796
v 0.004978 -0.159725 0.005188
v 0.004209 -0.159725 0.006083
v 0.003991 -0.159725 0.007243
v 0.004383 -0.159725 0.008357
v 0.005279 -0.159725 0.009125
v -0.032828 0.142946 -0.023555
v -0.033195 0.137273 -0.023912
v -0.032873 0.144065 -0.023606
v -0.034400 0.142889 -0.024187
v -0.028130 0.142949 -0.028145
v -0.028180 0.144075 -0.028195
v -0.023540 0.142946 -0.032843
v -0.028488 0.137278 -0.028503
v -0.024039 0.135125 -0.033405
v -0.024772 0.134208 -0.032663
v -0.033390 0.135125 -0.024054
v -0.023897 0.137273 -0.033210
v -0.032647 0.134204 -0.024789
v -0.028754 0.132150 -0.028768
v -0.030887 0.132690 -0.026610
v -0.026596 0.132690 -0.030899
v -0.027492 0.132634 -0.032116
v -0.029800 0.132098 -0.029814
v -0.025537 0.134146 -0.034053
v -0.028686 0.132913 -0.032967
v -0.026925 0.134437 -0.034783
v -0.030809 0.132377 -0.030824
v -0.030792 0.137641 -0.030807
v -0.030447 0.142830 -0.030462
v -0.034766 0.134434 -0.026941
v -0.026198 0.135374 -0.035513
v -0.035498 0.135374 -0.026214
v -0.032953 0.132913 -0.028699
v -0.026097 0.137646 -0.035396
v -0.035380 0.137646 -0.026112
v -0.034752 0.137459 -0.024545
v -0.035038 0.142832 -0.025760
v -0.035071 0.143657 -0.025787
v -0.034438 0.143860 -0.024224
v -0.035182 0.144470 -0.025890
v -0.030478 0.143647 -0.030493
v -0.030585 0.144444 -0.030600
v -0.025772 0.143657 -0.035086
v -0.025744 0.142832 -0.035053
v -0.025875 0.144470 -0.035197
v -0.024209 0.143860 -0.034453
v -0.023590 0.144065 -0.032889
v -0.024364 0.144970 -0.034607
v -0.024172 0.142889 -0.034415
v -0.024529 0.137459 -0.034767
v -0.024697 0.135191 -0.034869
v -0.023798 0.145468 -0.033091
v -0.029718 0.159619 -0.039964
v -0.029194 0.160305 -0.038503
v -0.030482 0.162118 -0.040728
v -0.031181 0.158933 -0.040484
v -0.032018 0.161702 -0.041313
v -0.035874 0.158899 -0.035889
v -0.036708 0.161683 -0.036723
v -0.040469 0.158933 -0.031196
v -0.039949 0.159619 -0.029733
v -0.041298 0.161702 -0.032033
v -0.040713 0.162118 -0.030497
v -0.041567 0.163932 -0.032297
v -0.042643 0.199431 -0.033373
v -0.040944 0.164102 -0.030728
v -0.036977 0.163924 -0.036993
v -0.038054 0.199433 -0.038069
v -0.032282 0.163932 -0.041582
v -0.033358 0.199431 -0.042658
v -0.030713 0.164102 -0.040959
v -0.030081 0.164272 -0.039393
v -0.031782 0.199442 -0.042028
v -0.031144 0.199455 -0.040453
v -0.031646 0.203048 -0.041892
v -0.030881 0.206313 -0.041125
v -0.031039 0.202757 -0.040351
v -0.033190 0.203348 -0.042485
v -0.032306 0.207040 -0.041596
v -0.037881 0.203357 -0.037896
v -0.036986 0.207078 -0.037001
v -0.042470 0.203348 -0.033205
v -0.041877 0.203048 -0.031661
v -0.041581 0.207040 -0.032321
v -0.041110 0.206313 -0.030896
v -0.039625 0.209933 -0.030364
v -0.039436 0.208739 -0.029222
v -0.037092 0.211685 -0.027829
v -0.035017 0.209991 -0.035032
v -0.032468 0.211755 -0.032483
v -0.030349 0.209933 -0.039640
v -0.029207 0.208739 -0.039451
v -0.027814 0.211685 -0.037107
v -0.027035 0.210213 -0.037278
v -0.025002 0.212121 -0.034300
v -0.024631 0.210570 -0.034874
v -0.022546 0.211297 -0.031845
v -0.029640 0.212196 -0.029655
v -0.027168 0.211367 -0.027183
v -0.034284 0.212121 -0.025017
v -0.034859 0.210570 -0.024646
v -0.031830 0.211297 -0.022561
v -0.032719 0.209854 -0.022507
v -0.029430 0.209133 -0.020168
v -0.030716 0.208088 -0.020510
v -0.028140 0.205534 -0.018878
v -0.024754 0.209181 -0.024769
v -0.023451 0.205549 -0.023467
v -0.020153 0.209133 -0.029445
v -0.020495 0.208088 -0.030731
v -0.018863 0.205534 -0.028156
v -0.018577 0.201405 -0.027878
v -0.019454 0.205143 -0.029694
v -0.020987 0.204756 -0.030307
v -0.019208 0.201334 -0.029451
v -0.020779 0.201264 -0.030089
v -0.019146 0.125378 -0.029299
v -0.020618 0.125429 -0.029953
v -0.018492 0.125436 -0.027826
v -0.020494 0.124059 -0.027950
v -0.022203 0.123023 -0.026240
v -0.019704 0.124243 -0.026613
v -0.021831 0.124236 -0.028741
v -0.025278 0.125429 -0.025293
v -0.023384 0.123190 -0.027139
v -0.025247 0.122823 -0.025262
v -0.024214 0.122659 -0.024229
v -0.027125 0.123190 -0.023398
v -0.026228 0.123024 -0.022215
v -0.028723 0.124233 -0.021846
v -0.029938 0.125429 -0.020633
v -0.027933 0.124057 -0.020511
v -0.026597 0.124240 -0.019722
v -0.029284 0.125378 -0.019161
v -0.029436 0.201334 -0.019223
v -0.027811 0.125436 -0.018507
v -0.027862 0.201405 -0.018593
v -0.023151 0.125436 -0.023167
v -0.023167 0.201409 -0.023182
v -0.023183 0.122830 -0.023197
v -0.025046 0.123197 -0.021319
v -0.021305 0.123197 -0.025059
v -0.029679 0.205143 -0.019469
v -0.030074 0.201264 -0.020794
v -0.030292 0.204756 -0.021002
v -0.025483 0.201261 -0.025498
v -0.025697 0.204738 -0.025712
v -0.026470 0.206977 -0.026485
v -0.028043 0.208331 -0.028058
v -0.021771 0.207034 -0.031095
v -0.031080 0.207034 -0.021786
v -0.032671 0.208405 -0.023390
v -0.034497 0.209012 -0.025214
v -0.036495 0.208733 -0.027215
v -0.029852 0.208931 -0.029867
v -0.031833 0.208656 -0.031848
v -0.025198 0.209012 -0.034512
v -0.027200 0.208733 -0.036510
v -0.023374 0.208405 -0.032686
v -0.022492 0.209854 -0.032735
v -0.029013 0.207535 -0.038319
v -0.030393 0.205576 -0.039707
v -0.033627 0.207471 -0.033642
v -0.034994 0.205534 -0.035009
v -0.038304 0.207535 -0.029028
v -0.039692 0.205576 -0.030408
v -0.040336 0.202757 -0.031054
v -0.040438 0.199455 -0.031160
v -0.035631 0.202747 -0.035646
v -0.035736 0.199455 -0.035751
v -0.034673 0.164280 -0.034688
v -0.034474 0.162560 -0.034489
v -0.039378 0.164272 -0.030096
v -0.039183 0.162537 -0.029894
v -0.038488 0.160305 -0.029209
v -0.033076 0.145468 -0.023813
v -0.033791 0.160340 -0.033806
v -0.028388 0.145491 -0.028403
v -0.034592 0.144970 -0.024379
v -0.029879 0.162537 -0.039198
v -0.042013 0.199442 -0.031797
v -0.037263 0.210213 -0.027050
v -0.034854 0.135191 -0.024712
v -0.034036 0.134144 -0.025554
v -0.032104 0.132635 -0.027503
v -0.008150 -0.142372 0.016889
v -0.008195 -0.141409 0.016978
v -0.007752 -0.141537 0.017175
v -0.007416 -0.141888 0.017295
v -0.007277 -0.142369 0.017307
v -0.007371 -0.142851 0.017207
v -0.007674 -0.143204 0.017022
v -0.008104 -0.143335 0.016801
v -0.008547 -0.143207 0.016604
v -0.008883 -0.142856 0.016483
v -0.009022 -0.142375 0.016471
v -0.008928 -0.141893 0.016571
v -0.008625 -0.141540 0.016757
v -0.008896 -0.141066 0.016681
v -0.009371 -0.141620 0.016390
v -0.008667 -0.141012 0.016204
v -0.008221 -0.140862 0.017028
v -0.007526 -0.141062 0.017337
v -0.007992 -0.140807 0.016551
v -0.007298 -0.141007 0.016860
v -0.007966 -0.141355 0.016500
v -0.007524 -0.141483 0.016697
v -0.008397 -0.141485 0.016279
v -0.008700 -0.141838 0.016094
v -0.008794 -0.142320 0.015994
v -0.009143 -0.141566 0.015913
v -0.009291 -0.142322 0.015756
v -0.009072 -0.143076 0.015775
v -0.009519 -0.142376 0.016233
v -0.009300 -0.143131 0.016252
v -0.008773 -0.143682 0.016441
v -0.008079 -0.143882 0.016750
v -0.008544 -0.143628 0.015964
v -0.007850 -0.143828 0.016273
v -0.008318 -0.143152 0.016126
v -0.007876 -0.143280 0.016324
v -0.008654 -0.142801 0.016006
v -0.007446 -0.143150 0.016544
v -0.007143 -0.142797 0.016730
v -0.007175 -0.143623 0.016620
v -0.006700 -0.143069 0.016911
v -0.007403 -0.143678 0.017097
v -0.006928 -0.143124 0.017388
v -0.006780 -0.142368 0.017545
v -0.006999 -0.141613 0.017526
v -0.006552 -0.142313 0.017068
v -0.006771 -0.141559 0.017049
v -0.007048 -0.142315 0.016830
v -0.007188 -0.141834 0.016818
v 0.015737 -0.142342 0.010185
v 0.015739 -0.141345 0.010181
v 0.016021 -0.141481 0.009778
v 0.016228 -0.141847 0.009484
v 0.016303 -0.142345 0.009377
v 0.016226 -0.142843 0.009487
v 0.016019 -0.143207 0.009784
v 0.015736 -0.143338 0.010188
v 0.015453 -0.143203 0.010591
v 0.015247 -0.142837 0.010886
v 0.015172 -0.142338 0.010992
v 0.015248 -0.141840 0.010882
v 0.015456 -0.141477 0.010585
v 0.015296 -0.140985 0.010813
v 0.014970 -0.141555 0.011279
v 0.014908 -0.140986 0.010456
v 0.015740 -0.140778 0.010179
v 0.016183 -0.140991 0.009547
v 0.015352 -0.140779 0.009822
v 0.015795 -0.140991 0.009190
v 0.015351 -0.141346 0.009824
v 0.015633 -0.141481 0.009421
v 0.015068 -0.141478 0.010228
v 0.014861 -0.141841 0.010525
v 0.014784 -0.142339 0.010635
v 0.014583 -0.141556 0.010922
v 0.014463 -0.142337 0.011095
v 0.014580 -0.143119 0.010928
v 0.014850 -0.142336 0.011451
v 0.014968 -0.143118 0.011284
v 0.015292 -0.143693 0.010823
v 0.015735 -0.143905 0.010190
v 0.014904 -0.143694 0.010466
v 0.015347 -0.143906 0.009834
v 0.015065 -0.143204 0.010235
v 0.015348 -0.143339 0.009832
v 0.014859 -0.142838 0.010529
v 0.015631 -0.143207 0.009427
v 0.015838 -0.142844 0.009131
v 0.015791 -0.143700 0.009200
v 0.016116 -0.143129 0.008734
v 0.016179 -0.143699 0.009556
v 0.016504 -0.143129 0.009091
v 0.016624 -0.142348 0.008918
v 0.016507 -0.141565 0.009085
v 0.016236 -0.142348 0.008561
v 0.016119 -0.141566 0.008728
v 0.015915 -0.142346 0.009021
v 0.015840 -0.141848 0.009127
v 0.008021 -0.142323 -0.016810
v 0.008078 -0.141286 -0.016906
v 0.007592 -0.141418 -0.017101
v 0.007220 -0.141792 -0.017218
v 0.007064 -0.142309 -0.017226
v 0.007163 -0.142829 -0.017122
v 0.007492 -0.143215 -0.016935
v 0.007963 -0.143361 -0.016715
v 0.008449 -0.143229 -0.016520
v 0.008821 -0.142855 -0.016403
v 0.008978 -0.142338 -0.016395
v 0.008878 -0.141817 -0.016498
v 0.008549 -0.141432 -0.016685
v 0.008849 -0.140925 -0.016614
v 0.009366 -0.141530 -0.016321
v 0.008676 -0.140879 -0.016212
v 0.008111 -0.140696 -0.016960
v 0.007348 -0.140902 -0.017266
v 0.007937 -0.140649 -0.016558
v 0.007174 -0.140855 -0.016864
v 0.007904 -0.141239 -0.016504
v 0.007418 -0.141371 -0.016699
v 0.008375 -0.141386 -0.016283
v 0.008704 -0.141771 -0.016096
v 0.008804 -0.142292 -0.015993
v 0.009192 -0.141483 -0.015919
v 0.009348 -0.142300 -0.015756
v 0.009102 -0.143111 -0.015769
v 0.009522 -0.142347 -0.016158
v 0.009276 -0.143157 -0.016171
v 0.008693 -0.143745 -0.016355
v 0.007930 -0.143951 -0.016661
v 0.008519 -0.143698 -0.015953
v 0.007757 -0.143905 -0.016258
v 0.008276 -0.143183 -0.016118
v 0.007789 -0.143314 -0.016313
v 0.008647 -0.142808 -0.016001
v 0.007318 -0.143168 -0.016533
v 0.006989 -0.142783 -0.016720
v 0.007018 -0.143675 -0.016604
v 0.006501 -0.143071 -0.016898
v 0.007192 -0.143722 -0.017007
v 0.006675 -0.143117 -0.017300
v 0.006519 -0.142300 -0.017462
v 0.006765 -0.141489 -0.017450
v 0.006345 -0.142254 -0.017060
v 0.006591 -0.141443 -0.017048
v 0.006890 -0.142262 -0.016824
v 0.007047 -0.141745 -0.016816
v -0.017894 -0.142342 -0.005986
v -0.017684 -0.141503 -0.006423
v -0.017894 -0.141374 -0.005986
v -0.017531 -0.141858 -0.006743
v -0.017475 -0.142342 -0.006859
v -0.017531 -0.142826 -0.006743
v -0.017684 -0.143181 -0.006423
v -0.017894 -0.143311 -0.005986
v -0.018103 -0.143181 -0.005550
v -0.018257 -0.142826 -0.005230
v -0.018313 -0.142342 -0.005113
v -0.018257 -0.141858 -0.005230
v -0.018103 -0.141503 -0.005550
v -0.018222 -0.141026 -0.005301
v -0.017894 -0.140823 -0.005986
v -0.017703 -0.141026 -0.005052
v -0.018463 -0.141582 -0.004800
v -0.017944 -0.141582 -0.004551
v -0.018551 -0.142342 -0.004616
v -0.018032 -0.142342 -0.004368
v -0.018463 -0.143102 -0.004800
v -0.017944 -0.143102 -0.004551
v -0.018222 -0.143658 -0.005301
v -0.017703 -0.143658 -0.005052
v -0.017894 -0.143862 -0.005986
v -0.017375 -0.143862 -0.005737
v -0.017565 -0.143658 -0.006671
v -0.017046 -0.143658 -0.006422
v -0.017325 -0.143102 -0.007173
v -0.016806 -0.143102 -0.006924
v -0.017237 -0.142342 -0.007356
v -0.016718 -0.142342 -0.007107
v -0.017325 -0.141582 -0.007173
v -0.016806 -0.141582 -0.006924
v -0.017565 -0.141026 -0.006671
v -0.017046 -0.141026 -0.006422
v -0.017375 -0.140823 -0.005737
v -0.017165 -0.141503 -0.006174
v -0.017012 -0.141858 -0.006494
v -0.017375 -0.141374 -0.005737
v -0.017584 -0.141503 -0.005301
v -0.017738 -0.141858 -0.004981
v -0.017794 -0.142342 -0.004864
v -0.017738 -0.142826 -0.004981
v -0.017584 -0.143181 -0.005301
v -0.017375 -0.143311 -0.005737
v -0.017165 -0.143181 -0.006174
v -0.017012 -0.142826 -0.006494
v -0.016956 -0.142342 -0.006611
v 0.000000 -0.145983 -0.018656
v 0.000000 -0.145905 -0.017394
v 0.000000 -0.146426 -0.019034
v 0.004828 -0.145983 -0.018020
v -0.004828 -0.145983 -0.018020
v -0.009328 -0.145983 -0.016156
v -0.004502 -0.145905 -0.016802
v -0.004926 -0.146426 -0.018386
v -0.009517 -0.146426 -0.016484
v -0.004942 -0.146830 -0.018443
v -0.009547 -0.146830 -0.016536
v 0.000000 -0.146830 -0.019094
v -0.004944 -0.148182 -0.018453
v -0.009552 -0.148182 -0.016544
v 0.000000 -0.148182 -0.019104
v -0.004990 -0.148619 -0.018622
v -0.009639 -0.148619 -0.016696
v 0.000000 -0.148619 -0.019279
v -0.004939 -0.149048 -0.018434
v -0.009542 -0.149048 -0.016527
v 0.000000 -0.149048 -0.019084
v -0.004944 -0.150954 -0.018453
v -0.009552 -0.150954 -0.016544
v 0.000000 -0.150954 -0.019104
v -0.004990 -0.151391 -0.018622
v -0.009639 -0.151391 -0.016696
v 0.000000 -0.151391 -0.019279
v -0.004939 -0.151820 -0.018434
v -0.009542 -0.151820 -0.016527
v 0.000000 -0.151820 -0.019084
v -0.004948 -0.153750 -0.018467
v -0.009559 -0.153750 -0.016557
v 0.000000 -0.153750 -0.019119
v -0.005010 -0.154229 -0.018696
v -0.009678 -0.154229 -0.016763
v 0.000000 -0.154229 -0.019356
v -0.004941 -0.154655 -0.018442
v -0.009546 -0.154655 -0.016534
v 0.000000 -0.154655 -0.019092
v -0.004901 -0.156882 -0.018291
v -0.009468 -0.156882 -0.016399
v 0.000000 -0.156882 -0.018936
v -0.004862 -0.157494 -0.018145
v -0.009393 -0.157494 -0.016269
v 0.000000 -0.157494 -0.018785
v -0.004742 -0.157982 -0.017698
v -0.009161 -0.157982 -0.015867
v 0.000000 -0.157982 -0.018322
v -0.004537 -0.158113 -0.016932
v -0.008765 -0.158113 -0.015181
v 0.000000 -0.158113 -0.017530
v -0.004276 -0.158113 -0.015959
v -0.008261 -0.158113 -0.014308
v 0.000000 -0.158113 -0.016522
v 0.004276 -0.158113 -0.015959
v 0.008261 -0.158113 -0.014308
v 0.004537 -0.158113 -0.016932
v 0.008765 -0.158113 -0.015181
v 0.004742 -0.157982 -0.017698
v 0.009161 -0.157982 -0.015867
v 0.004862 -0.157494 -0.018145
v 0.009393 -0.157494 -0.016269
v 0.004901 -0.156882 -0.018291
v 0.009468 -0.156882 -0.016399
v 0.004941 -0.154655 -0.018442
v 0.009546 -0.154655 -0.016534
v 0.005010 -0.154229 -0.018696
v 0.009678 -0.154229 -0.016763
v 0.004948 -0.153750 -0.018467
v 0.009559 -0.153750 -0.016557
v 0.004939 -0.151820 -0.018434
v 0.009542 -0.151820 -0.016527
v 0.004990 -0.151391 -0.018622
v 0.009639 -0.151391 -0.016696
v 0.004944 -0.150954 -0.018453
v 0.009552 -0.150954 -0.016544
v 0.004939 -0.149048 -0.018434
v 0.009542 -0.149048 -0.016527
v 0.004990 -0.148619 -0.018622
v 0.009639 -0.148619 -0.016696
v 0.004944 -0.148182 -0.018453
v 0.009552 -0.148182 -0.016544
v 0.004942 -0.146830 -0.018443
v 0.009547 -0.146830 -0.016536
v 0.004927 -0.146426 -0.018386
v 0.009517 -0.146426 -0.016484
v 0.013459 -0.146426 -0.013459
v 0.009328 -0.145983 -0.016156
v 0.013192 -0.145983 -0.013191
v 0.008697 -0.145905 -0.015064
v 0.004502 -0.145905 -0.016802
v 0.012300 -0.145905 -0.012300
v 0.015064 -0.145905 -0.008697
v 0.016156 -0.145983 -0.009328
v 0.016802 -0.145905 -0.004502
v 0.018020 -0.145983 -0.004828
v 0.017394 -0.145905 0.000000
v 0.018656 -0.145983 0.000000
v 0.016802 -0.145905 0.004502
v 0.018020 -0.145983 0.004828
v 0.015064 -0.145905 0.008697
v 0.016156 -0.145983 0.009328
v 0.012300 -0.145905 0.012300
v 0.013191 -0.145983 0.013191
v 0.008697 -0.145905 0.015064
v 0.009328 -0.145983 0.016156
v 0.004502 -0.145905 0.016802
v 0.004828 -0.145983 0.018020
v -0.000000 -0.145905 0.017394
v -0.000000 -0.145983 0.018656
v -0.004502 -0.145905 0.016802
v -0.004828 -0.145983 0.018020
v -0.008697 -0.145905 0.015064
v -0.009328 -0.145983 0.016156
v -0.012300 -0.145905 0.012300
v -0.013191 -0.145983 0.013191
v -0.015064 -0.145905 0.008697
v -0.016156 -0.145983 0.009328
v -0.016802 -0.145905 0.004502
v -0.018020 -0.145983 0.004828
v -0.017394 -0.145905 -0.000000
v -0.018656 -0.145983 -0.000000
v -0.016802 -0.145905 -0.004502
v -0.018020 -0.145983 -0.004828
v -0.015064 -0.145905 -0.008697
v -0.016156 -0.145983 -0.009328
v -0.012300 -0.145905 -0.012300
v -0.013191 -0.145983 -0.013191
v -0.008697 -0.145905 -0.015064
v -0.013459 -0.146426 -0.013459
v -0.016484 -0.146426 -0.009517
v -0.013501 -0.146830 -0.013501
v -0.016536 -0.146830 -0.009547
v -0.013508 -0.148182 -0.013508
v -0.016544 -0.148182 -0.009552
v -0.013632 -0.148619 -0.013632
v -0.016696 -0.148619 -0.009639
v -0.013494 -0.149048 -0.013494
v -0.016527 -0.149048 -0.009542
v -0.013508 -0.150954 -0.013508
v -0.016544 -0.150954 -0.009552
v -0.013632 -0.151391 -0.013632
v -0.016696 -0.151391 -0.009639
v -0.013494 -0.151820 -0.013494
v -0.016527 -0.151820 -0.009542
v -0.013519 -0.153750 -0.013519
v -0.016557 -0.153750 -0.009559
v -0.013687 -0.154229 -0.013687
v -0.016763 -0.154229 -0.009678
v -0.013500 -0.154655 -0.013500
v -0.016534 -0.154655 -0.009546
v -0.013390 -0.156882 -0.013390
v -0.016399 -0.156882 -0.009468
v -0.013283 -0.157494 -0.013283
v -0.016269 -0.157494 -0.009393
v -0.012956 -0.157982 -0.012956
v -0.015867 -0.157982 -0.009161
v -0.012395 -0.158113 -0.012395
v -0.015181 -0.158113 -0.008765
v -0.011683 -0.158113 -0.011683
v -0.014308 -0.158113 -0.008261
v -0.015959 -0.158113 -0.004276
v -0.016522 -0.158113 -0.000000
v -0.016932 -0.158113 -0.004537
v -0.017530 -0.158113 -0.000000
v -0.017698 -0.157982 -0.004742
v -0.018322 -0.157982 -0.000000
v -0.018145 -0.157494 -0.004862
v -0.018785 -0.157494 -0.000000
v -0.018291 -0.156882 -0.004901
v -0.018936 -0.156882 -0.000000
v -0.018442 -0.154655 -0.004941
v -0.019092 -0.154655 -0.000000
v -0.018696 -0.154229 -0.005010
v -0.019356 -0.154229 -0.000000
v -0.018467 -0.153750 -0.004948
v -0.019119 -0.153750 -0.000000
v -0.018434 -0.151820 -0.004939
v -0.019084 -0.151820 -0.000000
v -0.018622 -0.151391 -0.004990
v -0.019279 -0.151391 -0.000000
v -0.018453 -0.150954 -0.004944
v -0.019104 -0.150954 -0.000000
v -0.018434 -0.149048 -0.004939
v -0.019084 -0.149048 -0.000000
v -0.018622 -0.148619 -0.004990
v -0.019279 -0.148619 -0.000000
v -0.018453 -0.148182 -0.004944
v -0.019104 -0.148182 -0.000000
v -0.018443 -0.146830 -0.004942
v -0.019094 -0.146830 -0.000000
v -0.018386 -0.146426 -0.004926
v -0.019034 -0.146426 -0.000000
v -0.018386 -0.146426 0.004926
v -0.016484 -0.146426 0.009517
v -0.018443 -0.146830 0.004942
v -0.016536 -0.146830 0.009547
v -0.018453 -0.148182 0.004944
v -0.016544 -0.148182 0.009552
v -0.018622 -0.148619 0.004990
v -0.016696 -0.148619 0.009639
v -0.018434 -0.149048 0.004939
v -0.016527 -0.149048 0.009542
v -0.018453 -0.150954 0.004944
v -0.016544 -0.150954 0.009552
v -0.018622 -0.151391 0.004990
v -0.016696 -0.151391 0.009639
v -0.018434 -0.151820 0.004939
v -0.016527 -0.151820 0.009542
v -0.018467 -0.153750 0.004948
v -0.016557 -0.153750 0.009559
v -0.018696 -0.154229 0.005010
v -0.016763 -0.154229 0.009678
v -0.018442 -0.154655 0.004941
v -0.016534 -0.154655 0.009546
v -0.018291 -0.156882 0.004901
v -0.016399 -0.156882 0.009468
v -0.018145 -0.157494 0.004862
v -0.016269 -0.157494 0.009393
v -0.017698 -0.157982 0.004742
v -0.015868 -0.157982 0.009161
v -0.016932 -0.158113 0.004537
v -0.015181 -0.158113 0.008765
v -0.015959 -0.158113 0.004276
v -0.014308 -0.158113 0.008261
v -0.011683 -0.158113 0.011683
v -0.008261 -0.158113 0.014308
v -0.012395 -0.158113 0.012395
v -0.008765 -0.158113 0.015181
v -0.012956 -0.157982 0.012956
v -0.009161 -0.157982 0.015867
v -0.013283 -0.157494 0.013283
v -0.009393 -0.157494 0.016269
v -0.013390 -0.156882 0.013390
v -0.009468 -0.156882 0.016399
v -0.013500 -0.154655 0.013500
v -0.009546 -0.154655 0.016534
v -0.013687 -0.154229 0.013687
v -0.009678 -0.154229 0.016763
v -0.013519 -0.153750 0.013519
v -0.009559 -0.153750 0.016557
v -0.013494 -0.151820 0.013494
v -0.009542 -0.151820 0.016527
v -0.013632 -0.151391 0.013632
v -0.009639 -0.151391 0.016696
v -0.013508 -0.150954 0.013508
v -0.009552 -0.150954 0.016544
v -0.013494 -0.149048 0.013494
v -0.009542 -0.149048 0.016527
v -0.013632 -0.148619 0.013632
v -0.009639 -0.148619 0.016696
v -0.013508 -0.148182 0.013508
v -0.009552 -0.148182 0.016544
v -0.013501 -0.146830 0.013501
v -0.009547 -0.146830 0.016536
v -0.013459 -0.146426 0.013459
v -0.009517 -0.146426 0.016484
v -0.004926 -0.146426 0.018386
v -0.000000 -0.146426 0.019034
v -0.004942 -0.146830 0.018443
v -0.000000 -0.146830 0.019094
v -0.004944 -0.148182 0.018453
v -0.000000 -0.148182 0.019104
v -0.004990 -0.148619 0.018622
v -0.000000 -0.148619 0.019279
v -0.004939 -0.149048 0.018434
v -0.000000 -0.149048 0.019084
v -0.004944 -0.150954 0.018453
v -0.000000 -0.150954 0.019104
v -0.004990 -0.151391 0.018622
v -0.000000 -0.151391 0.019279
v -0.004939 -0.151820 0.018434
v -0.000000 -0.151820 0.019084
v -0.004948 -0.153750 0.018467
v -0.000000 -0.153750 0.019119
v -0.005010 -0.154229 0.018696
v -0.000000 -0.154229 0.019356
v -0.004941 -0.154655 0.018442
v -0.000000 -0.154655 0.019092
v -0.004901 -0.156882 0.018291
v -0.000000 -0.156882 0.018936
v -0.004862 -0.157494 0.018145
v -0.000000 -0.157494 0.018785
v -0.004742 -0.157982 0.017698
v -0.000000 -0.157982 0.018322
v -0.004537 -0.158113 0.016932
v -0.000000 -0.158113 0.017530
v -0.004276 -0.158113 0.015959
v -0.000000 -0.158113 0.016522
v 0.004276 -0.158113 0.015959
v 0.008261 -0.158113 0.014308
v 0.004537 -0.158113 0.016932
v 0.008765 -0.158113 0.015181
v 0.004742 -0.157982 0.017698
v 0.009161 -0.157982 0.015867
v 0.004862 -0.157494 0.018145
v 0.009393 -0.157494 0.016269
v 0.004901 -0.156882 0.018291
v 0.009468 -0.156882 0.016399
v 0.004941 -0.154655 0.018442
v 0.009546 -0.154655 0.016534
v 0.005010 -0.154229 0.018696
v 0.009678 -0.154229 0.016763
v 0.004948 -0.153750 0.018467
v 0.009559 -0.153750 0.016557
v 0.004939 -0.151820 0.018434
v 0.009542 -0.151820 0.016527
v 0.004990 -0.151391 0.018622
v 0.009639 -0.151391 0.016696
v 0.004944 -0.150954 0.018453
v 0.009552 -0.150954 0.016544
v 0.004939 -0.149048 0.018434
v 0.009542 -0.149048 0.016527
v 0.004990 -0.148619 0.018622
v 0.009639 -0.148619 0.016696
v 0.004944 -0.148182 0.018453
v 0.009552 -0.148182 0.016544
v 0.004942 -0.146830 0.018443
v 0.009547 -0.146830 0.016536
v 0.004926 -0.146426 0.018386
v 0.009517 -0.146426 0.016484
v 0.013459 -0.146426 0.013459
v 0.016484 -0.146426 0.009517
v 0.013501 -0.146830 0.013501
v 0.016536 -0.146830 0.009547
v 0.013508 -0.148182 0.013508
v 0.016544 -0.148182 0.009552
v 0.013632 -0.148619 0.013632
v 0.016696 -0.148619 0.009639
v 0.013494 -0.149048 0.013494
v 0.016527 -0.149048 0.009542
v 0.013508 -0.150954 0.013508
v 0.016544 -0.150954 0.009552
v 0.013632 -0.151391 0.013632
v 0.016696 -0.151391 0.009639
v 0.013494 -0.151820 0.013494
v 0.016527 -0.151820 0.009542
v 0.013519 -0.153750 0.013519
v 0.016557 -0.153750 0.009559
v 0.013687 -0.154229 0.013687
v 0.016763 -0.154229 0.009678
v 0.013500 -0.154655 0.013500
v 0.016534 -0.154655 0.009546
v 0.013390 -0.156882 0.013390
v 0.016399 -0.156882 0.009468
v 0.013283 -0.157494 0.013283
v 0.016269 -0.157494 0.009393
v 0.012956 -0.157982 0.012956
v 0.015868 -0.157982 0.009161
v 0.012395 -0.158113 0.012395
v 0.015181 -0.158113 0.008765
v 0.011683 -0.158113 0.011683
v 0.014308 -0.158113 0.008261
v 0.015959 -0.158113 0.004276
v 0.016522 -0.158113 0.000000
v 0.016932 -0.158113 0.004537
v 0.017530 -0.158113 0.000000
v 0.017698 -0.157982 0.004742
v 0.018322 -0.157982 0.000000
v 0.018145 -0.157494 0.004862
v 0.018785 -0.157494 0.000000
v 0.018291 -0.156882 0.004901
v 0.018936 -0.156882 0.000000
v 0.018442 -0.154655 0.004941
v 0.019092 -0.154655 0.000000
v 0.018696 -0.154229 0.005010
v 0.019356 -0.154229 0.000000
v 0.018467 -0.153750 0.004948
v 0.019119 -0.153750 0.000000
v 0.018434 -0.151820 0.004939
v 0.019084 -0.151820 0.000000
v 0.018622 -0.151391 0.004990
v 0.019279 -0.151391 0.000000
v 0.018453 -0.150954 0.004944
v 0.019104 -0.150954 0.000000
v 0.018434 -0.149048 0.004939
v 0.019084 -0.149048 0.000000
v 0.018622 -0.148619 0.004990
v 0.019279 -0.148619 0.000000
v 0.018453 -0.148182 0.004944
v 0.019104 -0.148182 0.000000
v 0.018443 -0.146830 0.004942
v 0.019094 -0.146830 0.000000
v 0.018386 -0.146426 0.004926
v 0.019034 -0.146426 0.000000
v 0.018386 -0.146426 -0.004926
v 0.016484 -0.146426 -0.009517
v 0.018443 -0.146830 -0.004942
v 0.016536 -0.146830 -0.009547
v 0.018453 -0.148182 -0.004944
v 0.016544 -0.148182 -0.009552
v 0.018622 -0.148619 -0.004990
v 0.016696 -0.148619 -0.009639
v 0.018434 -0.149048 -0.004939
v 0.016527 -0.149048 -0.009542
v 0.018453 -0.150954 -0.004944
v 0.016544 -0.150954 -0.009552
v 0.018622 -0.151391 -0.004990
v 0.016696 -0.151391 -0.009639
v 0.018434 -0.151820 -0.004939
v 0.016527 -0.151820 -0.009542
v 0.018467 -0.153750 -0.004948
v 0.016557 -0.153750 -0.009559
v 0.018696 -0.154229 -0.005010
v 0.016763 -0.154229 -0.009678
v 0.018442 -0.154655 -0.004941
v 0.016534 -0.154655 -0.009546
v 0.018291 -0.156882 -0.004901
v 0.016399 -0.156882 -0.009468
v 0.018145 -0.157494 -0.004862
v 0.016269 -0.157494 -0.009393
v 0.017698 -0.157982 -0.004742
v 0.015868 -0.157982 -0.009161
v 0.016932 -0.158113 -0.004537
v 0.015181 -0.158113 -0.008765
v 0.015959 -0.158113 -0.004276
v 0.014308 -0.158113 -0.008261
v 0.011683 -0.158113 -0.011683
v 0.012395 -0.158113 -0.012395
v 0.012956 -0.157982 -0.012956
v 0.013283 -0.157494 -0.013283
v 0.013390 -0.156882 -0.013390
v 0.013500 -0.154655 -0.013500
v 0.013687 -0.154229 -0.013687
v 0.013519 -0.153750 -0.013519
v 0.013494 -0.151820 -0.013494
v 0.013632 -0.151391 -0.013632
v 0.013508 -0.150954 -0.013508
v 0.013494 -0.149048 -0.013494
v 0.013632 -0.148619 -0.013632
v 0.013508 -0.148182 -0.013508
v 0.013501 -0.146830 -0.013501
v -0.000000 -0.139612 0.018217
v -0.000000 -0.137058 0.018748
v 0.006971 -0.139612 0.016830
v -0.006971 -0.139612 0.016830
v -0.012881 -0.139612 0.012881
v -0.007175 -0.137058 0.017321
v -0.013257 -0.137058 0.013257
v -0.007029 -0.125753 0.016969
v -0.012988 -0.125753 0.012988
v 0.000000 -0.125753 0.018367
v -0.006909 -0.118391 0.016679
v -0.012766 -0.118391 0.012766
v 0.000000 -0.118391 0.018054
v -0.006119 -0.106521 0.014773
v -0.011307 -0.106521 0.011307
v 0.000000 -0.106521 0.015990
v -0.005604 -0.094696 0.013530
v -0.010356 -0.094696 0.010356
v 0.000000 -0.094696 0.014645
v -0.005424 -0.086566 0.013095
v -0.010022 -0.086566 0.010022
v 0.000000 -0.086566 0.014174
v -0.005874 -0.065987 0.014182
v -0.010855 -0.065987 0.010855
v 0.000000 -0.065987 0.015351
v -0.006709 -0.031347 0.016198
v -0.012398 -0.031347 0.012398
v 0.000000 -0.031347 0.017533
v -0.007161 -0.008101 0.017288
v -0.013232 -0.008101 0.013232
v 0.000000 -0.008101 0.018713
v -0.007263 0.008101 0.017534
v -0.013420 0.008101 0.013420
v 0.000000 0.008101 0.018979
v -0.007337 0.038387 0.017713
v -0.013557 0.038387 0.013557
v 0.000000 0.038387 0.019173
v -0.007048 0.082468 0.017015
v -0.013022 0.082468 0.013022
v 0.000000 0.082468 0.018416
v -0.006868 0.083641 0.016580
v -0.012690 0.083641 0.012690
v 0.000000 0.083641 0.017947
v -0.006526 0.084822 0.015755
v -0.012058 0.084822 0.012058
v 0.000000 0.084822 0.017053
v -0.006541 0.088466 0.015791
v -0.012086 0.088466 0.012086
v 0.000000 0.088466 0.017092
v 0.006541 0.088466 0.015791
v 0.012086 0.088466 0.012086
v 0.006526 0.084822 0.015755
v 0.012058 0.084822 0.012058
v 0.006868 0.083641 0.016580
v 0.012690 0.083641 0.012690
v 0.007048 0.082468 0.017015
v 0.013022 0.082468 0.013022
v 0.007337 0.038387 0.017713
v 0.013557 0.038387 0.013557
v 0.007263 0.008101 0.017534
v 0.013420 0.008101 0.013420
v 0.007161 -0.008101 0.017288
v 0.013232 -0.008101 0.013232
v 0.006710 -0.031347 0.016198
v 0.012398 -0.031347 0.012398
v 0.005875 -0.065987 0.014182
v 0.010855 -0.065987 0.010855
v 0.005424 -0.086566 0.013095
v 0.010022 -0.086566 0.010022
v 0.005604 -0.094696 0.013530
v 0.010356 -0.094696 0.010356
v 0.006119 -0.106521 0.014773
v 0.011307 -0.106521 0.011307
v 0.006909 -0.118391 0.016679
v 0.012766 -0.118391 0.012766
v 0.007029 -0.125753 0.016969
v 0.012988 -0.125753 0.012988
v 0.007175 -0.137058 0.017321
v 0.013257 -0.137058 0.013257
v 0.017321 -0.137058 0.007175
v 0.012881 -0.139612 0.012881
v 0.016830 -0.139612 0.006971
v 0.018217 -0.139612 0.000000
v 0.016830 -0.139612 -0.006971
v 0.018748 -0.137058 0.000000
v 0.017321 -0.137058 -0.007175
v 0.018367 -0.125753 -0.000000
v 0.016969 -0.125753 0.007029
v 0.016969 -0.125753 -0.007029
v 0.018054 -0.118391 -0.000000
v 0.016679 -0.118391 0.006909
v 0.016679 -0.118391 -0.006909
v 0.015990 -0.106521 -0.000000
v 0.014773 -0.106521 0.006119
v 0.014773 -0.106521 -0.006119
v 0.014645 -0.094696 -0.000000
v 0.013530 -0.094696 0.005604
v 0.013530 -0.094696 -0.005604
v 0.014174 -0.086566 -0.000000
v 0.013095 -0.086566 0.005424
v 0.013095 -0.086566 -0.005424
v 0.015351 -0.065987 -0.000000
v 0.014182 -0.065987 0.005874
v 0.014182 -0.065987 -0.005875
v 0.017533 -0.031347 -0.000000
v 0.016198 -0.031347 0.006709
v 0.016198 -0.031347 -0.006710
v 0.018713 -0.008101 -0.000000
v 0.017288 -0.008101 0.007161
v 0.017288 -0.008101 -0.007161
v 0.018979 0.008101 -0.000000
v 0.017534 0.008101 0.007263
v 0.017534 0.008101 -0.007263
v 0.019173 0.038387 -0.000000
v 0.017713 0.038387 0.007337
v 0.017713 0.038387 -0.007337
v 0.018416 0.082468 -0.000000
v 0.017015 0.082468 0.007048
v 0.017015 0.082468 -0.007048
v 0.017947 0.083641 -0.000000
v 0.016580 0.083641 0.006868
v 0.016580 0.083641 -0.006868
v 0.017053 0.084822 -0.000000
v 0.015755 0.084822 0.006526
v 0.015755 0.084822 -0.006526
v 0.017092 0.088466 -0.000000
v 0.015791 0.088466 0.006541
v 0.015791 0.088466 -0.006541
v 0.012086 0.088466 -0.012086
v 0.006541 0.088466 -0.015791
v 0.012058 0.084822 -0.012058
v 0.006526 0.084822 -0.015755
v 0.012690 0.083641 -0.012690
v 0.006868 0.083641 -0.016580
v 0.013022 0.082468 -0.013022
v 0.007048 0.082468 -0.017015
v 0.013557 0.038387 -0.013557
v 0.007337 0.038387 -0.017713
v 0.013420 0.008101 -0.013420
v 0.007263 0.008101 -0.017534
v 0.013232 -0.008101 -0.013232
v 0.007161 -0.008101 -0.017288
v 0.012398 -0.031347 -0.012398
v 0.006709 -0.031347 -0.016198
v 0.010855 -0.065987 -0.010855
v 0.005874 -0.065987 -0.014182
v 0.010022 -0.086566 -0.010022
v 0.005424 -0.086566 -0.013095
v 0.010356 -0.094696 -0.010356
v 0.005604 -0.094696 -0.013530
v 0.011307 -0.106521 -0.011307
v 0.006119 -0.106521 -0.014773
v 0.012766 -0.118391 -0.012766
v 0.006909 -0.118391 -0.016679
v 0.012988 -0.125753 -0.012988
v 0.007029 -0.125753 -0.016969
v 0.013257 -0.137058 -0.013257
v 0.007175 -0.137058 -0.017321
v 0.012881 -0.139612 -0.012881
v 0.006971 -0.139612 -0.016830
v 0.000000 -0.139612 -0.018217
v -0.006971 -0.139612 -0.016830
v 0.000000 -0.137058 -0.018748
v -0.007175 -0.137058 -0.017321
v -0.000000 -0.125753 -0.018367
v -0.007029 -0.125753 -0.016969
v -0.000000 -0.118391 -0.018054
v -0.006909 -0.118391 -0.016679
v -0.000000 -0.106521 -0.015990
v -0.006119 -0.106521 -0.014773
v -0.000000 -0.094696 -0.014645
v -0.005604 -0.094696 -0.013530
v -0.000000 -0.086566 -0.014174
v -0.005424 -0.086566 -0.013095
v -0.000000 -0.065987 -0.015351
v -0.005875 -0.065987 -0.014182
v -0.000000 -0.031347 -0.017533
v -0.006710 -0.031347 -0.016198
v -0.000000 -0.008101 -0.018713
v -0.007161 -0.008101 -0.017288
v -0.000000 0.008101 -0.018979
v -0.007263 0.008101 -0.017534
v -0.000000 0.038387 -0.019173
v -0.007337 0.038387 -0.017713
v -0.000000 0.082468 -0.018416
v -0.007048 0.082468 -0.017015
v -0.000000 0.083641 -0.017947
v -0.006868 0.083641 -0.016580
v -0.000000 0.084822 -0.017053
v -0.006526 0.084822 -0.015755
v -0.000000 0.088466 -0.017092
v -0.006541 0.088466 -0.015791
v -0.012086 0.088466 -0.012086
v -0.015791 0.088466 -0.006541
v -0.012058 0.084822 -0.012058
v -0.015755 0.084822 -0.006526
v -0.012690 0.083641 -0.012690
v -0.016580 0.083641 -0.006868
v -0.013022 0.082468 -0.013022
v -0.017015 0.082468 -0.007048
v -0.013557 0.038387 -0.013557
v -0.017713 0.038387 -0.007337
v -0.013420 0.008101 -0.013420
v -0.017534 0.008101 -0.007263
v -0.013232 -0.008101 -0.013232
v -0.017288 -0.008101 -0.007161
v -0.012398 -0.031347 -0.012398
v -0.016198 -0.031347 -0.006709
v -0.010855 -0.065987 -0.010855
v -0.014182 -0.065987 -0.005874
v -0.010022 -0.086566 -0.010022
v -0.013095 -0.086566 -0.005424
v -0.010356 -0.094696 -0.010356
v -0.013530 -0.094696 -0.005604
v -0.011307 -0.106521 -0.011307
v -0.014773 -0.106521 -0.006119
v -0.012766 -0.118391 -0.012766
v -0.016679 -0.118391 -0.006909
v -0.012988 -0.125753 -0.012988
v -0.016969 -0.125753 -0.007029
v -0.013257 -0.137058 -0.013257
v -0.017321 -0.137058 -0.007175
v -0.012881 -0.139612 -0.012881
v -0.016830 -0.139612 -0.006971
v -0.018217 -0.139612 -0.000000
v -0.016830 -0.139612 0.006971
v -0.018748 -0.137058 -0.000000
v -0.017321 -0.137058 0.007175
v -0.018367 -0.125753 0.000000
v -0.016969 -0.125753 0.007029
v -0.018054 -0.118391 0.000000
v -0.016679 -0.118391 0.006909
v -0.015990 -0.106521 0.000000
v -0.014773 -0.106521 0.006119
v -0.014645 -0.094696 0.000000
v -0.013530 -0.094696 0.005604
v -0.014174 -0.086566 0.000000
v -0.013095 -0.086566 0.005424
v -0.015351 -0.065987 0.000000
v -0.014182 -0.065987 0.005875
v -0.017533 -0.031347 0.000000
v -0.016198 -0.031347 0.006710
v -0.018713 -0.008101 0.000000
v -0.017288 -0.008101 0.007161
v -0.018979 0.008101 0.000000
v -0.017534 0.008101 0.007263
v -0.019173 0.038387 0.000000
v -0.017713 0.038387 0.007337
v -0.018416 0.082468 0.000000
v -0.017015 0.082468 0.007048
v -0.017947 0.083641 0.000000
v -0.016580 0.083641 0.006868
v -0.017053 0.084822 0.000000
v -0.015755 0.084822 0.006526
v -0.017092 0.088466 0.000000
v -0.015791 0.088466 0.006541
v -0.013075 0.095796 -0.014881
v -0.012777 0.097062 -0.015325
v -0.013653 0.095948 -0.015244
v -0.014043 0.095271 -0.014058
v -0.012738 0.095829 -0.014488
v -0.012448 0.097062 -0.014920
v -0.013681 0.095318 -0.013687
v -0.014482 0.095829 -0.012744
v -0.014914 0.097062 -0.012454
v -0.014866 0.095796 -0.013091
v -0.015228 0.095948 -0.013668
v -0.015309 0.097062 -0.012792
v -0.015556 0.097062 -0.013642
v -0.014866 0.098329 -0.013091
v -0.015228 0.098176 -0.013668
v -0.014043 0.098853 -0.014058
v -0.014482 0.098296 -0.012744
v -0.013681 0.098806 -0.013687
v -0.012738 0.098296 -0.014488
v -0.013075 0.098329 -0.014881
v -0.013653 0.098176 -0.015244
v -0.013627 0.097062 -0.015571
v -0.014592 0.098426 -0.014607
v -0.014820 0.097062 -0.014835
v -0.014592 0.095698 -0.014607
v 0.013138 0.095796 0.014913
v 0.012839 0.097062 0.015356
v 0.013716 0.095948 0.015275
v 0.014106 0.095271 0.014090
v 0.012791 0.095829 0.014529
v 0.012501 0.097062 0.014961
v 0.013734 0.095318 0.013728
v 0.014536 0.095829 0.012785
v 0.014967 0.097062 0.012495
v 0.014928 0.095796 0.013122
v 0.015291 0.095948 0.013700
v 0.015372 0.097062 0.012824
v 0.015618 0.097062 0.013674
v 0.014928 0.098329 0.013122
v 0.015291 0.098176 0.013700
v 0.014106 0.098853 0.014090
v 0.014536 0.098296 0.012785
v 0.013734 0.098806 0.013728
v 0.012791 0.098296 0.014529
v 0.013138 0.098329 0.014913
v 0.013716 0.098176 0.015275
v 0.013689 0.097062 0.015603
v 0.014654 0.098426 0.014639
v 0.014882 0.097062 0.014867
v 0.014654 0.095698 0.014639
v 0.016477 0.095796 -0.011287
v 0.016920 0.097062 -0.010988
v 0.016839 0.095948 -0.011865
v 0.015654 0.095271 -0.012255
v 0.016044 0.095829 -0.010988
v 0.016475 0.097062 -0.010697
v 0.015242 0.095318 -0.011930
v 0.014300 0.095829 -0.012732
v 0.014009 0.097062 -0.013163
v 0.014686 0.095796 -0.013078
v 0.015264 0.095948 -0.013440
v 0.014388 0.097062 -0.013521
v 0.015238 0.097062 -0.013768
v 0.014686 0.098329 -0.013078
v 0.015264 0.098176 -0.013440
v 0.015654 0.098853 -0.012255
v 0.014300 0.098296 -0.012732
v 0.015242 0.098806 -0.011930
v 0.016044 0.098296 -0.010988
v 0.016477 0.098329 -0.011287
v 0.016839 0.098176 -0.011865
v 0.017167 0.097062 -0.011838
v 0.016202 0.098426 -0.012803
v 0.016430 0.097062 -0.013031
v 0.016202 0.095698 -0.012803
v -0.013415 0.095796 0.015023
v -0.013858 0.097062 0.014725
v -0.013777 0.095948 0.015601
v -0.012592 0.095271 0.015991
v -0.013069 0.095829 0.014637
v -0.013501 0.097062 0.014346
v -0.012267 0.095318 0.015579
v -0.011325 0.095829 0.016381
v -0.011034 0.097062 0.016813
v -0.011624 0.095796 0.016814
v -0.012202 0.095948 0.017176
v -0.011326 0.097062 0.017258
v -0.012176 0.097062 0.017504
v -0.011624 0.098329 0.016814
v -0.012202 0.098176 0.017176
v -0.012592 0.098853 0.015991
v -0.011325 0.098296 0.016381
v -0.012267 0.098806 0.015579
v -0.013069 0.098296 0.014637
v -0.013415 0.098329 0.015023
v -0.013777 0.098176 0.015601
v -0.014105 0.097062 0.015575
v -0.013140 0.098426 0.016540
v -0.013368 0.097062 0.016768
v -0.013140 0.095698 0.016540
vn 0.3854 -0.8861 0.2575
vn 0.5406 -0.6445 0.5406
vn 0.3278 -0.8861 0.3278
vn 0.4283 -0.8861 0.1774
vn 0.6357 -0.6445 0.4248
vn 0.4547 -0.8861 0.0904
vn 0.7064 -0.6445 0.2926
vn 0.4636 -0.8861 -0.0000
vn 0.7499 -0.6445 0.1492
vn 0.4547 -0.8861 -0.0904
vn 0.7646 -0.6445 -0.0000
vn 0.4283 -0.8861 -0.1774
vn 0.7499 -0.6445 -0.1492
vn 0.3854 -0.8861 -0.2575
vn 0.7064 -0.6445 -0.2926
vn 0.3278 -0.8861 -0.3278
vn 0.6357 -0.6445 -0.4248
vn 0.2575 -0.8861 -0.3854
vn 0.5406 -0.6445 -0.5406
vn 0.1774 -0.8861 -0.4283
vn 0.4248 -0.6445 -0.6357
vn 0.0904 -0.8861 -0.4547
vn 0.2926 -0.6445 -0.7064
vn -0.0000 -0.8861 -0.4636
vn 0.1492 -0.6445 -0.7499
vn -0.0904 -0.8861 -0.4547
vn -0.0000 -0.6445 -0.7646
vn -0.1774 -0.8861 -0.4283
vn -0.1492 -0.6445 -0.7499
vn -0.2575 -0.8861 -0.3854
vn -0.2926 -0.6445 -0.7064
vn -0.3278 -0.8861 -0.3278
vn -0.4248 -0.6445 -0.6357
vn -0.3854 -0.8861 -0.2575
vn -0.5406 -0.6445 -0.5406
vn -0.4283 -0.8861 -0.1774
vn -0.6357 -0.6445 -0.4248
vn -0.4547 -0.8861 -0.0904
vn -0.7064 -0.6445 -0.2926
vn -0.4636 -0.8861 -0.0000
vn -0.7499 -0.6445 -0.1492
vn -0.4547 -0.8861 0.0904
vn -0.7646 -0.6445 -0.0000
vn -0.4283 -0.8861 0.1774
vn -0.7499 -0.6445 0.1492
vn -0.3854 -0.8861 0.2575
vn -0.7064 -0.6445 0.2926
vn -0.3278 -0.8861 0.3278
vn -0.6357 -0.6445 0.4248
vn -0.2575 -0.8861 0.3854
vn -0.5406 -0.6445 0.5406
vn -0.1774 -0.8861 0.4283
vn -0.4248 -0.6445 0.6357
vn -0.0904 -0.8861 0.4547
vn -0.2926 -0.6445 0.7064
vn -0.0000 -0.8861 0.4636
vn -0.1492 -0.6445 0.7499
vn 0.0904 -0.8861 0.4547
vn -0.0000 -0.6445 0.7646
vn 0.1774 -0.8861 0.4283
vn 0.1492 -0.6445 0.7499
vn 0.2575 -0.8861 0.3854
vn 0.2926 -0.6445 0.7064
vn 0.4248 -0.6445 0.6357
vn 0.6951 -0.1831 0.6952
vn 0.8174 -0.1831 0.5462
vn 0.9083 -0.1831 0.3762
vn 0.9642 -0.1831 0.1918
vn 0.9831 -0.1831 -0.0000
vn 0.9642 -0.1831 -0.1918
vn 0.9083 -0.1831 -0.3762
vn 0.8174 -0.1831 -0.5462
vn 0.6951 -0.1831 -0.6952
vn 0.5462 -0.1831 -0.8174
vn 0.3762 -0.1831 -0.9083
vn 0.1918 -0.1831 -0.9642
vn -0.0000 -0.1831 -0.9831
vn -0.1918 -0.1831 -0.9642
vn -0.3762 -0.1831 -0.9083
vn -0.5462 -0.1831 -0.8174
vn -0.6951 -0.1831 -0.6952
vn -0.8174 -0.1831 -0.5462
vn -0.9083 -0.1831 -0.3762
vn -0.9642 -0.1831 -0.1918
vn -0.9831 -0.1831 -0.0000
vn -0.9642 -0.1831 0.1918
vn -0.9083 -0.1831 0.3762
vn -0.8174 -0.1831 0.5462
vn -0.6952 -0.1831 0.6952
vn -0.5462 -0.1831 0.8174
vn -0.3762 -0.1831 0.9083
vn -0.1918 -0.1831 0.9642
vn -0.0000 -0.1831 0.9831
vn 0.1918 -0.1831 0.9642
vn 0.3762 -0.1831 0.9083
vn 0.5462 -0.1831 0.8174
vn 0.8024 -0.2619 0.5362
vn 0.5058 0.6989 0.5058
vn 0.5947 0.6989 0.3974
vn 0.8916 -0.2619 0.3693
vn 0.6608 0.6989 0.2737
vn 0.9465 -0.2619 0.1883
vn 0.7015 0.6989 0.1395
vn 0.9651 -0.2619 -0.0000
vn 0.7153 0.6989 -0.0000
vn 0.9465 -0.2619 -0.1883
vn 0.7015 0.6989 -0.1395
vn 0.8916 -0.2619 -0.3693
vn 0.6608 0.6989 -0.2737
vn 0.8024 -0.2619 -0.5362
vn 0.5947 0.6989 -0.3974
vn 0.6824 -0.2619 -0.6824
vn 0.5058 0.6989 -0.5058
vn 0.5362 -0.2619 -0.8024
vn 0.3974 0.6989 -0.5947
vn 0.3693 -0.2619 -0.8916
vn 0.2737 0.6989 -0.6608
vn 0.1883 -0.2619 -0.9465
vn 0.1395 0.6989 -0.7015
vn -0.0000 -0.2619 -0.9651
vn -0.0000 0.6989 -0.7153
vn -0.1883 -0.2619 -0.9465
vn -0.1395 0.6989 -0.7015
vn -0.3693 -0.2619 -0.8916
vn -0.2737 0.6989 -0.6608
vn -0.5362 -0.2619 -0.8024
vn -0.3974 0.6989 -0.5947
vn -0.6824 -0.2619 -0.6824
vn -0.5058 0.6989 -0.5058
vn -0.8024 -0.2619 -0.5362
vn -0.5947 0.6989 -0.3974
vn -0.8916 -0.2619 -0.3693
vn -0.6608 0.6989 -0.2737
vn -0.7015 0.6988 -0.1395
vn -0.9651 -0.2619 -0.0000
vn -0.7153 0.6989 -0.0000
vn -0.9465 -0.2619 0.1883
vn -0.7015 0.6989 0.1395
vn -0.8916 -0.2619 0.3693
vn -0.6608 0.6989 0.2737
vn -0.8024 -0.2619 0.5362
vn -0.5947 0.6989 0.3974
vn -0.6824 -0.2619 0.6824
vn -0.5058 0.6989 0.5058
vn -0.5362 -0.2619 0.8024
vn -0.3974 0.6989 0.5947
vn -0.2737 0.6988 0.6608
vn -0.1883 -0.2619 0.9465
vn -0.1395 0.6989 0.7015
vn -0.0000 -0.2619 0.9651
vn -0.0000 0.6989 0.7153
vn 0.1883 -0.2619 0.9465
vn 0.1395 0.6989 0.7015
vn 0.3693 -0.2619 0.8916
vn 0.2737 0.6989 0.6608
vn 0.5362 -0.2619 0.8024
vn 0.3974 0.6989 0.5947
vn 0.6824 -0.2619 0.6824
vn 0.8237 -0.1364 0.5504
vn 0.6117 -0.5016 0.6117
vn 0.7005 -0.1364 0.7005
vn 0.7992 -0.5016 0.3310
vn 0.9152 -0.1364 0.3791
vn 0.8485 -0.5016 0.1688
vn 0.9716 -0.1364 0.1933
vn 0.8651 -0.5016 -0.0000
vn 0.9906 -0.1364 -0.0000
vn 0.8485 -0.5016 -0.1688
vn 0.9716 -0.1364 -0.1933
vn 0.7992 -0.5016 -0.3311
vn 0.9152 -0.1364 -0.3791
vn 0.7193 -0.5016 -0.4806
vn 0.8237 -0.1364 -0.5504
vn 0.6117 -0.5016 -0.6117
vn 0.7005 -0.1364 -0.7005
vn 0.4806 -0.5016 -0.7193
vn 0.5504 -0.1364 -0.8237
vn 0.3310 -0.5016 -0.7992
vn 0.3791 -0.1364 -0.9152
vn 0.1688 -0.5016 -0.8485
vn 0.1933 -0.1364 -0.9716
vn -0.0000 -0.5016 -0.8651
vn -0.0000 -0.1364 -0.9906
vn -0.1688 -0.5016 -0.8485
vn -0.1933 -0.1364 -0.9716
vn -0.3791 -0.1364 -0.9152
vn -0.5504 -0.1364 -0.8237
vn -0.3310 -0.5016 -0.7992
vn -0.6117 -0.5016 -0.6117
vn -0.7005 -0.1364 -0.7005
vn -0.7193 -0.5016 -0.4806
vn -0.8237 -0.1364 -0.5504
vn -0.7992 -0.5016 -0.3310
vn -0.9152 -0.1364 -0.3791
vn -0.9716 -0.1364 -0.1933
vn -0.8651 -0.5016 -0.0000
vn -0.9906 -0.1364 -0.0000
vn -0.8485 -0.5016 0.1688
vn -0.9716 -0.1364 0.1933
vn -0.7992 -0.5016 0.3311
vn -0.9152 -0.1364 0.3791
vn -0.7193 -0.5016 0.4806
vn -0.8237 -0.1364 0.5504
vn -0.6117 -0.5016 0.6117
vn -0.7005 -0.1364 0.7005
vn -0.4806 -0.5016 0.7193
vn -0.5504 -0.1364 0.8237
vn -0.3310 -0.5016 0.7992
vn -0.3791 -0.1364 0.9152
vn -0.1688 -0.5016 0.8485
vn -0.1933 -0.1364 0.9716
vn -0.0000 -0.5016 0.8651
vn -0.0000 -0.1364 0.9906
vn 0.1933 -0.1364 0.9716
vn 0.3791 -0.1364 0.9152
vn 0.1688 -0.5016 0.8485
vn 0.4806 -0.5016 0.7193
vn 0.5504 -0.1364 0.8237
vn 0.7544 -0.4206 0.5040
vn 0.7193 -0.5016 0.4806
vn 0.8898 -0.4206 0.1770
vn 0.9073 -0.4206 -0.0000
vn 0.8898 -0.4206 -0.1770
vn 0.8382 -0.4206 -0.3472
vn 0.7544 -0.4206 -0.5040
vn 0.6415 -0.4206 -0.6415
vn 0.5040 -0.4206 -0.7544
vn 0.3472 -0.4206 -0.8382
vn 0.1770 -0.4206 -0.8898
vn -0.0000 -0.4206 -0.9073
vn -0.1770 -0.4206 -0.8898
vn -0.3472 -0.4206 -0.8382
vn -0.4806 -0.5016 -0.7193
vn -0.5041 -0.4206 -0.7544
vn -0.6415 -0.4206 -0.6415
vn -0.8382 -0.4206 -0.3472
vn -0.8898 -0.4206 -0.1770
vn -0.8485 -0.5016 -0.1688
vn -0.9073 -0.4206 -0.0000
vn -0.8898 -0.4206 0.1770
vn -0.8382 -0.4206 0.3472
vn -0.7544 -0.4206 0.5041
vn -0.6415 -0.4206 0.6415
vn -0.5041 -0.4206 0.7544
vn -0.3472 -0.4206 0.8382
vn -0.1770 -0.4206 0.8898
vn -0.0000 -0.4206 0.9073
vn 0.1770 -0.4206 0.8898
vn 0.3311 -0.5016 0.7992
vn 0.5040 -0.4206 0.7544
vn 0.8119 0.2159 0.5425
vn 0.6415 -0.4206 0.6415
vn 0.9021 0.2159 0.3737
vn 0.8382 -0.4206 0.3472
vn 0.9576 0.2159 0.1905
vn 0.9764 0.2159 -0.0000
vn 0.9021 0.2159 -0.3737
vn 0.8119 0.2159 -0.5425
vn 0.6904 0.2159 -0.6904
vn 0.5425 0.2159 -0.8119
vn 0.3737 0.2159 -0.9021
vn 0.1905 0.2159 -0.9577
vn -0.0000 0.2159 -0.9764
vn -0.1905 0.2159 -0.9576
vn -0.3737 0.2159 -0.9021
vn -0.5425 0.2159 -0.8119
vn -0.6904 0.2159 -0.6904
vn -0.7544 -0.4206 -0.5040
vn -0.9021 0.2159 -0.3737
vn -0.9576 0.2159 -0.1905
vn -0.9764 0.2159 -0.0000
vn -0.9021 0.2159 0.3737
vn -0.8119 0.2159 0.5425
vn -0.6904 0.2159 0.6904
vn -0.5425 0.2159 0.8119
vn -0.3737 0.2159 0.9021
vn -0.1905 0.2159 0.9576
vn -0.0000 0.2159 0.9764
vn 0.1905 0.2159 0.9576
vn 0.3472 -0.4206 0.8382
vn 0.3737 0.2159 0.9021
vn 0.5425 0.2159 0.8119
vn 0.5047 0.8376 0.2090
vn 0.5358 0.8376 0.1066
vn 0.5358 0.8376 -0.1066
vn 0.9576 0.2159 -0.1905
vn 0.5047 0.8376 -0.2090
vn 0.3863 0.8376 -0.3863
vn 0.3035 0.8376 -0.4542
vn 0.2090 0.8376 -0.5047
vn -0.0000 0.8376 -0.5463
vn -0.1066 0.8376 -0.5358
vn -0.2090 0.8376 -0.5047
vn -0.3035 0.8376 -0.4542
vn -0.3863 0.8376 -0.3863
vn -0.4542 0.8376 -0.3035
vn -0.8119 0.2159 -0.5425
vn -0.5047 0.8376 -0.2090
vn -0.5358 0.8376 -0.1066
vn -0.5358 0.8376 0.1066
vn -0.9577 0.2159 0.1905
vn -0.5047 0.8376 0.2090
vn -0.4542 0.8376 0.3035
vn -0.3863 0.8376 0.3863
vn -0.3035 0.8376 0.4542
vn -0.2090 0.8376 0.5047
vn -0.1066 0.8376 0.5358
vn -0.0000 0.8376 0.5463
vn 0.2090 0.8376 0.5047
vn 0.3035 0.8376 0.4542
vn 0.6904 0.2159 0.6904
vn 0.4542 0.8376 0.3035
vn 0.5463 0.8376 -0.0000
vn 0.4542 0.8376 -0.3035
vn 0.1066 0.8376 -0.5358
vn -0.5463 0.8376 -0.0000
vn 0.1066 0.8376 0.5358
vn 0.3863 0.8376 0.3863
vn 0.4793 0.8171 0.3203
vn 0.2815 0.9173 0.2815
vn 0.3310 0.9173 0.2212
vn 0.5344 -0.7661 0.3571
vn 0.6304 -0.7661 0.1254
vn 0.6304 -0.7661 -0.1254
vn 0.5938 -0.7661 -0.2460
vn 0.5344 -0.7661 -0.3571
vn 0.4545 -0.7661 -0.4545
vn 0.3571 -0.7661 -0.5344
vn 0.2460 -0.7661 -0.5938
vn 0.1254 -0.7661 -0.6304
vn -0.0000 -0.7661 -0.6428
vn -0.1254 -0.7661 -0.6304
vn -0.2460 -0.7661 -0.5938
vn -0.3571 -0.7661 -0.5344
vn -0.5344 -0.7661 -0.3571
vn -0.5938 -0.7661 -0.2460
vn -0.6304 -0.7661 -0.1254
vn -0.9465 -0.2619 -0.1883
vn -0.6428 -0.7661 -0.0000
vn -0.6304 -0.7661 0.1254
vn -0.5938 -0.7661 0.2460
vn -0.5344 -0.7661 0.3571
vn -0.4545 -0.7661 0.4545
vn -0.3571 -0.7661 0.5344
vn -0.2460 -0.7661 0.5938
vn -0.3693 -0.2619 0.8916
vn -0.1254 -0.7661 0.6304
vn -0.0000 -0.7661 0.6428
vn 0.1254 -0.7661 0.6304
vn 0.2460 -0.7661 0.5938
vn 0.4545 -0.7661 0.4545
vn 0.1374 -0.9809 0.1374
vn 0.5938 -0.7661 0.2460
vn 0.1616 -0.9809 0.1079
vn 0.1906 -0.9809 0.0379
vn 0.1943 -0.9809 -0.0000
vn 0.6428 -0.7661 -0.0000
vn 0.1906 -0.9809 -0.0379
vn 0.1795 -0.9809 -0.0744
vn 0.1616 -0.9809 -0.1079
vn 0.1374 -0.9809 -0.1374
vn 0.1079 -0.9809 -0.1616
vn 0.0744 -0.9809 -0.1795
vn 0.0379 -0.9809 -0.1906
vn -0.0000 -0.9809 -0.1943
vn -0.0379 -0.9809 -0.1906
vn -0.0744 -0.9809 -0.1795
vn -0.4545 -0.7661 -0.4545
vn -0.1079 -0.9809 -0.1616
vn -0.1374 -0.9809 -0.1374
vn -0.1616 -0.9809 -0.1079
vn -0.1795 -0.9809 -0.0744
vn -0.1943 -0.9809 -0.0000
vn -0.1906 -0.9809 0.0379
vn -0.1795 -0.9809 0.0744
vn -0.1616 -0.9809 0.1079
vn -0.1374 -0.9809 0.1374
vn -0.1079 -0.9809 0.1616
vn -0.0744 -0.9809 0.1795
vn -0.0379 -0.9809 0.1906
vn -0.0000 -0.9809 0.1943
vn 0.0379 -0.9809 0.1906
vn 0.0744 -0.9809 0.1795
vn 0.1079 -0.9809 0.1616
vn 0.3571 -0.7661 0.5344
vn 0.1795 -0.9809 0.0744
vn 0.2902 -0.9371 0.1939
vn 0.3423 -0.9371 0.0681
vn 0.3490 -0.9371 -0.0000
vn 0.3423 -0.9371 -0.0681
vn 0.3225 -0.9371 -0.1336
vn 0.2902 -0.9371 -0.1939
vn 0.2468 -0.9371 -0.2468
vn 0.1939 -0.9371 -0.2902
vn 0.1336 -0.9371 -0.3225
vn 0.0681 -0.9371 -0.3423
vn -0.0000 -0.9371 -0.3490
vn -0.0681 -0.9371 -0.3423
vn -0.1336 -0.9371 -0.3225
vn -0.1939 -0.9371 -0.2902
vn -0.2468 -0.9371 -0.2468
vn -0.2902 -0.9371 -0.1939
vn -0.3423 -0.9371 -0.0681
vn -0.1906 -0.9809 -0.0379
vn -0.3490 -0.9371 -0.0000
vn -0.3423 -0.9371 0.0681
vn -0.3225 -0.9371 0.1336
vn -0.2902 -0.9371 0.1939
vn -0.2468 -0.9371 0.2468
vn -0.1939 -0.9371 0.2902
vn -0.1336 -0.9371 0.3225
vn -0.0681 -0.9371 0.3423
vn -0.0000 -0.9371 0.3490
vn 0.1336 -0.9371 0.3225
vn 0.1939 -0.9371 0.2902
vn 0.5914 -0.5481 0.5914
vn 0.2468 -0.9371 0.2468
vn 0.3225 -0.9371 0.1336
vn 0.6954 -0.5481 0.4647
vn 0.8203 -0.5481 0.1632
vn 0.8364 -0.5481 -0.0000
vn 0.8203 -0.5481 -0.1632
vn 0.7727 -0.5481 -0.3201
vn 0.5914 -0.5481 -0.5914
vn 0.4647 -0.5481 -0.6955
vn 0.3201 -0.5481 -0.7727
vn 0.1632 -0.5481 -0.8203
vn -0.0000 -0.5481 -0.8364
vn -0.1632 -0.5481 -0.8203
vn -0.3201 -0.5481 -0.7727
vn -0.4647 -0.5481 -0.6954
vn -0.5914 -0.5481 -0.5914
vn -0.6955 -0.5481 -0.4647
vn -0.3225 -0.9371 -0.1336
vn -0.8203 -0.5481 -0.1632
vn -0.8364 -0.5481 -0.0000
vn -0.8203 -0.5481 0.1632
vn -0.7727 -0.5481 0.3201
vn -0.6954 -0.5481 0.4647
vn -0.5914 -0.5481 0.5914
vn -0.4647 -0.5481 0.6955
vn -0.3201 -0.5481 0.7727
vn -0.1632 -0.5481 0.8203
vn -0.0000 -0.5481 0.8364
vn 0.0681 -0.9371 0.3423
vn 0.3201 -0.5481 0.7727
vn 0.4647 -0.5481 0.6955
vn 0.8314 -0.0095 0.5555
vn 0.9238 -0.0095 0.3827
vn 0.7727 -0.5481 0.3201
vn 0.9807 -0.0095 0.1951
vn 1.0000 -0.0095 -0.0000
vn 0.9238 -0.0095 -0.3827
vn 0.8314 -0.0095 -0.5555
vn 0.6954 -0.5481 -0.4647
vn 0.7071 -0.0095 -0.7071
vn 0.5555 -0.0095 -0.8314
vn 0.3827 -0.0095 -0.9238
vn 0.1951 -0.0095 -0.9807
vn -0.0000 -0.0095 -1.0000
vn -0.3827 -0.0095 -0.9238
vn -0.5555 -0.0095 -0.8314
vn -0.7071 -0.0095 -0.7071
vn -0.8314 -0.0095 -0.5555
vn -0.9238 -0.0095 -0.3827
vn -0.7727 -0.5481 -0.3201
vn -0.9807 -0.0095 -0.1951
vn -1.0000 -0.0095 -0.0000
vn -0.9807 -0.0095 0.1951
vn -0.8314 -0.0095 0.5555
vn -0.7071 -0.0095 0.7071
vn -0.5555 -0.0095 0.8314
vn -0.3827 -0.0095 0.9238
vn -0.1951 -0.0095 0.9807
vn -0.0000 -0.0095 1.0000
vn 0.1951 -0.0095 0.9807
vn 0.1632 -0.5481 0.8203
vn 0.3827 -0.0095 0.9238
vn 0.5555 -0.0095 0.8314
vn 0.7071 -0.0095 0.7071
vn 0.7082 0.5239 0.4732
vn 0.8354 0.5239 0.1662
vn 0.8518 0.5239 -0.0000
vn 0.9807 -0.0095 -0.1951
vn 0.7869 0.5239 -0.3260
vn 0.7082 0.5239 -0.4732
vn 0.6023 0.5239 -0.6023
vn 0.4732 0.5239 -0.7082
vn 0.3260 0.5239 -0.7869
vn 0.1662 0.5239 -0.8354
vn -0.1662 0.5239 -0.8354
vn -0.1951 -0.0095 -0.9807
vn -0.3260 0.5239 -0.7869
vn -0.6023 0.5239 -0.6023
vn -0.7082 0.5239 -0.4732
vn -0.7869 0.5239 -0.3260
vn -0.8354 0.5239 -0.1662
vn -0.8354 0.5239 0.1662
vn -0.7869 0.5239 0.3260
vn -0.9238 -0.0095 0.3827
vn -0.7082 0.5239 0.4732
vn -0.6023 0.5239 0.6023
vn -0.4732 0.5239 0.7082
vn -0.3260 0.5239 0.7869
vn -0.1662 0.5239 0.8354
vn -0.0000 0.5239 0.8518
vn 0.1662 0.5239 0.8354
vn 0.3260 0.5239 0.7869
vn 0.6023 0.5239 0.6023
vn 0.3678 0.9173 0.1524
vn 0.7869 0.5239 0.3260
vn 0.3905 0.9173 0.0777
vn 0.3905 0.9173 -0.0777
vn 0.8354 0.5239 -0.1662
vn 0.3678 0.9173 -0.1524
vn 0.3310 0.9173 -0.2212
vn 0.2815 0.9173 -0.2815
vn 0.2212 0.9173 -0.3310
vn 0.1523 0.9173 -0.3678
vn -0.0000 0.5239 -0.8518
vn 0.0777 0.9173 -0.3905
vn -0.0777 0.9173 -0.3905
vn -0.1523 0.9173 -0.3678
vn -0.2212 0.9173 -0.3310
vn -0.4732 0.5239 -0.7082
vn -0.2815 0.9173 -0.2815
vn -0.3310 0.9173 -0.2212
vn -0.3678 0.9173 -0.1524
vn -0.3905 0.9173 -0.0777
vn -0.3981 0.9173 -0.0000
vn -0.8518 0.5239 -0.0000
vn -0.3905 0.9173 0.0777
vn -0.3678 0.9173 0.1524
vn -0.3310 0.9173 0.2212
vn -0.2815 0.9173 0.2815
vn -0.2212 0.9173 0.3310
vn -0.1523 0.9173 0.3678
vn -0.0000 0.9173 0.3981
vn 0.1523 0.9173 0.3678
vn 0.2212 0.9173 0.3310
vn 0.4732 0.5239 0.7082
vn 0.5326 0.8171 0.2206
vn 0.5654 0.8171 0.1125
vn 0.3981 0.9173 -0.0000
vn 0.5765 0.8171 -0.0000
vn 0.5654 0.8171 -0.1125
vn 0.5326 0.8171 -0.2206
vn 0.4794 0.8171 -0.3203
vn 0.4076 0.8171 -0.4077
vn 0.3203 0.8171 -0.4793
vn 0.2206 0.8171 -0.5326
vn -0.0000 0.9173 -0.3981
vn 0.1125 0.8171 -0.5654
vn -0.1125 0.8171 -0.5654
vn -0.2206 0.8171 -0.5326
vn -0.3203 0.8171 -0.4793
vn -0.4076 0.8171 -0.4077
vn -0.4793 0.8171 -0.3203
vn -0.5326 0.8171 -0.2206
vn -0.5654 0.8171 -0.1125
vn -0.5765 0.8171 -0.0000
vn -0.5654 0.8171 0.1125
vn -0.5326 0.8171 0.2206
vn -0.4793 0.8171 0.3203
vn -0.4077 0.8171 0.4077
vn -0.3203 0.8171 0.4793
vn -0.0777 0.9173 0.3905
vn -0.2206 0.8171 0.5326
vn -0.1125 0.8171 0.5654
vn 0.1125 0.8171 0.5654
vn 0.0777 0.9173 0.3905
vn 0.2206 0.8171 0.5326
vn 0.3203 0.8171 0.4793
vn 0.4076 0.8171 0.4077
vn 0.8148 0.1992 0.5444
vn 0.9054 0.1992 0.3750
vn 0.9611 0.1992 0.1912
vn 0.9800 0.1992 -0.0000
vn 0.9054 0.1992 -0.3750
vn 0.8148 0.1992 -0.5444
vn 0.6929 0.1992 -0.6929
vn 0.3750 0.1992 -0.9054
vn -0.0000 0.8171 -0.5765
vn 0.1912 0.1992 -0.9611
vn -0.1912 0.1992 -0.9611
vn -0.3750 0.1992 -0.9054
vn -0.5444 0.1992 -0.8148
vn -0.6929 0.1992 -0.6929
vn -0.8148 0.1992 -0.5444
vn -0.9054 0.1992 -0.3750
vn -0.9611 0.1992 -0.1912
vn -0.9800 0.1992 -0.0000
vn -0.9611 0.1992 0.1912
vn -0.9054 0.1992 0.3750
vn -0.8148 0.1992 0.5444
vn -0.6929 0.1992 0.6929
vn -0.5444 0.1992 0.8148
vn -0.1912 0.1992 0.9611
vn -0.0000 0.1992 0.9800
vn -0.0000 0.8171 0.5765
vn 0.1912 0.1992 0.9611
vn 0.3750 0.1992 0.9054
vn 0.5444 0.1992 0.8148
vn 0.6929 0.1992 0.6929
vn 0.8310 -0.0332 0.5553
vn 0.9234 -0.0332 0.3825
vn 0.9802 -0.0332 0.1950
vn 0.9994 -0.0332 -0.0000
vn 0.9802 -0.0332 -0.1950
vn 0.9611 0.1992 -0.1912
vn 0.9234 -0.0332 -0.3825
vn 0.8310 -0.0332 -0.5553
vn 0.7067 -0.0332 -0.7067
vn 0.5444 0.1992 -0.8148
vn 0.3825 -0.0332 -0.9234
vn 0.1950 -0.0332 -0.9802
vn -0.0000 -0.0332 -0.9994
vn -0.0000 0.1992 -0.9800
vn -0.3825 -0.0332 -0.9234
vn -0.5553 -0.0332 -0.8310
vn -0.7067 -0.0332 -0.7067
vn -0.8310 -0.0332 -0.5553
vn -0.9234 -0.0332 -0.3825
vn -0.9802 -0.0332 -0.1950
vn -0.9994 -0.0332 -0.0000
vn -0.9802 -0.0332 0.1950
vn -0.9234 -0.0332 0.3825
vn -0.8310 -0.0332 0.5553
vn -0.7067 -0.0332 0.7067
vn -0.5553 -0.0332 0.8310
vn -0.3825 -0.0332 0.9234
vn -0.3750 0.1992 0.9054
vn -0.1950 -0.0332 0.9802
vn -0.0000 -0.0333 0.9994
vn 0.1950 -0.0332 0.9802
vn 0.3825 -0.0332 0.9234
vn 0.5553 -0.0332 0.8310
vn 0.7067 -0.0332 0.7067
vn 0.7000 0.1418 0.7000
vn 0.8231 0.1418 0.5500
vn 0.9145 0.1418 0.3788
vn 0.9709 0.1418 0.1931
vn 0.9709 0.1418 -0.1931
vn 0.8231 0.1418 -0.5500
vn 0.7000 0.1418 -0.7000
vn 0.5500 0.1418 -0.8231
vn 0.5553 -0.0332 -0.8310
vn 0.3788 0.1418 -0.9145
vn -0.0000 0.1418 -0.9899
vn -0.1931 0.1418 -0.9709
vn -0.1950 -0.0332 -0.9802
vn -0.3788 0.1418 -0.9145
vn -0.7000 0.1418 -0.7000
vn -0.8231 0.1418 -0.5500
vn -0.9145 0.1418 -0.3788
vn -0.9709 0.1418 -0.1931
vn -0.9709 0.1418 0.1931
vn -0.9145 0.1418 0.3788
vn -0.8231 0.1418 0.5500
vn -0.7000 0.1418 0.7000
vn -0.3788 0.1418 0.9145
vn -0.1931 0.1418 0.9709
vn -0.0000 0.1418 0.9899
vn 0.1931 0.1418 0.9709
vn 0.3788 0.1418 0.9145
vn 0.5500 0.1418 0.8231
vn 0.7228 0.4942 0.4830
vn 0.8032 0.4942 0.3327
vn 0.8527 0.4942 0.1696
vn 0.8694 0.4942 -0.0000
vn 0.9899 0.1418 -0.0000
vn 0.8527 0.4942 -0.1696
vn 0.9145 0.1418 -0.3788
vn 0.8032 0.4942 -0.3327
vn 0.7228 0.4942 -0.4830
vn 0.4830 0.4942 -0.7228
vn 0.1931 0.1418 -0.9709
vn 0.3327 0.4942 -0.8032
vn 0.1696 0.4942 -0.8527
vn -0.1696 0.4942 -0.8527
vn -0.3327 0.4942 -0.8032
vn -0.4830 0.4942 -0.7228
vn -0.5500 0.1418 -0.8231
vn -0.6147 0.4942 -0.6147
vn -0.7228 0.4942 -0.4830
vn -0.8032 0.4942 -0.3327
vn -0.8527 0.4942 -0.1696
vn -0.8694 0.4942 -0.0000
vn -0.9899 0.1418 -0.0000
vn -0.8527 0.4942 0.1696
vn -0.8032 0.4942 0.3327
vn -0.7228 0.4942 0.4830
vn -0.4830 0.4942 0.7228
vn -0.5500 0.1418 0.8231
vn -0.3327 0.4942 0.8032
vn -0.1696 0.4942 0.8527
vn -0.0000 0.4942 0.8694
vn 0.3327 0.4942 0.8032
vn 0.4830 0.4942 0.7228
vn 0.6147 0.4942 0.6147
vn 0.4329 0.8538 0.2892
vn 0.4810 0.8538 0.1992
vn 0.5106 0.8538 0.1016
vn 0.5206 0.8538 -0.0000
vn 0.5106 0.8538 -0.1016
vn 0.4810 0.8538 -0.1992
vn 0.6147 0.4942 -0.6147
vn 0.4329 0.8538 -0.2892
vn 0.3681 0.8538 -0.3681
vn 0.2892 0.8538 -0.4329
vn 0.1016 0.8538 -0.5106
vn -0.0000 0.4942 -0.8694
vn -0.1016 0.8538 -0.5106
vn -0.1992 0.8538 -0.4810
vn -0.2892 0.8538 -0.4329
vn -0.3681 0.8538 -0.3681
vn -0.4329 0.8538 -0.2892
vn -0.4810 0.8538 -0.1992
vn -0.5106 0.8538 -0.1016
vn -0.5206 0.8538 -0.0000
vn -0.5106 0.8538 0.1016
vn -0.4810 0.8538 0.1992
vn -0.6147 0.4942 0.6147
vn -0.4329 0.8538 0.2892
vn -0.3681 0.8538 0.3681
vn -0.2892 0.8538 0.4329
vn -0.1992 0.8538 0.4810
vn -0.1016 0.8538 0.5106
vn 0.1016 0.8538 0.5106
vn 0.1696 0.4942 0.8527
vn 0.1992 0.8538 0.4810
vn 0.3681 0.8538 0.3681
vn 0.0799 0.9954 0.0534
vn 0.0888 0.9954 0.0368
vn 0.0943 0.9954 0.0187
vn 0.0961 0.9954 -0.0000
vn 0.0943 0.9954 -0.0187
vn 0.0799 0.9954 -0.0534
vn 0.0680 0.9954 -0.0680
vn 0.1992 0.8538 -0.4810
vn 0.0534 0.9954 -0.0799
vn 0.0368 0.9954 -0.0888
vn -0.0000 0.8538 -0.5206
vn 0.0187 0.9954 -0.0943
vn -0.0000 0.9954 -0.0961
vn -0.0368 0.9954 -0.0888
vn -0.0534 0.9954 -0.0799
vn -0.0679 0.9954 -0.0680
vn -0.0799 0.9954 -0.0534
vn -0.0888 0.9954 -0.0368
vn -0.0943 0.9954 -0.0187
vn -0.0961 0.9954 -0.0000
vn -0.0943 0.9954 0.0187
vn -0.0888 0.9954 0.0368
vn -0.0799 0.9954 0.0534
vn -0.0680 0.9954 0.0680
vn -0.0534 0.9954 0.0799
vn -0.0368 0.9954 0.0888
vn -0.0000 0.8538 0.5206
vn -0.0187 0.9954 0.0943
vn -0.0000 0.9954 0.0961
vn 0.0368 0.9954 0.0888
vn 0.0534 0.9954 0.0799
vn 0.2892 0.8538 0.4329
vn 0.0680 0.9954 0.0680
vn -0.0000 1.0000 -0.0000
vn 0.0888 0.9954 -0.0368
vn -0.0187 0.9954 -0.0943
vn 0.0187 0.9954 0.0943
vn 0.1642 0.7731 -0.6127
vn -0.0000 0.4550 -0.8905
vn -0.0000 0.7731 -0.6343
vn -0.2305 0.4550 -0.8602
vn -0.1642 0.7731 -0.6127
vn -0.4452 0.4550 -0.7712
vn -0.3172 0.7731 -0.5493
vn -0.4998 0.0288 -0.8657
vn -0.2587 0.0288 -0.9655
vn -0.2587 -0.0333 -0.9654
vn -0.0000 -0.0333 -0.9994
vn -0.0000 0.0288 -0.9996
vn -0.2104 -0.5823 -0.7853
vn -0.4997 -0.0333 -0.8655
vn -0.0000 -0.5823 -0.8130
vn -0.1514 -0.9530 -0.2623
vn -0.0784 -0.9530 -0.2925
vn -0.0000 -0.9530 -0.3029
vn 0.0784 -0.9530 -0.2925
vn 0.2104 -0.5823 -0.7853
vn 0.4065 -0.5823 -0.7041
vn 0.1514 -0.9530 -0.2623
vn 0.2587 -0.0333 -0.9654
vn 0.4997 -0.0333 -0.8655
vn 0.2587 0.0289 -0.9655
vn 0.4998 0.0288 -0.8657
vn 0.2305 0.4550 -0.8602
vn 0.4452 0.4550 -0.7712
vn 0.3171 0.7731 -0.5493
vn 0.6297 0.4550 -0.6297
vn 0.4485 0.7731 -0.4485
vn 0.5493 0.7731 -0.3172
vn 0.6127 0.7731 -0.1642
vn 0.7712 0.4550 -0.4453
vn 0.7068 0.0288 -0.7068
vn 0.8602 0.4550 -0.2305
vn 0.8657 0.0288 -0.4998
vn 0.8655 -0.0333 -0.4997
vn 0.9654 -0.0333 -0.2587
vn 0.9655 0.0288 -0.2587
vn 0.7041 -0.5823 -0.4065
vn 0.7067 -0.0333 -0.7067
vn 0.7853 -0.5823 -0.2104
vn 0.2623 -0.9530 -0.1514
vn 0.5749 -0.5823 -0.5749
vn 0.2925 -0.9530 -0.0784
vn 0.3029 -0.9530 -0.0000
vn 0.8130 -0.5823 -0.0000
vn 0.7853 -0.5823 0.2104
vn 0.2925 -0.9530 0.0784
vn 0.9994 -0.0333 -0.0000
vn 0.9654 -0.0333 0.2587
vn 0.9996 0.0288 -0.0000
vn 0.9655 0.0288 0.2587
vn 0.8905 0.4550 -0.0000
vn 0.8602 0.4550 0.2305
vn 0.6343 0.7731 -0.0000
vn 0.6127 0.7731 0.1642
vn 0.5493 0.7731 0.3171
vn 0.4485 0.7731 0.4485
vn 0.7712 0.4550 0.4453
vn 0.6297 0.4550 0.6297
vn 0.8657 0.0288 0.4998
vn 0.8655 -0.0333 0.4997
vn 0.7067 -0.0333 0.7067
vn 0.7068 0.0289 0.7068
vn 0.5749 -0.5823 0.5749
vn 0.7041 -0.5823 0.4065
vn 0.2623 -0.9530 0.1514
vn 0.2141 -0.9530 0.2142
vn 0.4065 -0.5823 0.7041
vn 0.1514 -0.9530 0.2623
vn 0.2104 -0.5823 0.7853
vn 0.0784 -0.9530 0.2925
vn 0.4997 -0.0333 0.8655
vn 0.2587 -0.0333 0.9654
vn 0.4998 0.0288 0.8657
vn 0.2587 0.0288 0.9655
vn 0.4453 0.4550 0.7712
vn 0.2305 0.4550 0.8602
vn 0.3171 0.7731 0.5493
vn 0.1642 0.7731 0.6127
vn -0.0000 0.7731 0.6343
vn -0.1641 0.7731 0.6127
vn -0.0000 0.4550 0.8905
vn -0.2305 0.4550 0.8602
vn -0.0000 0.0288 0.9996
vn -0.2587 -0.0333 0.9654
vn -0.2587 0.0288 0.9655
vn -0.0000 -0.5823 0.8130
vn -0.2104 -0.5823 0.7853
vn -0.0000 -0.9530 0.3029
vn -0.0784 -0.9530 0.2925
vn -0.4065 -0.5823 0.7041
vn -0.1514 -0.9530 0.2623
vn -0.2141 -0.9530 0.2142
vn -0.5749 -0.5823 0.5749
vn -0.4997 -0.0333 0.8655
vn -0.7067 -0.0333 0.7067
vn -0.4998 0.0288 0.8657
vn -0.7068 0.0288 0.7068
vn -0.4452 0.4550 0.7712
vn -0.6297 0.4550 0.6297
vn -0.3171 0.7731 0.5493
vn -0.4485 0.7731 0.4485
vn -0.5493 0.7731 0.3172
vn -0.6127 0.7731 0.1642
vn -0.7712 0.4550 0.4452
vn -0.8602 0.4550 0.2305
vn -0.8657 0.0288 0.4998
vn -0.9654 -0.0333 0.2587
vn -0.9655 0.0289 0.2587
vn -0.7041 -0.5823 0.4065
vn -0.8655 -0.0333 0.4997
vn -0.7853 -0.5823 0.2104
vn -0.2623 -0.9530 0.1514
vn -0.2925 -0.9530 0.0784
vn -0.3029 -0.9530 -0.0000
vn -0.8130 -0.5823 -0.0000
vn -0.7853 -0.5823 -0.2104
vn -0.2925 -0.9530 -0.0784
vn -0.9994 -0.0333 -0.0000
vn -0.9654 -0.0333 -0.2587
vn -0.9996 0.0288 -0.0000
vn -0.9655 0.0289 -0.2587
vn -0.8905 0.4550 -0.0000
vn -0.8601 0.4550 -0.2305
vn -0.6343 0.7731 -0.0000
vn -0.6127 0.7731 -0.1642
vn -0.5493 0.7731 -0.3171
vn -0.4485 0.7731 -0.4485
vn -0.7712 0.4550 -0.4453
vn -0.6297 0.4550 -0.6297
vn -0.8657 0.0288 -0.4998
vn -0.7067 -0.0333 -0.7067
vn -0.7068 0.0289 -0.7068
vn -0.7041 -0.5823 -0.4065
vn -0.8655 -0.0333 -0.4997
vn -0.2623 -0.9530 -0.1514
vn -0.5749 -0.5823 -0.5749
vn -0.2141 -0.9530 -0.2142
vn -0.4065 -0.5823 -0.7041
vn 0.2141 -0.9530 -0.2142
vn -0.5206 0.2696 -0.8101
vn -0.0000 0.7470 -0.6648
vn -0.0000 0.3199 -0.9475
vn -0.6169 0.2349 -0.7511
vn -0.3799 0.7580 -0.5302
vn 0.3799 0.7581 -0.5302
vn -0.3663 0.8083 -0.4609
vn -0.2169 0.8239 -0.5236
vn 0.3663 0.8083 -0.4609
vn 0.2169 0.8239 -0.5236
vn 0.3705 0.2498 -0.8946
vn 0.6169 0.2349 -0.7511
vn -0.5301 -0.5323 0.6601
vn -0.3764 -0.1799 0.9088
vn -0.3210 -0.5442 0.7751
vn -0.6226 -0.1711 0.7636
vn -0.4891 -0.5103 0.7073
vn -0.5390 -0.1906 0.8204
vn -0.0000 -0.5202 0.8541
vn -0.0000 -0.2242 0.9746
vn -0.0000 -0.8177 0.5757
vn -0.3361 -0.8004 0.4963
vn -0.3798 -0.7966 0.4703
vn -0.0000 -1.0000 -0.0000
vn -0.2301 -0.7991 0.5554
vn 0.4071 -0.8177 -0.4071
vn 0.8460 -0.5103 -0.1543
vn 0.5886 -0.8004 -0.1133
vn 0.1543 -0.5103 -0.8460
vn 0.1133 -0.8004 -0.5886
vn 0.6039 -0.5202 -0.6039
vn 0.9613 -0.1906 -0.1990
vn 0.1990 -0.1906 -0.9613
vn 0.6891 -0.2242 -0.6891
vn 0.0997 -0.1711 -0.9802
vn 0.0919 -0.5323 -0.8416
vn 0.0640 -0.7966 -0.6011
vn 0.3210 -0.5442 -0.7751
vn 0.2301 -0.7991 -0.5554
vn 0.3764 -0.1799 -0.9088
vn 0.3798 -0.7966 -0.4703
vn 0.3361 -0.8004 -0.4963
vn 0.5301 -0.5322 -0.6601
vn 0.6226 -0.1711 -0.7636
vn 0.4891 -0.5103 -0.7074
vn 0.5390 -0.1906 -0.8204
vn -0.0000 -0.8177 -0.5757
vn -0.0000 -0.5202 -0.8541
vn -0.5207 0.2696 0.8101
vn -0.0000 0.7470 0.6648
vn -0.3799 0.7580 0.5302
vn -0.6169 0.2349 0.7511
vn -0.3663 0.8083 0.4609
vn 0.3799 0.7580 0.5302
vn 0.5207 0.2696 0.8101
vn -0.0000 0.3199 0.9475
vn 0.6169 0.2349 0.7511
vn 0.3663 0.8083 0.4609
vn -0.5390 -0.1906 -0.8204
vn -0.0000 -0.2242 -0.9746
vn -0.4891 -0.5103 -0.7073
vn -0.6226 -0.1711 -0.7636
vn -0.3764 -0.1799 -0.9088
vn -0.5301 -0.5323 -0.6601
vn -0.3210 -0.5442 -0.7751
vn -0.3798 -0.7966 -0.4703
vn -0.2301 -0.7991 -0.5554
vn -0.3361 -0.8004 -0.4963
vn -0.0001 -1.0000 -0.0000
vn -0.0640 -0.7966 -0.6011
vn -0.1133 -0.8004 -0.5886
vn -0.0919 -0.5323 -0.8416
vn -0.0997 -0.1711 -0.9802
vn -0.1543 -0.5103 -0.8460
vn -0.1990 -0.1906 -0.9613
vn -0.4071 -0.8177 -0.4071
vn -0.6039 -0.5202 -0.6039
vn 0.2047 0.2696 0.9410
vn 0.4701 0.7470 0.4701
vn 0.1063 0.7580 0.6435
vn 0.0949 0.2349 0.9674
vn 0.0669 0.8083 0.5849
vn 0.6435 0.7580 0.1063
vn 0.9410 0.2696 0.2047
vn 0.6700 0.3199 0.6700
vn 0.9674 0.2349 0.0949
vn 0.5849 0.8083 0.0669
vn -0.9613 -0.1906 -0.1990
vn -0.6891 -0.2242 -0.6891
vn -0.8460 -0.5103 -0.1543
vn -0.9802 -0.1711 -0.0997
vn -0.9088 -0.1799 -0.3764
vn -0.8416 -0.5323 -0.0919
vn -0.7751 -0.5442 -0.3210
vn -0.6011 -0.7966 -0.0640
vn -0.5554 -0.7991 -0.2301
vn -0.5886 -0.8004 -0.1133
vn -0.4703 -0.7966 -0.3798
vn -0.4963 -0.8004 -0.3361
vn -0.6601 -0.5323 -0.5301
vn -0.7636 -0.1711 -0.6226
vn -0.7073 -0.5103 -0.4891
vn -0.8204 -0.1906 -0.5390
vn -0.5757 -0.8177 -0.0000
vn -0.8541 -0.5202 -0.0000
vn 0.8101 0.2696 0.5207
vn 0.6648 0.7470 -0.0000
vn 0.5302 0.7580 0.3799
vn 0.7511 0.2349 0.6169
vn 0.4609 0.8083 0.3663
vn 0.5302 0.7580 -0.3799
vn 0.8101 0.2696 -0.5207
vn 0.9475 0.3199 -0.0000
vn 0.7511 0.2349 -0.6169
vn 0.4609 0.8083 -0.3663
vn -0.8204 -0.1906 0.5390
vn -0.9746 -0.2242 -0.0000
vn -0.7073 -0.5103 0.4891
vn -0.7636 -0.1711 0.6226
vn -0.9088 -0.1799 0.3764
vn -0.6601 -0.5322 0.5301
vn -0.7751 -0.5442 0.3210
vn -0.4703 -0.7966 0.3798
vn -0.5554 -0.7991 0.2301
vn -0.4963 -0.8004 0.3361
vn -0.6011 -0.7966 0.0640
vn -0.5886 -0.8004 0.1133
vn -0.8416 -0.5322 0.0919
vn -0.9802 -0.1711 0.0997
vn -0.8460 -0.5103 0.1543
vn -0.9613 -0.1906 0.1990
vn -0.4071 -0.8177 0.4071
vn -0.6039 -0.5202 0.6039
vn -0.6891 -0.2242 0.6891
vn 0.9410 0.2696 -0.2047
vn 0.4701 0.7470 -0.4701
vn 0.6435 0.7580 -0.1063
vn 0.9674 0.2349 -0.0949
vn 0.5849 0.8083 -0.0669
vn 0.1063 0.7580 -0.6435
vn 0.5236 0.8239 -0.2169
vn 0.0669 0.8083 -0.5849
vn 0.0949 0.2349 -0.9674
vn 0.2047 0.2696 -0.9410
vn -0.1543 -0.5103 0.8460
vn -0.0997 -0.1711 0.9802
vn -0.1990 -0.1906 0.9613
vn -0.0919 -0.5323 0.8416
vn -0.1133 -0.8004 0.5886
vn -0.0640 -0.7966 0.6011
vn 0.6700 0.3199 -0.6700
vn 0.8946 0.2498 -0.3705
vn 0.5236 0.8239 0.2169
vn 0.8946 0.2498 0.3705
vn 0.2169 0.8239 0.5236
vn 0.3705 0.2498 0.8946
vn -0.2169 0.8239 0.5236
vn -0.0669 0.8083 0.5849
vn -0.3705 0.2498 0.8946
vn -0.0949 0.2349 0.9674
vn -0.1063 0.7580 0.6435
vn -0.2047 0.2696 0.9410
vn -0.4701 0.7470 0.4701
vn -0.6700 0.3199 0.6700
vn -0.6435 0.7581 0.1063
vn -0.9410 0.2696 0.2047
vn -0.5849 0.8083 0.0669
vn -0.9674 0.2349 0.0949
vn 0.9802 -0.1711 -0.0997
vn 0.9088 -0.1799 -0.3764
vn 0.8416 -0.5323 -0.0919
vn 0.6011 -0.7966 -0.0640
vn 0.7751 -0.5442 -0.3210
vn 0.5554 -0.7991 -0.2301
vn 0.6601 -0.5323 -0.5301
vn 0.4703 -0.7966 -0.3798
vn 0.4963 -0.8004 -0.3361
vn 0.7073 -0.5103 -0.4891
vn 0.5757 -0.8177 -0.0000
vn 0.7636 -0.1711 -0.6226
vn 0.8204 -0.1906 -0.5390
vn 0.8541 -0.5202 -0.0000
vn 0.8204 -0.1906 0.5390
vn 0.9746 -0.2242 -0.0000
vn 0.7073 -0.5103 0.4891
vn 0.4963 -0.8004 0.3361
vn 0.7636 -0.1711 0.6226
vn 0.6601 -0.5322 0.5301
vn 0.4703 -0.7966 0.3798
vn 0.7751 -0.5442 0.3210
vn 0.5554 -0.7991 0.2301
vn 0.6011 -0.7966 0.0640
vn 0.8416 -0.5323 0.0919
vn 0.9088 -0.1799 0.3764
vn 0.9802 -0.1711 0.0997
vn -0.8946 0.2498 -0.3705
vn -0.5849 0.8083 -0.0669
vn -0.9674 0.2349 -0.0949
vn -0.4609 0.8083 -0.3663
vn -0.5236 0.8239 -0.2169
vn -0.5302 0.7580 0.3799
vn -0.5302 0.7580 -0.3799
vn -0.8101 0.2696 -0.5207
vn -0.6648 0.7470 -0.0000
vn -0.7511 0.2349 -0.6169
vn -0.8101 0.2696 0.5207
vn -0.9475 0.3199 -0.0000
vn -0.7511 0.2349 0.6169
vn -0.8946 0.2498 0.3705
vn -0.4609 0.8083 0.3663
vn -0.5236 0.8239 0.2169
vn -0.6435 0.7580 -0.1063
vn -0.9410 0.2696 -0.2047
vn -0.4701 0.7470 -0.4701
vn -0.6700 0.3199 -0.6700
vn -0.1063 0.7581 -0.6435
vn 0.9613 -0.1906 0.1990
vn 0.6039 -0.5202 0.6039
vn 0.8460 -0.5103 0.1543
vn 0.4071 -0.8177 0.4071
vn 0.5886 -0.8004 0.1133
vn 0.1543 -0.5103 0.8460
vn 0.1133 -0.8004 0.5886
vn 0.0919 -0.5322 0.8416
vn 0.0640 -0.7966 0.6011
vn 0.1990 -0.1906 0.9613
vn 0.6891 -0.2242 0.6891
vn 0.0997 -0.1711 0.9802
vn 0.3210 -0.5442 0.7751
vn 0.2301 -0.7991 0.5554
vn 0.3764 -0.1799 0.9088
vn -0.3705 0.2498 -0.8946
vn -0.0669 0.8083 -0.5849
vn -0.0949 0.2349 -0.9674
vn -0.2047 0.2696 -0.9410
vn 0.5301 -0.5323 0.6601
vn 0.6226 -0.1711 0.7636
vn 0.4891 -0.5103 0.7073
vn 0.5390 -0.1906 0.8204
vn 0.3798 -0.7966 0.4703
vn 0.3361 -0.8004 0.4963
vn 0.0001 -1.0000 -0.0000
vn 0.5206 0.2696 -0.8101
vn 0.0577 -0.6532 0.7550
vn 0.4275 -0.6532 0.6250
vn 0.0577 0.6532 0.7550
vn 0.4274 0.6532 0.6250
vn 0.6827 0.6532 0.3275
vn 0.6827 -0.6532 0.3275
vn 0.7550 0.6532 -0.0577
vn -0.3275 0.6532 0.6827
vn -0.6250 0.6532 0.4274
vn -0.3275 -0.6532 0.6827
vn -0.6250 -0.6532 0.4275
vn -0.7550 -0.6532 0.0577
vn -0.7550 0.6532 0.0577
vn -0.6827 -0.6532 -0.3275
vn -0.6827 0.6532 -0.3275
vn -0.0577 0.6532 -0.7550
vn -0.4274 0.6532 -0.6250
vn -0.0577 -0.6532 -0.7550
vn -0.4274 -0.6532 -0.6250
vn 0.3275 -0.6532 -0.6827
vn 0.3275 0.6532 -0.6827
vn 0.6250 -0.6532 -0.4275
vn 0.6250 0.6532 -0.4274
vn 0.7550 -0.6532 -0.0577
vn 0.7549 -0.6532 -0.0577
vn 0.6250 -0.6532 -0.4274
vn 0.6250 0.6532 -0.4275
vn -0.6250 0.6532 0.4275
vn 0.4275 0.6532 0.6250
vn 0.1933 -0.0787 0.9780
vn -0.6930 -0.0014 0.7209
vn -0.7104 -0.0035 0.7038
vn 0.7047 -0.0812 0.7048
vn 0.2086 -0.0110 0.9779
vn -0.6923 0.0029 0.7216
vn 0.7070 -0.0133 0.7070
vn 0.2042 0.1115 0.9725
vn 0.9725 0.1115 0.2042
vn 0.9779 -0.0110 0.2086
vn 0.9780 -0.0787 0.1933
vn 0.9337 -0.3504 0.0737
vn 0.7921 -0.5575 0.2486
vn 0.6469 -0.6977 0.3079
vn 0.0739 -0.3504 0.9337
vn 0.2479 -0.5582 0.7918
vn 0.3078 -0.6977 0.6469
vn 0.4643 -0.7541 0.4644
vn 0.1959 -0.9344 -0.2976
vn -0.0549 -0.9970 -0.0548
vn -0.3774 -0.6244 -0.6838
vn -0.3180 -0.4959 -0.8080
vn 0.3693 -0.8075 -0.4599
vn -0.7060 0.0552 -0.7060
vn -0.5224 -0.6740 -0.5223
vn -0.9784 0.0686 -0.1953
vn -0.7070 0.0197 -0.7070
vn -0.1953 0.0686 -0.9784
vn -0.8079 -0.4965 -0.3174
vn -0.9593 -0.2463 -0.1382
vn -0.6837 -0.6246 -0.3773
vn -0.1381 -0.2463 -0.9593
vn -0.9837 0.0161 -0.1789
vn -0.9795 -0.0999 -0.1749
vn -0.7020 -0.1206 -0.7019
vn -0.9559 -0.2649 -0.1269
vn -0.6791 0.0145 0.7339
vn -0.6684 -0.3262 -0.6684
vn -0.1748 -0.0999 -0.9795
vn -0.1269 -0.2649 -0.9559
vn -0.1789 0.0161 -0.9837
vn 0.7209 -0.0014 -0.6930
vn 0.7216 0.0029 -0.6923
vn 0.7339 0.0145 -0.6791
vn 0.9409 0.2820 0.1874
vn 0.7038 -0.0035 -0.7104
vn 0.6200 -0.3921 -0.6796
vn 0.9258 0.3545 0.1314
vn 0.7008 -0.0042 -0.7134
vn 0.9629 0.2299 0.1413
vn 0.6828 -0.0101 -0.7305
vn -0.1458 -0.3559 -0.9231
vn -0.6399 -0.4254 -0.6399
vn -0.1943 -0.2369 -0.9519
vn -0.6787 -0.2808 -0.6787
vn -0.9519 -0.2369 -0.1943
vn -0.9231 -0.3559 -0.1459
vn -0.7134 -0.0042 0.7008
vn -0.7305 -0.0101 0.6828
vn -0.9750 -0.0879 -0.2041
vn -0.7198 -0.0017 0.6942
vn -0.7032 -0.1052 -0.7032
vn -0.9786 0.0072 -0.2058
vn -0.7071 0.0096 -0.7071
vn -0.2041 -0.0879 -0.9750
vn -0.2058 0.0072 -0.9786
vn 0.6942 -0.0017 -0.7198
vn 0.6972 0.0008 -0.7168
vn 0.9804 0.0842 0.1783
vn 0.9828 -0.0010 0.1848
vn 0.9767 -0.1457 0.1579
vn 0.6814 0.0081 -0.7319
vn 0.9057 -0.4195 0.0607
vn 0.6692 0.0347 -0.7422
vn -0.2114 0.1635 -0.9636
vn -0.1510 0.4427 -0.8839
vn -0.6937 0.1936 -0.6937
vn -0.9636 0.1636 -0.2114
vn -0.8839 0.4427 -0.1510
vn -0.6045 0.5188 -0.6045
vn -0.7319 0.0081 0.6814
vn -0.7422 0.0347 0.6692
vn -0.7257 0.6879 0.0144
vn -0.4174 0.8072 -0.4174
vn -0.7255 0.0390 0.6871
vn -0.5389 0.8171 0.2050
vn -0.1970 0.9604 -0.1970
vn 0.0144 0.6879 -0.7257
vn 0.2050 0.8171 -0.5389
vn 0.6871 0.0390 -0.7255
vn 0.6967 0.0450 -0.7160
vn 0.7073 0.0460 -0.7054
vn 0.4115 0.8468 -0.3369
vn 0.0435 0.9981 0.0435
vn 0.7189 0.0394 -0.6940
vn 0.6083 0.7810 -0.1414
vn 0.2760 0.9207 0.2760
vn -0.3369 0.8468 0.4115
vn -0.6940 0.0394 0.7189
vn -0.1414 0.7810 0.6083
vn -0.7054 0.0460 0.7073
vn -0.6659 0.0493 0.7444
vn 0.0843 0.5746 0.8141
vn 0.5244 0.6708 0.5244
vn 0.2055 0.2368 0.9496
vn 0.6790 0.2792 0.6790
vn 0.8141 0.5746 0.0843
vn 0.9496 0.2368 0.2055
vn 0.7444 0.0493 -0.6659
vn 0.7409 0.0168 -0.6714
vn 0.9783 0.0402 0.2035
vn 0.7165 0.0006 -0.6976
vn 0.7063 0.0485 0.7063
vn 0.0217 -0.5317 -0.8467
vn -0.1301 -0.2164 -0.9676
vn -0.1836 -0.0373 -0.9823
vn 0.6382 -0.4327 -0.6368
vn -0.1097 -0.3426 -0.9331
vn 0.9339 -0.3397 0.1115
vn 0.3502 -0.8698 -0.3475
vn -0.3203 -0.5683 -0.7579
vn 0.2006 -0.9596 -0.1974
vn 0.7584 -0.5669 0.3217
vn 0.6386 -0.6688 0.3807
vn -0.7071 -0.0098 -0.7070
vn -0.3792 -0.6705 -0.6377
vn 0.0016 -1.0000 0.0017
vn -0.5030 -0.7028 -0.5030
vn -0.6377 -0.6706 -0.3791
vn -0.1976 -0.9595 0.2006
vn -0.7577 -0.5690 -0.3197
vn -0.9330 -0.3426 -0.1097
vn -0.3476 -0.8698 0.3503
vn -0.6368 -0.4327 0.6382
vn 0.3211 -0.5675 0.7582
vn 0.1115 -0.3398 0.9339
vn -0.6976 0.0006 0.7165
vn 0.2035 0.0402 0.9783
vn -0.9823 -0.0373 -0.1836
vn 0.7071 -0.0071 0.7071
vn 0.5042 -0.7011 0.5043
vn 0.3806 -0.6689 0.6386
vn -0.6714 0.0168 0.7409
vn -0.9676 -0.2164 -0.1301
vn -0.6814 -0.2673 -0.6814
vn -0.7064 -0.0448 -0.7064
vn -0.5225 -0.6737 -0.5225
vn -0.8467 -0.5317 0.0217
vn -0.6314 -0.7503 0.1956
vn -0.2680 -0.9254 -0.2680
vn 0.1956 -0.7503 -0.6314
vn -0.0468 -0.9978 -0.0468
vn -0.4514 -0.8084 0.3777
vn -0.7160 0.0450 0.6967
vn -0.2619 -0.7828 0.5644
vn 0.1869 -0.9644 0.1869
vn 0.5644 -0.7828 -0.2619
vn 0.3777 -0.8084 -0.4514
vn 0.7422 -0.6650 -0.0826
vn 0.6033 -0.5216 0.6033
vn -0.0826 -0.6650 0.7422
vn 0.0607 -0.4195 0.9057
vn 0.4061 -0.8186 0.4061
vn 0.1579 -0.1457 0.9767
vn 0.6958 -0.1779 0.6958
vn -0.7168 0.0008 0.6972
vn 0.1848 -0.0010 0.9828
vn 0.7071 -0.0010 0.7071
vn 0.7034 0.1020 0.7034
vn 0.1783 0.0842 0.9804
vn 0.6783 0.2823 0.6783
vn 0.1413 0.2299 0.9629
vn 0.1314 0.3545 0.9258
vn 0.6388 0.4287 0.6388
vn 0.1874 0.2820 0.9409
vn 0.6666 0.3336 0.6666
vn 0.7008 0.1334 0.7008
vn -0.6795 -0.3922 0.6200
vn -0.4600 -0.8074 0.3693
vn -0.2978 -0.9343 0.1961
vn -0.4294 -0.1026 0.8973
vn -0.6526 0.5842 0.4825
vn -0.8896 0.3078 0.3374
vn -0.0916 0.7182 -0.6897
vn -0.3286 0.4418 -0.8348
vn -0.3159 0.6862 0.6553
vn 0.2451 0.8202 -0.5170
vn 0.0303 0.5863 0.8095
vn 0.5913 0.7203 -0.3627
vn 0.4294 0.1026 -0.8973
vn -0.4024 0.0649 -0.9132
vn -0.2932 -0.3114 -0.9039
vn -0.9634 -0.0691 0.2591
vn -0.8542 -0.4454 0.2683
vn -0.5913 -0.7203 0.3627
vn -0.0303 -0.5863 -0.8095
vn -0.2451 -0.8202 0.5170
vn 0.3159 -0.6862 -0.6553
vn 0.6526 -0.5842 -0.4825
vn 0.8896 -0.3078 -0.3374
vn 0.0916 -0.7182 0.6898
vn 0.3286 -0.4418 0.8348
vn 0.4024 -0.0649 0.9132
vn 0.9634 0.0691 -0.2591
vn 0.2932 0.3114 0.9039
vn 0.8542 0.4454 -0.2683
vn 0.8191 0.0008 0.5736
vn 0.8192 0.0008 0.5736
vn 0.1028 0.3894 0.9153
vn 0.2822 0.6678 0.6888
vn -0.9247 0.3653 0.1074
vn -0.7591 0.6437 -0.0971
vn 0.5252 0.7591 0.3847
vn -0.5230 0.7578 -0.3902
vn 0.7610 0.6422 0.0924
vn -0.2803 0.6635 -0.6936
vn -0.8191 -0.0008 -0.5736
vn -0.9836 0.0021 0.1804
vn -0.8192 -0.0008 -0.5736
vn 0.1017 -0.3831 0.9181
vn -0.9257 -0.3618 0.1101
vn 0.0369 0.0036 0.9993
vn 0.2803 -0.6636 0.6936
vn -0.7610 -0.6422 -0.0924
vn 0.5230 -0.7578 0.3902
vn -0.5252 -0.7591 -0.3847
vn -0.2822 -0.6678 -0.6888
vn -0.1028 -0.3894 -0.9153
vn 0.9247 -0.3653 -0.1074
vn 0.7591 -0.6437 0.0971
vn 0.9836 -0.0021 -0.1804
vn -0.0369 -0.0036 -0.9993
vn 0.9257 0.3618 -0.1101
vn -0.1017 0.3831 -0.9181
vn 0.3946 -0.1059 -0.9127
vn 0.6411 0.5774 -0.5055
vn 0.8801 0.2980 -0.3697
vn 0.1256 0.7158 0.6870
vn 0.3645 0.4363 0.8227
vn -0.2161 0.8220 0.5269
vn 0.2995 0.6837 -0.6655
vn -0.5689 0.7265 0.3855
vn -0.3946 0.1059 0.9127
vn 0.9522 -0.0799 -0.2947
vn 0.4367 0.0584 0.8977
vn 0.3228 -0.3165 0.8920
vn 0.8384 -0.4548 -0.3005
vn 0.5689 -0.7265 -0.3855
vn 0.0533 -0.5882 0.8070
vn 0.2161 -0.8220 -0.5269
vn -0.2995 -0.6837 0.6655
vn -0.8800 -0.2980 0.3698
vn -0.6411 -0.5775 0.5055
vn -0.1255 -0.7157 -0.6870
vn -0.3645 -0.4363 -0.8227
vn -0.4367 -0.0584 -0.8977
vn -0.9522 0.0799 0.2947
vn -0.3228 0.3165 -0.8920
vn -0.8384 0.4548 0.3005
vn -0.0533 0.5882 -0.8070
vn -0.9016 -0.0000 -0.4326
vn -0.7527 0.6557 0.0588
vn -0.5889 0.7572 -0.2825
vn 0.4252 0.6557 0.6239
vn 0.5890 0.7572 0.2825
vn 0.3053 0.3786 0.8738
vn -0.8726 0.3786 0.3087
vn 0.2615 -0.0000 0.9652
vn -0.9165 -0.0000 0.4001
vn -0.8726 -0.3786 0.3087
vn 0.3053 -0.3786 0.8738
vn -0.7527 -0.6557 0.0588
vn 0.4252 -0.6557 0.6239
vn -0.5890 -0.7572 -0.2826
vn 0.5890 -0.7571 0.2826
vn -0.4252 -0.6557 -0.6239
vn 0.7527 -0.6557 -0.0588
vn 0.8726 -0.3786 -0.3087
vn -0.3053 -0.3786 -0.8738
vn -0.2615 -0.0000 -0.9652
vn 0.9165 -0.0000 -0.4001
vn 0.8726 0.3786 -0.3086
vn -0.3053 0.3786 -0.8738
vn 0.7527 0.6557 -0.0588
vn -0.4252 0.6557 -0.6239
vn 0.9016 -0.0000 0.4326
vn 0.9016 -0.0000 0.4325
vn -0.0160 0.9981 -0.0597
vn -0.0000 0.8819 -0.4715
vn -0.1220 0.8819 -0.4554
vn 0.0160 0.9981 -0.0597
vn -0.0000 0.9981 -0.0618
vn -0.0000 0.4055 -0.9141
vn 0.2366 0.4055 -0.8830
vn 0.1220 0.8819 -0.4554
vn -0.4570 0.4055 -0.7916
vn -0.2357 0.8819 -0.4083
vn -0.0309 0.9981 -0.0535
vn -0.2581 0.0761 -0.9631
vn -0.2366 0.4055 -0.8830
vn -0.0000 0.0761 -0.9971
vn -0.4903 0.1960 -0.8492
vn -0.2538 0.1960 -0.9472
vn -0.0000 0.1960 -0.9806
vn -0.4999 -0.0220 -0.8658
vn -0.0000 -0.0220 -0.9998
vn -0.2588 -0.0220 -0.9657
vn -0.4888 -0.2102 -0.8467
vn -0.0000 -0.2102 -0.9777
vn -0.2537 0.1975 -0.9469
vn -0.4901 0.1975 -0.8490
vn -0.0000 0.1975 -0.9803
vn -0.4892 -0.2065 -0.8474
vn -0.0000 -0.2065 -0.9784
vn -0.2532 -0.2065 -0.9451
vn -0.4853 0.2410 -0.8405
vn -0.2512 0.2410 -0.9375
vn -0.2585 -0.0452 -0.9649
vn -0.0000 -0.0452 -0.9990
vn -0.0000 0.2410 -0.9705
vn -0.4749 -0.3128 -0.8226
vn -0.4995 -0.0452 -0.8651
vn -0.2458 -0.3128 -0.9174
vn -0.4940 -0.1540 -0.8557
vn -0.0000 -0.1540 -0.9881
vn -0.0000 -0.3128 -0.9498
vn -0.2557 -0.1540 -0.9544
vn -0.4410 -0.4711 -0.7639
vn -0.0000 -0.4711 -0.8821
vn -0.2283 -0.4711 -0.8520
vn -0.2442 -0.8726 -0.4230
vn -0.1264 -0.8726 -0.4718
vn -0.0442 -0.9961 -0.0765
vn -0.0000 -0.8726 -0.4884
vn -0.0229 -0.9961 -0.0853
vn -0.0000 -0.9961 -0.0883
vn 0.0229 -0.9961 -0.0853
vn 0.0442 -0.9961 -0.0765
vn 0.1264 -0.8726 -0.4718
vn 0.2442 -0.8726 -0.4230
vn 0.2283 -0.4711 -0.8520
vn 0.4410 -0.4711 -0.7639
vn 0.2557 -0.1540 -0.9544
vn 0.4940 -0.1540 -0.8557
vn 0.2458 -0.3128 -0.9174
vn 0.4749 -0.3128 -0.8225
vn 0.2586 -0.0452 -0.9649
vn 0.4995 -0.0452 -0.8651
vn 0.2512 0.2410 -0.9375
vn 0.4853 0.2410 -0.8405
vn 0.2532 -0.2065 -0.9451
vn 0.4892 -0.2065 -0.8474
vn 0.2588 -0.0220 -0.9657
vn 0.4999 -0.0220 -0.8658
vn 0.2537 0.1975 -0.9469
vn 0.4902 0.1975 -0.8490
vn 0.2530 -0.2102 -0.9443
vn 0.4888 -0.2102 -0.8467
vn 0.2538 0.1960 -0.9472
vn 0.4903 0.1960 -0.8492
vn 0.2581 0.0761 -0.9631
vn 0.4985 0.0761 -0.8635
vn 0.4570 0.4055 -0.7916
vn 0.2357 0.8819 -0.4083
vn 0.6464 0.4055 -0.6464
vn 0.3334 0.8819 -0.3334
vn 0.0309 0.9981 -0.0535
vn 0.0437 0.9981 -0.0437
vn 0.0535 0.9981 -0.0309
vn 0.0597 0.9981 -0.0160
vn 0.4083 0.8819 -0.2357
vn 0.0618 0.9981 -0.0000
vn 0.4554 0.8819 -0.1220
vn 0.4554 0.8819 0.1220
vn 0.4714 0.8819 -0.0000
vn 0.0597 0.9981 0.0160
vn 0.4083 0.8819 0.2357
vn 0.0535 0.9981 0.0309
vn 0.3334 0.8819 0.3334
vn 0.0437 0.9981 0.0437
vn 0.2357 0.8819 0.4083
vn 0.0309 0.9981 0.0535
vn 0.1220 0.8819 0.4554
vn -0.0000 0.9981 0.0618
vn 0.0160 0.9981 0.0597
vn -0.0160 0.9981 0.0597
vn -0.0000 0.8819 0.4715
vn -0.0309 0.9981 0.0535
vn -0.1220 0.8819 0.4554
vn -0.0437 0.9981 0.0437
vn -0.2357 0.8819 0.4083
vn -0.0535 0.9981 0.0309
vn -0.3334 0.8819 0.3334
vn -0.0597 0.9981 0.0160
vn -0.4083 0.8819 0.2357
vn -0.4715 0.8819 -0.0000
vn -0.4554 0.8819 0.1220
vn -0.0618 0.9981 -0.0000
vn -0.4554 0.8819 -0.1220
vn -0.0597 0.9981 -0.0160
vn -0.4083 0.8819 -0.2357
vn -0.0535 0.9981 -0.0309
vn -0.3334 0.8819 -0.3334
vn -0.0437 0.9981 -0.0437
vn -0.6464 0.4055 -0.6464
vn -0.7051 0.0761 -0.7051
vn -0.7916 0.4055 -0.4571
vn -0.4985 0.0761 -0.8635
vn -0.8492 0.1960 -0.4903
vn -0.6934 0.1960 -0.6934
vn -0.7069 -0.0220 -0.7069
vn -0.6913 -0.2102 -0.6913
vn -0.8658 -0.0220 -0.4999
vn -0.8490 0.1975 -0.4901
vn -0.6932 0.1975 -0.6932
vn -0.6919 -0.2065 -0.6919
vn -0.6863 0.2410 -0.6863
vn -0.8474 -0.2065 -0.4892
vn -0.8651 -0.0452 -0.4995
vn -0.8405 0.2410 -0.4853
vn -0.7064 -0.0452 -0.7064
vn -0.8226 -0.3128 -0.4749
vn -0.6987 -0.1540 -0.6987
vn -0.6716 -0.3128 -0.6716
vn -0.6237 -0.4711 -0.6237
vn -0.8557 -0.1540 -0.4940
vn -0.4230 -0.8726 -0.2442
vn -0.7639 -0.4711 -0.4410
vn -0.3453 -0.8726 -0.3454
vn -0.0765 -0.9961 -0.0442
vn -0.0625 -0.9961 -0.0624
vn -0.0853 -0.9961 -0.0229
vn -0.4718 -0.8726 -0.1264
vn -0.0883 -0.9961 -0.0000
vn -0.4884 -0.8726 -0.0000
vn -0.8520 -0.4711 -0.2283
vn -0.8821 -0.4711 -0.0000
vn -0.9544 -0.1540 -0.2557
vn -0.9881 -0.1540 -0.0000
vn -0.9498 -0.3128 -0.0000
vn -0.9174 -0.3128 -0.2458
vn -0.9990 -0.0452 -0.0000
vn -0.9649 -0.0452 -0.2586
vn -0.9705 0.2410 -0.0000
vn -0.9375 0.2410 -0.2512
vn -0.9784 -0.2065 -0.0000
vn -0.9451 -0.2065 -0.2532
vn -0.9657 -0.0220 -0.2588
vn -0.9998 -0.0220 -0.0000
vn -0.9803 0.1975 -0.0000
vn -0.9469 0.1975 -0.2537
vn -0.9777 -0.2102 -0.0000
vn -0.9443 -0.2102 -0.2530
vn -0.8467 -0.2102 -0.4888
vn -0.9806 0.1960 -0.0000
vn -0.9472 0.1960 -0.2538
vn -0.9971 0.0761 -0.0000
vn -0.9631 0.0761 -0.2581
vn -0.8635 0.0761 -0.4986
vn -0.9141 0.4055 -0.0000
vn -0.8830 0.4055 -0.2366
vn -0.8830 0.4055 0.2366
vn -0.8635 0.0761 0.4986
vn -0.7916 0.4055 0.4571
vn -0.9472 0.1960 0.2538
vn -0.9631 0.0761 0.2581
vn -0.9657 -0.0220 0.2588
vn -0.8492 0.1960 0.4903
vn -0.9443 -0.2102 0.2530
vn -0.8658 -0.0220 0.4999
vn -0.8467 -0.2102 0.4888
vn -0.9469 0.1975 0.2537
vn -0.8490 0.1975 0.4901
vn -0.9451 -0.2065 0.2532
vn -0.9375 0.2410 0.2512
vn -0.8474 -0.2065 0.4892
vn -0.9649 -0.0452 0.2586
vn -0.8405 0.2410 0.4853
vn -0.9174 -0.3128 0.2458
vn -0.8651 -0.0452 0.4995
vn -0.9544 -0.1540 0.2557
vn -0.8225 -0.3129 0.4749
vn -0.7639 -0.4711 0.4410
vn -0.8557 -0.1540 0.4940
vn -0.8520 -0.4711 0.2283
vn -0.4230 -0.8726 0.2442
vn -0.4718 -0.8726 0.1264
vn -0.0853 -0.9961 0.0229
vn -0.0765 -0.9961 0.0442
vn -0.0625 -0.9961 0.0624
vn -0.0442 -0.9961 0.0765
vn -0.2442 -0.8726 0.4230
vn -0.3453 -0.8726 0.3453
vn -0.6237 -0.4711 0.6237
vn -0.4410 -0.4711 0.7639
vn -0.4940 -0.1540 0.8557
vn -0.6987 -0.1540 0.6987
vn -0.4749 -0.3128 0.8226
vn -0.6716 -0.3128 0.6716
vn -0.7064 -0.0452 0.7064
vn -0.4995 -0.0452 0.8651
vn -0.4853 0.2410 0.8405
vn -0.6863 0.2410 0.6863
vn -0.4892 -0.2065 0.8474
vn -0.6919 -0.2065 0.6919
vn -0.4999 -0.0220 0.8658
vn -0.7069 -0.0220 0.7069
vn -0.6932 0.1975 0.6932
vn -0.4901 0.1975 0.8490
vn -0.6913 -0.2102 0.6913
vn -0.6934 0.1960 0.6934
vn -0.4903 0.1960 0.8492
vn -0.7051 0.0761 0.7051
vn -0.4570 0.4055 0.7916
vn -0.6464 0.4055 0.6464
vn -0.4985 0.0761 0.8635
vn -0.2366 0.4055 0.8830
vn -0.0000 0.0761 0.9971
vn -0.0000 0.4055 0.9141
vn -0.2538 0.1960 0.9472
vn -0.2581 0.0761 0.9631
vn -0.2588 -0.0220 0.9657
vn -0.0000 0.1960 0.9806
vn -0.2530 -0.2102 0.9443
vn -0.0000 -0.0220 0.9998
vn -0.4888 -0.2102 0.8467
vn -0.2537 0.1975 0.9469
vn -0.0000 -0.2102 0.9777
vn -0.0000 0.1975 0.9803
vn -0.2532 -0.2065 0.9451
vn -0.2512 0.2410 0.9375
vn -0.0000 -0.2065 0.9784
vn -0.2586 -0.0452 0.9649
vn -0.0000 0.2410 0.9705
vn -0.2458 -0.3128 0.9174
vn -0.0000 -0.0452 0.9990
vn -0.2557 -0.1540 0.9544
vn -0.0000 -0.3128 0.9498
vn -0.0000 -0.4711 0.8821
vn -0.0000 -0.1540 0.9881
vn -0.2283 -0.4711 0.8520
vn -0.0000 -0.8726 0.4884
vn -0.1264 -0.8726 0.4718
vn -0.0000 -0.9961 0.0883
vn -0.0229 -0.9961 0.0853
vn 0.0229 -0.9961 0.0853
vn 0.1264 -0.8726 0.4718
vn 0.0442 -0.9961 0.0765
vn 0.2442 -0.8726 0.4230
vn 0.2283 -0.4711 0.8520
vn 0.4410 -0.4711 0.7639
vn 0.4940 -0.1540 0.8557
vn 0.2557 -0.1540 0.9544
vn 0.2458 -0.3128 0.9174
vn 0.4749 -0.3128 0.8226
vn 0.2586 -0.0452 0.9649
vn 0.4995 -0.0452 0.8651
vn 0.4853 0.2410 0.8405
vn 0.2512 0.2410 0.9375
vn 0.4892 -0.2065 0.8474
vn 0.2532 -0.2065 0.9451
vn 0.2587 -0.0220 0.9657
vn 0.4999 -0.0220 0.8658
vn 0.4902 0.1975 0.8490
vn 0.2537 0.1975 0.9469
vn 0.4888 -0.2102 0.8467
vn 0.2530 -0.2102 0.9443
vn 0.2588 -0.0220 0.9657
vn 0.4903 0.1960 0.8492
vn 0.2538 0.1960 0.9472
vn 0.4986 0.0761 0.8635
vn 0.2581 0.0761 0.9631
vn 0.2366 0.4055 0.8830
vn 0.4571 0.4055 0.7916
vn 0.6464 0.4055 0.6464
vn 0.7051 0.0761 0.7051
vn 0.7916 0.4055 0.4571
vn 0.6934 0.1960 0.6934
vn 0.8635 0.0761 0.4986
vn 0.7069 -0.0220 0.7069
vn 0.8492 0.1960 0.4903
vn 0.6913 -0.2102 0.6913
vn 0.8658 -0.0220 0.4999
vn 0.8467 -0.2102 0.4888
vn 0.6932 0.1975 0.6932
vn 0.8490 0.1975 0.4902
vn 0.8474 -0.2065 0.4892
vn 0.6919 -0.2065 0.6919
vn 0.6863 0.2410 0.6863
vn 0.7064 -0.0452 0.7064
vn 0.8405 0.2410 0.4853
vn 0.8226 -0.3129 0.4749
vn 0.8651 -0.0452 0.4995
vn 0.6716 -0.3128 0.6716
vn 0.6987 -0.1540 0.6987
vn 0.6237 -0.4711 0.6237
vn 0.8557 -0.1540 0.4940
vn 0.4230 -0.8726 0.2442
vn 0.7639 -0.4711 0.4410
vn 0.3453 -0.8726 0.3453
vn 0.0765 -0.9961 0.0442
vn 0.0624 -0.9961 0.0624
vn 0.0853 -0.9961 0.0229
vn 0.4717 -0.8726 0.1264
vn 0.0883 -0.9961 -0.0000
vn 0.4884 -0.8726 -0.0000
vn 0.8520 -0.4711 0.2283
vn 0.8821 -0.4711 -0.0000
vn 0.9544 -0.1540 0.2557
vn 0.9881 -0.1540 -0.0000
vn 0.9174 -0.3128 0.2458
vn 0.9498 -0.3128 -0.0000
vn 0.9990 -0.0452 -0.0000
vn 0.9649 -0.0452 0.2586
vn 0.9705 0.2410 -0.0000
vn 0.9375 0.2410 0.2512
vn 0.9784 -0.2065 -0.0000
vn 0.9451 -0.2065 0.2532
vn 0.9998 -0.0220 -0.0000
vn 0.9657 -0.0220 0.2588
vn 0.9803 0.1975 -0.0000
vn 0.9469 0.1975 0.2537
vn 0.9777 -0.2102 -0.0000
vn 0.9443 -0.2102 0.2530
vn 0.9806 0.1960 -0.0000
vn 0.9472 0.1960 0.2538
vn 0.9971 0.0761 -0.0000
vn 0.9631 0.0761 0.2581
vn 0.9141 0.4055 -0.0000
vn 0.8830 0.4055 0.2366
vn 0.8830 0.4055 -0.2366
vn 0.8635 0.0761 -0.4986
vn 0.7916 0.4055 -0.4571
vn 0.9472 0.1960 -0.2538
vn 0.9631 0.0761 -0.2581
vn 0.8658 -0.0220 -0.4999
vn 0.8492 0.1960 -0.4903
vn 0.9443 -0.2102 -0.2530
vn 0.9657 -0.0220 -0.2588
vn 0.8490 0.1975 -0.4901
vn 0.9469 0.1975 -0.2537
vn 0.9451 -0.2065 -0.2532
vn 0.9375 0.2410 -0.2512
vn 0.8474 -0.2065 -0.4892
vn 0.8651 -0.0452 -0.4995
vn 0.8405 0.2410 -0.4853
vn 0.9174 -0.3128 -0.2458
vn 0.9649 -0.0452 -0.2586
vn 0.9544 -0.1540 -0.2557
vn 0.8226 -0.3128 -0.4749
vn 0.7639 -0.4711 -0.4410
vn 0.8557 -0.1540 -0.4940
vn 0.8520 -0.4711 -0.2283
vn 0.4717 -0.8726 -0.1264
vn 0.0853 -0.9961 -0.0229
vn 0.4230 -0.8726 -0.2442
vn 0.0765 -0.9961 -0.0442
vn 0.0625 -0.9961 -0.0624
vn 0.3453 -0.8726 -0.3453
vn 0.6237 -0.4711 -0.6237
vn 0.6987 -0.1540 -0.6987
vn 0.6716 -0.3128 -0.6716
vn 0.7064 -0.0452 -0.7064
vn 0.6863 0.2410 -0.6863
vn 0.6919 -0.2065 -0.6919
vn 0.7069 -0.0220 -0.7069
vn 0.6932 0.1975 -0.6932
vn 0.6913 -0.2102 -0.6913
vn 0.8467 -0.2102 -0.4888
vn 0.6934 0.1960 -0.6934
vn 0.7051 0.0761 -0.7051
vn -0.0000 -0.0844 0.9964
vn -0.3747 -0.2038 0.9045
vn -0.0000 -0.2038 0.9790
vn 0.3747 -0.2038 0.9045
vn -0.3813 -0.0844 0.9206
vn -0.6923 -0.2038 0.6923
vn -0.7066 0.0381 0.7066
vn -0.7046 -0.0844 0.7046
vn -0.3824 0.0381 0.9232
vn -0.7031 0.1063 0.7031
vn -0.0000 0.0381 0.9993
vn -0.3805 0.1063 0.9186
vn -0.6999 0.1427 0.6999
vn -0.0000 0.1063 0.9943
vn -0.3788 0.1427 0.9144
vn -0.7045 0.0858 0.7045
vn -0.0000 0.1427 0.9898
vn -0.3813 0.0858 0.9205
vn -0.7071 0.0004 0.7071
vn -0.0000 0.0858 0.9963
vn -0.3827 0.0004 0.9239
vn -0.3820 -0.0600 0.9222
vn -0.0000 -0.0600 0.9982
vn -0.0000 0.0004 1.0000
vn -0.3821 -0.0567 0.9224
vn -0.7058 -0.0600 0.7058
vn -0.0000 -0.0567 0.9984
vn -0.3825 -0.0335 0.9234
vn -0.7060 -0.0567 0.7060
vn -0.0000 -0.0335 0.9994
vn -0.3827 -0.0114 0.9238
vn -0.7067 -0.0335 0.7067
vn -0.0000 -0.0114 0.9999
vn -0.3827 0.0054 0.9239
vn -0.7071 -0.0114 0.7071
vn -0.0000 0.0054 1.0000
vn -0.3754 0.1935 0.9064
vn -0.7071 0.0054 0.7071
vn -0.0000 0.1935 0.9811
vn -0.3347 0.4850 0.8079
vn -0.6937 0.1935 0.6937
vn -0.6685 0.3258 0.6685
vn -0.6184 0.4850 0.6184
vn -0.0000 0.4850 0.8745
vn -0.3618 0.3258 0.8735
vn -0.3827 -0.0107 0.9238
vn -0.0000 -0.0107 0.9999
vn -0.0000 0.3258 0.9454
vn 0.3827 -0.0107 0.9238
vn 0.3618 0.3258 0.8735
vn 0.7071 -0.0107 0.7071
vn 0.6685 0.3258 0.6685
vn 0.3347 0.4850 0.8079
vn 0.6184 0.4850 0.6184
vn 0.3755 0.1935 0.9064
vn 0.6937 0.1935 0.6937
vn 0.3827 0.0054 0.9239
vn 0.7071 0.0054 0.7071
vn 0.3827 -0.0114 0.9238
vn 0.7071 -0.0114 0.7071
vn 0.3825 -0.0335 0.9234
vn 0.7067 -0.0335 0.7067
vn 0.3821 -0.0567 0.9224
vn 0.7060 -0.0567 0.7060
vn 0.3820 -0.0600 0.9222
vn 0.7058 -0.0600 0.7058
vn 0.3827 0.0004 0.9239
vn 0.7071 0.0004 0.7071
vn 0.3813 0.0858 0.9205
vn 0.7045 0.0858 0.7045
vn 0.3788 0.1427 0.9144
vn 0.6999 0.1427 0.6999
vn 0.3805 0.1063 0.9186
vn 0.7031 0.1063 0.7031
vn 0.3824 0.0381 0.9232
vn 0.7066 0.0381 0.7066
vn 0.3813 -0.0844 0.9206
vn 0.7046 -0.0844 0.7046
vn 0.6923 -0.2038 0.6923
vn 0.9206 -0.0844 0.3813
vn 0.9045 -0.2038 0.3747
vn 0.9790 -0.2038 -0.0000
vn 0.9206 -0.0844 -0.3813
vn 0.9045 -0.2038 -0.3747
vn 0.9964 -0.0844 -0.0000
vn 0.9232 0.0381 0.3824
vn 0.9993 0.0381 -0.0000
vn 0.9186 0.1063 0.3805
vn 0.9232 0.0381 -0.3824
vn 0.9943 0.1063 -0.0000
vn 0.9144 0.1427 0.3788
vn 0.9186 0.1063 -0.3805
vn 0.9898 0.1427 -0.0000
vn 0.9963 0.0858 -0.0000
vn 0.9144 0.1427 -0.3788
vn 0.9239 0.0004 0.3827
vn 0.9205 0.0858 0.3813
vn 0.9205 0.0858 -0.3813
vn 1.0000 0.0004 -0.0000
vn 0.9982 -0.0600 -0.0000
vn 0.9222 -0.0600 -0.3820
vn 0.9239 0.0004 -0.3827
vn 0.9984 -0.0567 -0.0000
vn 0.9222 -0.0600 0.3820
vn 0.9224 -0.0567 -0.3821
vn 0.9994 -0.0335 -0.0000
vn 0.9224 -0.0567 0.3821
vn 0.9234 -0.0335 -0.3825
vn 0.9999 -0.0114 -0.0000
vn 0.9234 -0.0335 0.3825
vn 0.9238 -0.0114 -0.3827
vn 1.0000 0.0054 -0.0000
vn 0.9238 -0.0114 0.3827
vn 0.9239 0.0054 -0.3827
vn 0.9811 0.1935 -0.0000
vn 0.9239 0.0054 0.3827
vn 0.8745 0.4850 -0.0000
vn 0.9064 0.1935 0.3755
vn 0.9064 0.1935 -0.3755
vn 0.9454 0.3258 -0.0000
vn 0.8079 0.4850 0.3347
vn 0.8079 0.4850 -0.3347
vn 0.9999 -0.0107 -0.0000
vn 0.8735 0.3258 0.3618
vn 0.9238 -0.0107 -0.3827
vn 0.8735 0.3258 -0.3618
vn 0.7071 -0.0107 -0.7071
vn 0.6685 0.3258 -0.6685
vn 0.3827 -0.0107 -0.9238
vn 0.3618 0.3258 -0.8735
vn 0.6184 0.4850 -0.6184
vn 0.3347 0.4850 -0.8079
vn 0.6937 0.1935 -0.6937
vn 0.3754 0.1935 -0.9064
vn 0.7071 0.0054 -0.7071
vn 0.3827 0.0054 -0.9239
vn 0.7071 -0.0114 -0.7071
vn 0.3827 -0.0114 -0.9238
vn 0.7067 -0.0335 -0.7067
vn 0.3825 -0.0335 -0.9234
vn 0.7060 -0.0567 -0.7060
vn 0.3821 -0.0567 -0.9224
vn 0.7058 -0.0600 -0.7058
vn 0.3820 -0.0600 -0.9222
vn 0.7071 0.0004 -0.7071
vn 0.3827 0.0004 -0.9239
vn 0.7045 0.0858 -0.7045
vn 0.3813 0.0858 -0.9205
vn 0.6999 0.1427 -0.6999
vn 0.3788 0.1427 -0.9144
vn 0.7031 0.1063 -0.7031
vn 0.3805 0.1063 -0.9186
vn 0.7066 0.0381 -0.7066
vn 0.3824 0.0381 -0.9232
vn 0.7046 -0.0844 -0.7046
vn 0.3813 -0.0844 -0.9206
vn 0.6923 -0.2038 -0.6923
vn 0.3747 -0.2038 -0.9045
vn -0.0000 -0.0844 -0.9964
vn -0.0000 -0.2038 -0.9790
vn -0.3747 -0.2038 -0.9045
vn -0.3813 -0.0844 -0.9206
vn -0.0000 0.0381 -0.9993
vn -0.3824 0.0381 -0.9232
vn -0.0000 0.1063 -0.9943
vn -0.3788 0.1427 -0.9144
vn -0.3805 0.1063 -0.9186
vn -0.0000 0.0858 -0.9963
vn -0.0000 0.1427 -0.9898
vn -0.3813 0.0858 -0.9205
vn -0.0000 0.0004 -1.0000
vn -0.3827 0.0004 -0.9239
vn -0.0000 -0.0600 -0.9982
vn -0.3820 -0.0600 -0.9222
vn -0.0000 -0.0567 -0.9984
vn -0.3821 -0.0567 -0.9224
vn -0.0000 -0.0335 -0.9994
vn -0.3825 -0.0335 -0.9234
vn -0.0000 -0.0114 -0.9999
vn -0.3827 -0.0114 -0.9238
vn -0.0000 0.0054 -1.0000
vn -0.3827 0.0054 -0.9239
vn -0.0000 0.1935 -0.9811
vn -0.3754 0.1935 -0.9064
vn -0.0000 0.4850 -0.8745
vn -0.3347 0.4850 -0.8079
vn -0.0000 0.3258 -0.9454
vn -0.0000 -0.0107 -0.9999
vn -0.3827 -0.0107 -0.9238
vn -0.3618 0.3258 -0.8735
vn -0.7071 -0.0107 -0.7071
vn -0.6685 0.3258 -0.6685
vn -0.9238 -0.0107 -0.3827
vn -0.8735 0.3258 -0.3618
vn -0.6184 0.4850 -0.6184
vn -0.8079 0.4850 -0.3347
vn -0.6937 0.1935 -0.6937
vn -0.9064 0.1935 -0.3754
vn -0.7071 0.0054 -0.7071
vn -0.9239 0.0054 -0.3827
vn -0.7071 -0.0114 -0.7071
vn -0.9238 -0.0114 -0.3827
vn -0.7067 -0.0335 -0.7067
vn -0.9234 -0.0335 -0.3825
vn -0.7060 -0.0567 -0.7060
vn -0.9224 -0.0567 -0.3821
vn -0.7058 -0.0600 -0.7058
vn -0.9222 -0.0600 -0.3820
vn -0.7071 0.0004 -0.7071
vn -0.9239 0.0004 -0.3827
vn -0.7045 0.0858 -0.7045
vn -0.9205 0.0858 -0.3813
vn -0.6999 0.1427 -0.6999
vn -0.9144 0.1427 -0.3788
vn -0.7031 0.1063 -0.7031
vn -0.9186 0.1063 -0.3805
vn -0.7066 0.0381 -0.7066
vn -0.9232 0.0381 -0.3824
vn -0.7046 -0.0844 -0.7046
vn -0.9206 -0.0844 -0.3813
vn -0.6923 -0.2038 -0.6923
vn -0.9045 -0.2038 -0.3747
vn -0.9964 -0.0844 -0.0000
vn -0.9790 -0.2038 -0.0000
vn -0.9206 -0.0844 0.3813
vn -0.9045 -0.2038 0.3747
vn -0.9993 0.0381 -0.0000
vn -0.9232 0.0381 0.3824
vn -0.9943 0.1063 -0.0000
vn -0.9186 0.1063 0.3805
vn -0.9898 0.1427 -0.0000
vn -0.9144 0.1427 0.3788
vn -0.9963 0.0858 -0.0000
vn -0.9239 0.0004 0.3827
vn -0.9205 0.0858 0.3813
vn -0.9982 -0.0600 -0.0000
vn -1.0000 0.0004 -0.0000
vn -0.9222 -0.0600 0.3820
vn -0.9984 -0.0567 -0.0000
vn -0.9224 -0.0567 0.3821
vn -0.9994 -0.0335 -0.0000
vn -0.9234 -0.0335 0.3825
vn -0.9999 -0.0114 -0.0000
vn -0.9238 -0.0114 0.3827
vn -1.0000 0.0054 -0.0000
vn -0.9239 0.0054 0.3827
vn -0.9811 0.1935 -0.0000
vn -0.9064 0.1935 0.3755
vn -0.8745 0.4850 -0.0000
vn -0.9454 0.3258 -0.0000
vn -0.8079 0.4850 0.3347
vn -0.9999 -0.0107 -0.0000
vn -0.9238 -0.0107 0.3827
vn -0.8735 0.3258 0.3618
vn 0.9238 -0.0107 0.3827
vn 0.4326 -0.7032 -0.5643
vn 0.7755 -0.0000 -0.6313
vn 0.5664 -0.7051 -0.4266
vn -0.0588 -0.5483 -0.8342
vn 0.5754 -0.0000 -0.8179
vn -0.1243 -0.9842 -0.1262
vn -0.5568 -0.6164 -0.5568
vn 0.0610 -0.9960 0.0657
vn -0.5690 -0.7043 0.4245
vn -0.4420 -0.7033 0.5568
vn -0.6504 -0.0000 0.7596
vn -0.8245 -0.0000 0.5659
vn -0.8342 -0.5483 -0.0588
vn -0.9927 -0.0000 -0.1210
vn -0.8342 0.5483 -0.0588
vn -0.5690 0.7043 0.4246
vn -0.4420 0.7033 0.5568
vn -0.1243 0.9842 -0.1262
vn 0.0610 0.9960 0.0657
vn 0.4326 0.7032 -0.5643
vn 0.5664 0.7051 -0.4266
vn -0.0588 0.5483 -0.8342
vn -0.5568 0.6164 -0.5568
vn -0.7071 -0.0000 -0.7071
vn -0.1210 -0.0000 -0.9927
vn -0.4246 -0.7043 0.5690
vn -0.7596 -0.0000 0.6504
vn -0.5569 -0.7033 0.4419
vn 0.0588 -0.5483 0.8342
vn -0.5659 -0.0000 0.8245
vn 0.1263 -0.9842 0.1243
vn 0.5568 -0.6164 0.5568
vn -0.0656 -0.9960 -0.0610
vn 0.5643 -0.7032 -0.4326
vn 0.4266 -0.7051 -0.5664
vn 0.6313 -0.0000 -0.7755
vn 0.8179 -0.0000 -0.5754
vn 0.8342 -0.5483 0.0588
vn 0.9927 -0.0000 0.1210
vn 0.8342 0.5483 0.0588
vn 0.5643 0.7032 -0.4326
vn 0.4266 0.7051 -0.5664
vn 0.1262 0.9842 0.1243
vn -0.0657 0.9960 -0.0610
vn -0.4246 0.7043 0.5690
vn -0.5569 0.7033 0.4419
vn 0.0588 0.5483 0.8342
vn 0.5568 0.6164 0.5568
vn 0.7071 -0.0000 0.7071
vn 0.1210 -0.0000 0.9927
vn 0.5439 -0.6980 0.4657
vn 0.5480 -0.0000 0.8365
vn 0.3621 -0.7110 0.6028
vn 0.8342 -0.5483 -0.0588
vn 0.7896 -0.0000 0.6136
vn 0.1336 -0.9843 -0.1152
vn 0.5568 -0.6164 -0.5568
vn -0.0825 -0.9958 0.0385
vn -0.3902 -0.7086 -0.5879
vn -0.5124 -0.6934 -0.5066
vn -0.6863 -0.0000 -0.7273
vn -0.5237 -0.0000 -0.8519
vn 0.0588 -0.5483 -0.8342
vn 0.1210 -0.0000 -0.9927
vn 0.0588 0.5483 -0.8342
vn -0.3902 0.7086 -0.5879
vn -0.5124 0.6934 -0.5065
vn 0.1336 0.9843 -0.1152
vn -0.0826 0.9958 0.0385
vn 0.3621 0.7110 0.6028
vn 0.5439 0.6980 0.4657
vn 0.8342 0.5483 -0.0588
vn 0.5568 0.6164 -0.5568
vn 0.7071 -0.0000 -0.7071
vn 0.9927 -0.0000 -0.1210
vn -0.5879 -0.7086 -0.3902
vn -0.7273 -0.0000 -0.6863
vn -0.5065 -0.6934 -0.5124
vn -0.8342 -0.5483 0.0588
vn -0.8519 -0.0000 -0.5237
vn -0.1152 -0.9843 0.1336
vn -0.5568 -0.6164 0.5568
vn 0.0385 -0.9958 -0.0825
vn 0.6028 -0.7110 0.3621
vn 0.4658 -0.6980 0.5439
vn 0.8365 -0.0000 0.5480
vn 0.6136 -0.0000 0.7896
vn -0.0588 -0.5483 0.8342
vn -0.1210 -0.0000 0.9927
vn -0.0588 0.5483 0.8342
vn 0.4657 0.6980 0.5439
vn 0.6028 0.7110 0.3621
vn -0.1152 0.9843 0.1336
vn 0.0385 0.9958 -0.0826
vn -0.5879 0.7086 -0.3902
vn -0.5066 0.6934 -0.5124
vn -0.8342 0.5483 0.0588
vn -0.5568 0.6164 0.5568
vn -0.7071 -0.0000 0.7071
vn -0.9927 -0.0000 0.1210
vn -0.2530 -0.2102 -0.9443
vn -0.7071 -0.0107 0.7071
vt 0.947262 0.312253
vt 0.941419 0.299527
vt 0.947262 0.299527
vt 0.947262 0.324978
vt 0.941419 0.312253
vt 0.947262 0.337704
vt 0.941419 0.324978
vt 0.947262 0.350430
vt 0.941419 0.337704
vt 0.947262 0.363155
vt 0.941419 0.350430
vt 0.947262 0.375881
vt 0.941419 0.363155
vt 0.947262 0.388607
vt 0.941419 0.375881
vt 0.947262 0.401332
vt 0.941419 0.388607
vt 0.947262 0.414058
vt 0.941419 0.401332
vt 0.947262 0.019563
vt 0.941419 0.006837
vt 0.947262 0.006837
vt 0.947262 0.032288
vt 0.941419 0.019563
vt 0.947262 0.045014
vt 0.941419 0.032288
vt 0.947262 0.057740
vt 0.941419 0.045014
vt 0.947262 0.070465
vt 0.941419 0.057740
vt 0.947262 0.083191
vt 0.941419 0.070465
vt 0.947262 0.095917
vt 0.941419 0.083191
vt 0.947262 0.108642
vt 0.941419 0.095917
vt 0.947262 0.121368
vt 0.941419 0.108642
vt 0.947262 0.134094
vt 0.941419 0.121368
vt 0.947262 0.146819
vt 0.941419 0.134094
vt 0.947262 0.159545
vt 0.941419 0.146819
vt 0.947262 0.172271
vt 0.941419 0.159545
vt 0.947262 0.184996
vt 0.941419 0.172271
vt 0.947262 0.197722
vt 0.941419 0.184996
vt 0.947262 0.210448
vt 0.941419 0.197722
vt 0.947262 0.223173
vt 0.941419 0.210448
vt 0.947262 0.235899
vt 0.941419 0.223173
vt 0.947262 0.248624
vt 0.941419 0.235899
vt 0.947262 0.261350
vt 0.941419 0.248624
vt 0.947262 0.274076
vt 0.941419 0.261350
vt 0.947262 0.286801
vt 0.941419 0.274076
vt 0.941419 0.286801
vt 0.933861 0.299527
vt 0.933861 0.312253
vt 0.933861 0.324978
vt 0.933861 0.337704
vt 0.933861 0.350430
vt 0.933861 0.363155
vt 0.933861 0.375881
vt 0.933861 0.388607
vt 0.941419 0.414058
vt 0.933861 0.401332
vt 0.933861 0.006837
vt 0.933861 0.019563
vt 0.933861 0.032288
vt 0.933861 0.045014
vt 0.933861 0.057740
vt 0.933861 0.070465
vt 0.933861 0.083191
vt 0.933861 0.095917
vt 0.933861 0.108642
vt 0.933861 0.121368
vt 0.933861 0.134094
vt 0.933861 0.146819
vt 0.933861 0.159545
vt 0.933861 0.172271
vt 0.933861 0.184996
vt 0.933861 0.197722
vt 0.933861 0.210448
vt 0.933861 0.223173
vt 0.933861 0.235899
vt 0.933861 0.248624
vt 0.933861 0.261350
vt 0.933861 0.274076
vt 0.933861 0.286801
vt 0.848569 0.312253
vt 0.865389 0.299527
vt 0.865389 0.312253
vt 0.848569 0.324978
vt 0.865389 0.324978
vt 0.848569 0.337704
vt 0.865389 0.337704
vt 0.848569 0.350430
vt 0.865389 0.350430
vt 0.848569 0.363155
vt 0.865389 0.363155
vt 0.848569 0.375881
vt 0.865389 0.375881
vt 0.848569 0.388607
vt 0.865389 0.388607
vt 0.848569 0.401332
vt 0.865389 0.401332
vt 0.848569 0.414058
vt 0.865389 0.414058
vt 0.848570 0.019563
vt 0.865389 0.006837
vt 0.865389 0.019563
vt 0.848570 0.032288
vt 0.865389 0.032288
vt 0.848570 0.045014
vt 0.865389 0.045014
vt 0.848570 0.057740
vt 0.865389 0.057740
vt 0.848569 0.070465
vt 0.865389 0.070465
vt 0.848569 0.083191
vt 0.865389 0.083191
vt 0.848569 0.095917
vt 0.865389 0.095917
vt 0.848569 0.108642
vt 0.865389 0.108642
vt 0.848569 0.121368
vt 0.865389 0.121368
vt 0.865389 0.134094
vt 0.848569 0.146819
vt 0.865389 0.146819
vt 0.848569 0.159545
vt 0.865389 0.159545
vt 0.848569 0.172271
vt 0.865389 0.172271
vt 0.848569 0.184996
vt 0.865389 0.184996
vt 0.848569 0.197722
vt 0.865389 0.197722
vt 0.848569 0.210448
vt 0.865389 0.210448
vt 0.865389 0.223173
vt 0.848569 0.235899
vt 0.865389 0.235899
vt 0.848569 0.248624
vt 0.865389 0.248624
vt 0.848569 0.261350
vt 0.865389 0.261350
vt 0.848569 0.274076
vt 0.865389 0.274076
vt 0.848569 0.286801
vt 0.865389 0.286801
vt 0.848569 0.299527
vt 0.900387 0.312253
vt 0.893332 0.299527
vt 0.900387 0.299527
vt 0.893332 0.324978
vt 0.900387 0.324978
vt 0.893332 0.337704
vt 0.900387 0.337704
vt 0.893332 0.350430
vt 0.900387 0.350430
vt 0.893332 0.363155
vt 0.900387 0.363155
vt 0.893332 0.375881
vt 0.900387 0.375881
vt 0.893332 0.388607
vt 0.900387 0.388607
vt 0.893332 0.401332
vt 0.900387 0.401332
vt 0.893332 0.414058
vt 0.900387 0.414058
vt 0.893332 0.019563
vt 0.900387 0.006837
vt 0.900387 0.019563
vt 0.893332 0.032288
vt 0.900387 0.032288
vt 0.893332 0.045014
vt 0.900387 0.045014
vt 0.893332 0.057740
vt 0.900387 0.057740
vt 0.900387 0.070465
vt 0.900387 0.083191
vt 0.893332 0.070465
vt 0.893332 0.095917
vt 0.900387 0.095917
vt 0.893332 0.108642
vt 0.900387 0.108642
vt 0.893332 0.121368
vt 0.900387 0.121368
vt 0.900387 0.134094
vt 0.893332 0.146819
vt 0.900387 0.146819
vt 0.893332 0.159545
vt 0.900387 0.159545
vt 0.893332 0.172271
vt 0.900387 0.172271
vt 0.893332 0.184996
vt 0.900387 0.184996
vt 0.893332 0.197722
vt 0.900387 0.197722
vt 0.893332 0.210448
vt 0.900387 0.210448
vt 0.893332 0.223173
vt 0.900387 0.223173
vt 0.893332 0.235899
vt 0.900387 0.235899
vt 0.893332 0.248624
vt 0.900387 0.248624
vt 0.900387 0.261350
vt 0.900387 0.274076
vt 0.893332 0.261350
vt 0.893332 0.286801
vt 0.900387 0.286801
vt 0.882523 0.312253
vt 0.893332 0.312253
vt 0.882523 0.337704
vt 0.882523 0.350430
vt 0.882523 0.363155
vt 0.882523 0.375881
vt 0.882523 0.388607
vt 0.882523 0.401332
vt 0.882523 0.414058
vt 0.882523 0.019563
vt 0.893332 0.006837
vt 0.882523 0.032288
vt 0.882523 0.045014
vt 0.882523 0.057740
vt 0.882523 0.070465
vt 0.893332 0.083191
vt 0.882523 0.083191
vt 0.882523 0.095917
vt 0.882523 0.121368
vt 0.882523 0.134094
vt 0.893332 0.134094
vt 0.882523 0.146819
vt 0.882523 0.159545
vt 0.882523 0.172271
vt 0.882523 0.184996
vt 0.882523 0.197722
vt 0.882523 0.210448
vt 0.882523 0.223173
vt 0.882523 0.235899
vt 0.882523 0.248624
vt 0.882523 0.261350
vt 0.893332 0.274076
vt 0.882523 0.286801
vt 0.878910 0.312253
vt 0.882523 0.299527
vt 0.878910 0.324978
vt 0.882523 0.324978
vt 0.878910 0.337704
vt 0.878910 0.350430
vt 0.878910 0.375881
vt 0.878910 0.388607
vt 0.878910 0.401332
vt 0.878910 0.414058
vt 0.878910 0.019563
vt 0.882523 0.006837
vt 0.878910 0.032288
vt 0.878910 0.045014
vt 0.878910 0.057740
vt 0.878910 0.070465
vt 0.878910 0.083191
vt 0.878910 0.095917
vt 0.882523 0.108642
vt 0.878910 0.121368
vt 0.878910 0.134094
vt 0.878910 0.146819
vt 0.878910 0.172271
vt 0.878910 0.184996
vt 0.878910 0.197722
vt 0.878910 0.210448
vt 0.878910 0.223173
vt 0.878910 0.235899
vt 0.878910 0.248624
vt 0.878910 0.261350
vt 0.882523 0.274076
vt 0.878910 0.274076
vt 0.878910 0.286801
vt 0.873830 0.324978
vt 0.873830 0.337704
vt 0.873830 0.363155
vt 0.878910 0.363155
vt 0.873830 0.375881
vt 0.873830 0.401332
vt 0.873830 0.006837
vt 0.878910 0.006837
vt 0.873830 0.019563
vt 0.873830 0.045014
vt 0.873830 0.057740
vt 0.873830 0.070465
vt 0.873830 0.083191
vt 0.873830 0.095917
vt 0.873830 0.108642
vt 0.878910 0.108642
vt 0.873830 0.121368
vt 0.873830 0.134094
vt 0.873830 0.159545
vt 0.878910 0.159545
vt 0.873830 0.172271
vt 0.873830 0.184996
vt 0.873830 0.197722
vt 0.873830 0.210448
vt 0.873830 0.223173
vt 0.873830 0.235899
vt 0.873830 0.248624
vt 0.873830 0.274076
vt 0.873830 0.286801
vt 0.878910 0.299527
vt 0.873830 0.312253
vt 0.873830 0.350430
vt 0.873830 0.388607
vt 0.873830 0.414058
vt 0.873830 0.032288
vt 0.873830 0.146819
vt 0.873830 0.261350
vt 0.873830 0.299527
vt 0.933861 0.414058
vt 0.750001 0.550296
vt 0.757386 0.527652
vt 0.757386 0.550296
vt 0.841990 0.312253
vt 0.841990 0.337704
vt 0.841990 0.363155
vt 0.841990 0.375881
vt 0.841990 0.388607
vt 0.841990 0.401332
vt 0.841990 0.414058
vt 0.841990 0.019563
vt 0.848570 0.006837
vt 0.841990 0.032288
vt 0.841990 0.045014
vt 0.841990 0.057740
vt 0.841990 0.070465
vt 0.841990 0.083191
vt 0.841990 0.108642
vt 0.841990 0.121368
vt 0.841990 0.134094
vt 0.848569 0.134094
vt 0.841990 0.146819
vt 0.841990 0.159545
vt 0.841990 0.172271
vt 0.841990 0.184996
vt 0.841990 0.197722
vt 0.841990 0.210447
vt 0.841990 0.223173
vt 0.848569 0.223173
vt 0.841990 0.235899
vt 0.841990 0.248624
vt 0.841990 0.261350
vt 0.841990 0.274076
vt 0.841990 0.299527
vt 0.835936 0.299527
vt 0.841990 0.324978
vt 0.835936 0.312253
vt 0.835936 0.337704
vt 0.835936 0.350430
vt 0.841990 0.350430
vt 0.835936 0.363155
vt 0.835936 0.375881
vt 0.835936 0.388607
vt 0.835936 0.401332
vt 0.835936 0.414058
vt 0.835936 0.019563
vt 0.841990 0.006837
vt 0.835936 0.032288
vt 0.835936 0.045014
vt 0.835936 0.057740
vt 0.835936 0.070465
vt 0.841990 0.095917
vt 0.835936 0.083191
vt 0.835936 0.095917
vt 0.835936 0.108642
vt 0.835936 0.121368
vt 0.835936 0.146819
vt 0.835936 0.159545
vt 0.835936 0.172271
vt 0.835936 0.184996
vt 0.835936 0.197722
vt 0.835936 0.210447
vt 0.835936 0.223173
vt 0.835936 0.235899
vt 0.835936 0.248624
vt 0.835936 0.261350
vt 0.835936 0.274076
vt 0.835936 0.286801
vt 0.841990 0.286801
vt 0.822259 0.572941
vt 0.775426 0.550296
vt 0.822259 0.550296
vt 0.775426 0.595585
vt 0.822259 0.595585
vt 0.775426 0.618229
vt 0.822259 0.618229
vt 0.775426 0.640873
vt 0.822259 0.640873
vt 0.775426 0.663518
vt 0.822259 0.663518
vt 0.775426 0.686162
vt 0.822259 0.686162
vt 0.775426 0.708806
vt 0.822259 0.708806
vt 0.775426 0.731451
vt 0.822259 0.731451
vt 0.775426 0.029479
vt 0.822259 0.006834
vt 0.822259 0.029479
vt 0.775426 0.052123
vt 0.822259 0.052123
vt 0.775426 0.074767
vt 0.822259 0.074767
vt 0.775426 0.097411
vt 0.822259 0.097411
vt 0.775426 0.120056
vt 0.822259 0.120056
vt 0.822259 0.142700
vt 0.822259 0.165344
vt 0.775426 0.142700
vt 0.822259 0.187988
vt 0.775426 0.165344
vt 0.822259 0.210633
vt 0.775426 0.187988
vt 0.775426 0.233277
vt 0.822259 0.233277
vt 0.775426 0.255921
vt 0.822259 0.255921
vt 0.775426 0.278565
vt 0.822259 0.278565
vt 0.775426 0.301210
vt 0.822259 0.301210
vt 0.775426 0.323854
vt 0.822259 0.323854
vt 0.775426 0.346498
vt 0.822259 0.346498
vt 0.775426 0.369142
vt 0.822259 0.369142
vt 0.775426 0.391787
vt 0.822259 0.391787
vt 0.775426 0.414431
vt 0.822259 0.414431
vt 0.775426 0.437075
vt 0.822259 0.437075
vt 0.822259 0.459719
vt 0.775426 0.482364
vt 0.822259 0.482364
vt 0.775426 0.505008
vt 0.822259 0.505008
vt 0.822259 0.527652
vt 0.771210 0.527652
vt 0.775426 0.527652
vt 0.775426 0.572941
vt 0.771210 0.550296
vt 0.771210 0.595585
vt 0.771210 0.618229
vt 0.771210 0.640873
vt 0.771210 0.663518
vt 0.771210 0.708806
vt 0.771210 0.731451
vt 0.771210 0.029479
vt 0.775426 0.006834
vt 0.771210 0.052123
vt 0.771210 0.074767
vt 0.771210 0.097411
vt 0.771210 0.120056
vt 0.771210 0.142700
vt 0.771210 0.165344
vt 0.771210 0.187988
vt 0.775426 0.210633
vt 0.771210 0.233277
vt 0.771210 0.255921
vt 0.771210 0.278565
vt 0.771210 0.301210
vt 0.771210 0.323854
vt 0.771210 0.346498
vt 0.771210 0.369142
vt 0.771210 0.391787
vt 0.771210 0.414431
vt 0.771210 0.437075
vt 0.775426 0.459719
vt 0.771210 0.482364
vt 0.771210 0.505008
vt 0.766487 0.550296
vt 0.766487 0.572941
vt 0.771210 0.572941
vt 0.766487 0.595585
vt 0.766487 0.618229
vt 0.766487 0.663518
vt 0.766487 0.686162
vt 0.771210 0.686162
vt 0.766487 0.708806
vt 0.766487 0.731451
vt 0.766487 0.029479
vt 0.771210 0.006834
vt 0.766487 0.052123
vt 0.766487 0.074767
vt 0.766487 0.120056
vt 0.766487 0.142700
vt 0.766487 0.165344
vt 0.766487 0.187988
vt 0.766487 0.210633
vt 0.771210 0.210633
vt 0.766487 0.233277
vt 0.766487 0.255921
vt 0.766487 0.278565
vt 0.766487 0.323854
vt 0.766487 0.346498
vt 0.766487 0.369142
vt 0.766487 0.391787
vt 0.766487 0.414431
vt 0.766487 0.437075
vt 0.766487 0.459719
vt 0.771210 0.459719
vt 0.766487 0.482364
vt 0.766487 0.505008
vt 0.766487 0.527652
vt 0.761664 0.550296
vt 0.761664 0.595585
vt 0.761664 0.618229
vt 0.766487 0.640873
vt 0.761664 0.663518
vt 0.761664 0.686162
vt 0.761664 0.708806
vt 0.761664 0.006834
vt 0.766487 0.006834
vt 0.761664 0.029479
vt 0.761664 0.052123
vt 0.761664 0.097411
vt 0.766487 0.097411
vt 0.761664 0.120056
vt 0.761664 0.165344
vt 0.761664 0.187988
vt 0.761664 0.210633
vt 0.761664 0.233277
vt 0.761664 0.278565
vt 0.761664 0.301210
vt 0.766487 0.301210
vt 0.761664 0.323854
vt 0.761664 0.346498
vt 0.761664 0.369142
vt 0.761664 0.391787
vt 0.761664 0.414431
vt 0.761664 0.437075
vt 0.761664 0.459719
vt 0.761664 0.482364
vt 0.761664 0.527652
vt 0.757386 0.572941
vt 0.761664 0.572941
vt 0.757386 0.595585
vt 0.757386 0.640873
vt 0.761664 0.640873
vt 0.757386 0.663518
vt 0.757386 0.686162
vt 0.761664 0.731451
vt 0.757386 0.708806
vt 0.757386 0.006834
vt 0.757386 0.029479
vt 0.761664 0.074767
vt 0.757386 0.052123
vt 0.757386 0.097411
vt 0.757386 0.120056
vt 0.757386 0.142700
vt 0.761664 0.142700
vt 0.757386 0.165344
vt 0.757386 0.187988
vt 0.757386 0.210633
vt 0.757386 0.233277
vt 0.757386 0.255921
vt 0.761664 0.255921
vt 0.757386 0.278565
vt 0.757386 0.301210
vt 0.757386 0.323854
vt 0.757386 0.346498
vt 0.757386 0.369142
vt 0.757386 0.391787
vt 0.757386 0.437075
vt 0.757386 0.482364
vt 0.757386 0.505008
vt 0.761664 0.505008
vt 0.750001 0.572941
vt 0.750001 0.595585
vt 0.757386 0.618229
vt 0.750001 0.618229
vt 0.750001 0.640873
vt 0.750001 0.663518
vt 0.750001 0.686162
vt 0.757386 0.731451
vt 0.750001 0.708806
vt 0.750001 0.006834
vt 0.750001 0.029479
vt 0.757386 0.074767
vt 0.750001 0.052123
vt 0.750001 0.097411
vt 0.750001 0.120056
vt 0.750001 0.142700
vt 0.750001 0.165344
vt 0.750001 0.187988
vt 0.750001 0.210633
vt 0.750001 0.233277
vt 0.750001 0.255921
vt 0.750001 0.278565
vt 0.750001 0.301210
vt 0.750001 0.323854
vt 0.750001 0.346498
vt 0.750001 0.369142
vt 0.757386 0.414431
vt 0.750001 0.391787
vt 0.750001 0.414431
vt 0.750001 0.459719
vt 0.757386 0.459719
vt 0.750001 0.482364
vt 0.750001 0.505008
vt 0.750001 0.527652
vt 0.542235 0.406667
vt 0.519927 0.400395
vt 0.542235 0.400395
vt 0.564544 0.406667
vt 0.564544 0.400395
vt 0.586852 0.406667
vt 0.586852 0.400395
vt 0.609160 0.400395
vt 0.631468 0.400395
vt 0.609160 0.406667
vt 0.653777 0.406667
vt 0.653777 0.400395
vt 0.676085 0.406667
vt 0.676085 0.400395
vt 0.698393 0.400395
vt 0.720701 0.400395
vt 0.698393 0.406667
vt 0.029146 0.406667
vt 0.006838 0.400395
vt 0.029146 0.400395
vt 0.051454 0.400395
vt 0.073763 0.400395
vt 0.051454 0.406667
vt 0.096071 0.406667
vt 0.096071 0.400395
vt 0.118379 0.406667
vt 0.118379 0.400395
vt 0.140687 0.406667
vt 0.140687 0.400395
vt 0.162996 0.406667
vt 0.162996 0.400395
vt 0.185304 0.406667
vt 0.185304 0.400395
vt 0.207612 0.406667
vt 0.207612 0.400395
vt 0.229920 0.406667
vt 0.229920 0.400395
vt 0.252228 0.406667
vt 0.252228 0.400395
vt 0.274537 0.406667
vt 0.274537 0.400395
vt 0.296845 0.406667
vt 0.296845 0.400395
vt 0.319153 0.406667
vt 0.319153 0.400395
vt 0.341461 0.406667
vt 0.341461 0.400395
vt 0.363770 0.400395
vt 0.386078 0.400395
vt 0.363770 0.406667
vt 0.408386 0.406667
vt 0.408386 0.400395
vt 0.430694 0.406667
vt 0.430694 0.400395
vt 0.453002 0.406667
vt 0.453002 0.400395
vt 0.475311 0.406667
vt 0.475311 0.400395
vt 0.497619 0.406667
vt 0.497619 0.400395
vt 0.519927 0.406667
vt 0.542235 0.722427
vt 0.564544 0.722427
vt 0.586852 0.722427
vt 0.609160 0.722427
vt 0.631468 0.722427
vt 0.631468 0.406667
vt 0.653777 0.722427
vt 0.676085 0.722427
vt 0.698393 0.722427
vt 0.720701 0.406667
vt 0.029146 0.722427
vt 0.006838 0.406667
vt 0.051454 0.722427
vt 0.073763 0.722427
vt 0.073763 0.406667
vt 0.118379 0.722427
vt 0.140687 0.722427
vt 0.162995 0.722427
vt 0.185304 0.722427
vt 0.207612 0.722427
vt 0.229920 0.722427
vt 0.252228 0.722427
vt 0.274537 0.722427
vt 0.296845 0.722427
vt 0.319153 0.722427
vt 0.341461 0.722427
vt 0.363770 0.722427
vt 0.386078 0.722427
vt 0.386078 0.406667
vt 0.408386 0.722427
vt 0.430694 0.722427
vt 0.453002 0.722427
vt 0.475311 0.722427
vt 0.497619 0.722427
vt 0.519927 0.722427
vt 0.519927 0.727726
vt 0.542235 0.727726
vt 0.564544 0.727726
vt 0.586852 0.727726
vt 0.631468 0.727726
vt 0.676085 0.727726
vt 0.698393 0.727726
vt 0.720701 0.727726
vt 0.720701 0.722427
vt 0.029146 0.727726
vt 0.006838 0.722427
vt 0.073763 0.727726
vt 0.096071 0.727726
vt 0.096071 0.722427
vt 0.118379 0.727726
vt 0.162995 0.727726
vt 0.185304 0.727726
vt 0.207612 0.727726
vt 0.229920 0.727726
vt 0.274537 0.727726
vt 0.296845 0.727726
vt 0.319153 0.727726
vt 0.341461 0.727726
vt 0.386078 0.727726
vt 0.408386 0.727726
vt 0.430694 0.727726
vt 0.453002 0.727726
vt 0.475311 0.727726
vt 0.497619 0.727726
vt 0.542235 0.735200
vt 0.564544 0.735200
vt 0.586852 0.735200
vt 0.609160 0.735200
vt 0.609160 0.727726
vt 0.631468 0.735200
vt 0.653777 0.727726
vt 0.653777 0.735200
vt 0.676085 0.735200
vt 0.720701 0.735200
vt 0.006838 0.735200
vt 0.006838 0.727726
vt 0.051454 0.727726
vt 0.029146 0.735200
vt 0.051454 0.735200
vt 0.096071 0.735200
vt 0.118379 0.735200
vt 0.140687 0.735200
vt 0.140687 0.727726
vt 0.162995 0.735200
vt 0.185304 0.735200
vt 0.207612 0.735200
vt 0.229920 0.735200
vt 0.252228 0.735200
vt 0.252228 0.727726
vt 0.274537 0.735200
vt 0.296845 0.735200
vt 0.319153 0.735200
vt 0.363770 0.735200
vt 0.363770 0.727726
vt 0.386078 0.735200
vt 0.408386 0.735200
vt 0.430694 0.735200
vt 0.475311 0.735200
vt 0.497619 0.735200
vt 0.519927 0.735200
vt 0.542235 0.741288
vt 0.564544 0.741288
vt 0.586852 0.741288
vt 0.609160 0.741288
vt 0.631468 0.741288
vt 0.653777 0.741288
vt 0.698393 0.735200
vt 0.676085 0.741288
vt 0.698393 0.741288
vt 0.006838 0.741288
vt 0.051454 0.741288
vt 0.073763 0.735200
vt 0.096071 0.741288
vt 0.118379 0.741288
vt 0.140687 0.741288
vt 0.162995 0.741288
vt 0.185304 0.741288
vt 0.207612 0.741288
vt 0.229920 0.741288
vt 0.252228 0.741288
vt 0.274537 0.741288
vt 0.296845 0.741288
vt 0.341461 0.735200
vt 0.319153 0.741288
vt 0.341461 0.741288
vt 0.363770 0.741288
vt 0.386078 0.741288
vt 0.408386 0.741288
vt 0.453002 0.741288
vt 0.453002 0.735200
vt 0.475311 0.741288
vt 0.519927 0.741288
vt 0.542235 0.747067
vt 0.564544 0.747067
vt 0.586852 0.747067
vt 0.609160 0.747067
vt 0.631468 0.747067
vt 0.676085 0.747067
vt 0.720701 0.741288
vt 0.698393 0.747067
vt 0.029146 0.741288
vt 0.006838 0.747067
vt 0.029146 0.747067
vt 0.073763 0.741288
vt 0.051454 0.747067
vt 0.073763 0.747067
vt 0.118379 0.747067
vt 0.140687 0.747067
vt 0.162995 0.747067
vt 0.185304 0.747067
vt 0.207612 0.747067
vt 0.229920 0.747067
vt 0.252228 0.747067
vt 0.274537 0.747067
vt 0.296845 0.747067
vt 0.319153 0.747067
vt 0.341461 0.747067
vt 0.363770 0.747067
vt 0.386078 0.747067
vt 0.430694 0.741288
vt 0.408386 0.747067
vt 0.430694 0.747067
vt 0.475311 0.747067
vt 0.497619 0.747067
vt 0.497619 0.741288
vt 0.519927 0.747067
vt 0.890625 0.828120
vt 0.825260 0.748473
vt 0.842054 0.737251
vt 0.860715 0.729522
vt 0.880526 0.725581
vt 0.900724 0.725581
vt 0.920534 0.729522
vt 0.939195 0.737251
vt 0.955989 0.748473
vt 0.970272 0.762756
vt 0.981493 0.779550
vt 0.989223 0.798211
vt 0.993163 0.818021
vt 0.993163 0.838219
vt 0.989223 0.858029
vt 0.981493 0.876690
vt 0.970271 0.893485
vt 0.955989 0.907767
vt 0.939194 0.918989
vt 0.920533 0.926718
vt 0.900723 0.930659
vt 0.880525 0.930659
vt 0.860715 0.926718
vt 0.842054 0.918988
vt 0.825260 0.907767
vt 0.810977 0.893484
vt 0.799756 0.876690
vt 0.792026 0.858029
vt 0.788086 0.838219
vt 0.788086 0.818021
vt 0.792026 0.798210
vt 0.799756 0.779550
vt 0.810978 0.762755
vt 0.985344 0.118204
vt 0.984136 0.102294
vt 0.985344 0.102294
vt 0.984136 0.086384
vt 0.985344 0.086384
vt 0.984136 0.070474
vt 0.985344 0.070474
vt 0.982558 0.070474
vt 0.982558 0.086384
vt 0.970820 0.086384
vt 0.970820 0.102294
vt 0.982558 0.102294
vt 0.963433 0.086384
vt 0.970820 0.070474
vt 0.963433 0.102294
vt 0.960937 0.070474
vt 0.960937 0.086384
vt 0.960937 0.102294
vt 0.960937 0.118204
vt 0.963433 0.118204
vt 0.963433 0.134114
vt 0.960937 0.134114
vt 0.970820 0.118204
vt 0.970820 0.134114
vt 0.982558 0.118204
vt 0.982558 0.134114
vt 0.984136 0.118204
vt 0.984136 0.134114
vt 0.985344 0.134114
vt 0.984136 0.150024
vt 0.985344 0.150024
vt 0.985344 0.165934
vt 0.985344 0.181844
vt 0.984136 0.165934
vt 0.982558 0.150024
vt 0.984136 0.181844
vt 0.982558 0.165934
vt 0.970820 0.165934
vt 0.970820 0.181844
vt 0.982558 0.181844
vt 0.963433 0.165934
vt 0.970820 0.150024
vt 0.963433 0.181844
vt 0.960937 0.165934
vt 0.963433 0.150024
vt 0.960937 0.181844
vt 0.960937 0.197754
vt 0.963433 0.197754
vt 0.963433 0.213664
vt 0.960937 0.213664
vt 0.970820 0.197754
vt 0.970820 0.213664
vt 0.982558 0.197754
vt 0.982558 0.213664
vt 0.984136 0.197754
vt 0.984136 0.213664
vt 0.985344 0.197754
vt 0.985344 0.213664
vt 0.985344 0.229573
vt 0.985344 0.245483
vt 0.984136 0.229573
vt 0.984136 0.245483
vt 0.982558 0.229573
vt 0.970820 0.229573
vt 0.970820 0.245483
vt 0.982558 0.245483
vt 0.963433 0.245483
vt 0.963433 0.229573
vt 0.960937 0.229573
vt 0.960937 0.245483
vt 0.963433 0.261393
vt 0.960937 0.261393
vt 0.963433 0.277303
vt 0.960937 0.277303
vt 0.970820 0.261393
vt 0.970820 0.277303
vt 0.982558 0.261393
vt 0.982558 0.277303
vt 0.984136 0.261393
vt 0.984136 0.277303
vt 0.985344 0.261393
vt 0.985344 0.277303
vt 0.985344 0.293213
vt 0.985344 0.309123
vt 0.984136 0.293213
vt 0.984136 0.309123
vt 0.982558 0.293213
vt 0.970820 0.293213
vt 0.970820 0.309123
vt 0.982558 0.309123
vt 0.963433 0.293213
vt 0.963433 0.309123
vt 0.960937 0.293213
vt 0.960937 0.309123
vt 0.963433 0.325033
vt 0.960937 0.325033
vt 0.960937 0.340943
vt 0.963433 0.340943
vt 0.970820 0.325033
vt 0.970820 0.340943
vt 0.982558 0.325033
vt 0.982558 0.340943
vt 0.984136 0.325033
vt 0.984136 0.340943
vt 0.985344 0.325033
vt 0.985344 0.340943
vt 0.985344 0.356853
vt 0.985344 0.372763
vt 0.984136 0.356853
vt 0.984136 0.372763
vt 0.982558 0.356853
vt 0.970820 0.372763
vt 0.982558 0.372763
vt 0.963433 0.356853
vt 0.970820 0.356853
vt 0.963433 0.372763
vt 0.960937 0.356853
vt 0.960937 0.372763
vt 0.960937 0.388673
vt 0.963433 0.388673
vt 0.960937 0.006835
vt 0.963433 0.022744
vt 0.960937 0.022744
vt 0.970820 0.388673
vt 0.970820 0.006835
vt 0.970820 0.022744
vt 0.982558 0.388673
vt 0.982558 0.006835
vt 0.982558 0.022744
vt 0.984136 0.388673
vt 0.984136 0.022744
vt 0.984136 0.006835
vt 0.985344 0.388673
vt 0.985344 0.022744
vt 0.985344 0.006835
vt 0.985344 0.038654
vt 0.985344 0.054564
vt 0.984136 0.038654
vt 0.984136 0.054564
vt 0.982558 0.038654
vt 0.970820 0.054564
vt 0.982558 0.054564
vt 0.963433 0.038654
vt 0.970820 0.038654
vt 0.960937 0.038654
vt 0.963433 0.054564
vt 0.960937 0.054564
vt 0.963433 0.070474
vt 0.960937 0.150024
vt 0.945743 0.433166
vt 0.942356 0.437656
vt 0.944596 0.432371
vt 0.949107 0.430419
vt 0.958417 0.454019
vt 0.943200 0.438519
vt 0.961723 0.451799
vt 0.941168 0.437606
vt 0.954074 0.457770
vt 0.941505 0.459021
vt 0.928015 0.453374
vt 0.953326 0.467045
vt 0.957733 0.462454
vt 0.919995 0.443600
vt 0.913925 0.450583
vt 0.914082 0.444325
vt 0.914083 0.438623
vt 0.919564 0.437852
vt 0.914084 0.434460
vt 0.918790 0.433930
vt 0.943229 0.432090
vt 0.942824 0.427775
vt 0.576243 0.931814
vt 0.581773 0.919922
vt 0.581773 0.931814
vt 0.576243 0.919922
vt 0.558910 0.931814
vt 0.558910 0.919922
vt 0.946448 0.427946
vt 0.555995 0.931814
vt 0.555995 0.919922
vt 0.555995 0.937501
vt 0.558910 0.937501
vt 0.576243 0.937501
vt 0.682803 0.778464
vt 0.669293 0.760757
vt 0.690923 0.769901
vt 0.696445 0.776739
vt 0.581773 0.937501
vt 0.696324 0.829153
vt 0.670124 0.783782
vt 0.667986 0.760750
vt 0.696453 0.881487
vt 0.709920 0.879702
vt 0.722477 0.874516
vt 0.682936 0.879805
vt 0.651149 0.855626
vt 0.659497 0.866402
vt 0.670340 0.874643
vt 0.645872 0.843040
vt 0.710049 0.778639
vt 0.722681 0.783997
vt 0.643971 0.829470
vt 0.650926 0.803170
vt 0.645673 0.815854
vt 0.659278 0.792246
vt 0.747084 0.815871
vt 0.741850 0.803245
vt 0.748776 0.829435
vt 0.746901 0.842954
vt 0.733507 0.792406
vt 0.741614 0.855512
vt 0.733284 0.866271
vt 0.658238 0.874779
vt 0.667987 0.897469
vt 0.667067 0.896540
vt 0.401367 0.937501
vt 0.404268 0.931814
vt 0.404268 0.937501
vt 0.669293 0.897462
vt 0.690924 0.888318
vt 0.810578 0.931814
vt 0.813476 0.937501
vt 0.810578 0.937501
vt 0.401367 0.931814
vt 0.404268 0.919922
vt 0.813476 0.931814
vt 0.810578 0.919922
vt 0.813476 0.919922
vt 0.793239 0.919922
vt 0.793239 0.931814
vt 0.793239 0.937501
vt 0.787735 0.931814
vt 0.787735 0.937501
vt 0.787735 0.919922
vt 0.696302 0.887376
vt 0.701680 0.888318
vt 0.782239 0.937501
vt 0.723311 0.897462
vt 0.724617 0.897469
vt 0.764911 0.937501
vt 0.782239 0.931814
vt 0.782239 0.919922
vt 0.764911 0.931814
vt 0.764911 0.919922
vt 0.762013 0.937501
vt 0.762013 0.931814
vt 0.883752 0.579326
vt 0.885515 0.583888
vt 0.881916 0.583722
vt 0.885109 0.579603
vt 0.909381 0.577757
vt 0.885971 0.574074
vt 0.887151 0.574122
vt 0.908613 0.573865
vt 0.908187 0.568156
vt 0.885132 0.573220
vt 0.900092 0.558375
vt 0.886804 0.552917
vt 0.882612 0.578538
vt 0.870004 0.557836
vt 0.874310 0.554103
vt 0.879273 0.581269
vt 0.866724 0.560044
vt 0.759120 0.919922
vt 0.762013 0.919922
vt 0.759120 0.931814
vt 0.741792 0.919922
vt 0.863800 0.556380
vt 0.866699 0.553460
vt 0.736294 0.919922
vt 0.741792 0.931814
vt 0.736294 0.931814
vt 0.741792 0.937501
vt 0.736294 0.937501
vt 0.759120 0.937501
vt 0.734366 0.874779
vt 0.737503 0.870310
vt 0.725536 0.896540
vt 0.741971 0.867173
vt 0.730794 0.937501
vt 0.763732 0.858344
vt 0.713457 0.937501
vt 0.730794 0.931814
vt 0.730794 0.919922
vt 0.713457 0.931814
vt 0.713457 0.919922
vt 0.710564 0.937501
vt 0.710564 0.931814
vt 0.840804 0.536513
vt 0.838891 0.541012
vt 0.836428 0.538377
vt 0.841596 0.537651
vt 0.860132 0.553469
vt 0.846031 0.534262
vt 0.846888 0.535098
vt 0.862316 0.550170
vt 0.866017 0.545835
vt 0.845978 0.533079
vt 0.867213 0.533561
vt 0.861622 0.520261
vt 0.840521 0.535153
vt 0.846117 0.511561
vt 0.851816 0.511966
vt 0.836242 0.534770
vt 0.842224 0.510807
vt 0.707671 0.919922
vt 0.710564 0.919922
vt 0.707671 0.931814
vt 0.690360 0.919922
vt 0.842732 0.506113
vt 0.846862 0.506098
vt 0.684851 0.919922
vt 0.690360 0.931814
vt 0.684851 0.931814
vt 0.690360 0.937501
vt 0.684851 0.937501
vt 0.707671 0.937501
vt 0.755510 0.834488
vt 0.754568 0.829109
vt 0.764654 0.856118
vt 0.764661 0.857425
vt 0.755510 0.823731
vt 0.679337 0.937501
vt 0.764654 0.802101
vt 0.661997 0.937501
vt 0.679337 0.931814
vt 0.679337 0.919922
vt 0.661997 0.931814
vt 0.661997 0.919922
vt 0.659104 0.937501
vt 0.659104 0.931814
vt 0.840526 0.475608
vt 0.835967 0.477434
vt 0.836092 0.473800
vt 0.840277 0.476983
vt 0.842189 0.501424
vt 0.845831 0.477747
vt 0.845843 0.478952
vt 0.846080 0.500639
vt 0.851779 0.500197
vt 0.846634 0.476870
vt 0.861237 0.492492
vt 0.866830 0.479094
vt 0.841292 0.474441
vt 0.862026 0.461739
vt 0.865767 0.466096
vt 0.838532 0.471110
vt 0.859809 0.458425
vt 0.656182 0.919922
vt 0.659104 0.919922
vt 0.656182 0.931814
vt 0.638867 0.919922
vt 0.863509 0.455472
vt 0.866437 0.458411
vt 0.633352 0.919922
vt 0.638867 0.931814
vt 0.633352 0.931814
vt 0.638867 0.937501
vt 0.633352 0.937501
vt 0.656182 0.937501
vt 0.741971 0.791046
vt 0.737502 0.787909
vt 0.763732 0.799875
vt 0.764661 0.800794
vt 0.734365 0.783440
vt 0.627830 0.937501
vt 0.725536 0.761679
vt 0.610469 0.937501
vt 0.627830 0.931814
vt 0.627830 0.919922
vt 0.610469 0.931814
vt 0.610469 0.919922
vt 0.607547 0.937501
vt 0.607547 0.931814
vt 0.607547 0.919922
vt 0.883584 0.432367
vt 0.879076 0.430414
vt 0.881735 0.427944
vt 0.882437 0.433161
vt 0.866458 0.451777
vt 0.885818 0.437651
vt 0.884973 0.438512
vt 0.869763 0.453997
vt 0.874104 0.457748
vt 0.887007 0.437602
vt 0.886432 0.459210
vt 0.899891 0.453568
vt 0.874660 0.467186
vt 0.870449 0.462429
vt 0.908169 0.443594
vt 0.908604 0.437848
vt 0.884950 0.432088
vt 0.909378 0.433928
vt 0.604631 0.931814
vt 0.587301 0.919922
vt 0.604631 0.919922
vt 0.587301 0.931814
vt 0.885357 0.427775
vt 0.604631 0.937501
vt 0.587301 0.937501
vt 0.723310 0.760757
vt 0.724617 0.760750
vt 0.701680 0.769901
vt 0.696302 0.770843
vt 0.858596 0.506401
vt 0.852515 0.506075
vt 0.875076 0.545208
vt 0.870669 0.549458
vt 0.913916 0.561230
vt 0.914062 0.567440
vt 0.919927 0.568174
vt 0.914051 0.573102
vt 0.919485 0.573878
vt 0.914045 0.577231
vt 0.941075 0.574156
vt 0.943020 0.579723
vt 0.918703 0.577768
vt 0.942274 0.574171
vt 0.944386 0.579478
vt 0.942562 0.584025
vt 0.943148 0.573370
vt 0.927761 0.558610
vt 0.941104 0.553143
vt 0.945548 0.578716
vt 0.953940 0.554271
vt 0.958261 0.558031
vt 0.948850 0.581483
vt 0.946169 0.583907
vt 0.961550 0.560260
vt 0.421582 0.919922
vt 0.964504 0.556575
vt 0.427086 0.919922
vt 0.421582 0.931814
vt 0.421582 0.937501
vt 0.427086 0.931814
vt 0.427086 0.937501
vt 0.432591 0.931814
vt 0.432591 0.937501
vt 0.650632 0.867173
vt 0.655101 0.870310
vt 0.628871 0.858344
vt 0.627943 0.857425
vt 0.449946 0.937501
vt 0.449946 0.931814
vt 0.452847 0.937501
vt 0.432591 0.919922
vt 0.449946 0.919922
vt 0.452847 0.931814
vt 0.455766 0.919922
vt 0.452847 0.919922
vt 0.455766 0.931814
vt 0.455766 0.937501
vt 0.473085 0.919922
vt 0.473085 0.931814
vt 0.473085 0.937501
vt 0.627949 0.856119
vt 0.637093 0.834488
vt 0.478606 0.931814
vt 0.478606 0.937501
vt 0.637093 0.823732
vt 0.638035 0.829110
vt 0.484131 0.937501
vt 0.484131 0.931814
vt 0.478606 0.919922
vt 0.484131 0.919922
vt 0.982193 0.500609
vt 0.985572 0.506077
vt 0.981433 0.506079
vt 0.982203 0.511554
vt 0.986106 0.510785
vt 0.976488 0.500186
vt 0.976490 0.511979
vt 0.975770 0.506076
vt 0.969523 0.506453
vt 0.966492 0.520407
vt 0.981477 0.535183
vt 0.960929 0.533791
vt 0.982388 0.533151
vt 0.987875 0.535224
vt 0.982336 0.534340
vt 0.987592 0.536592
vt 0.992175 0.534829
vt 0.991999 0.538459
vt 0.986798 0.537739
vt 0.989523 0.541114
vt 0.965999 0.550330
vt 0.968195 0.553644
vt 0.961592 0.553635
vt 0.962285 0.545973
vt 0.953003 0.545468
vt 0.957610 0.549606
vt 0.961206 0.479030
vt 0.982358 0.478926
vt 0.966841 0.492487
vt 0.987913 0.476943
vt 0.982367 0.477722
vt 0.987661 0.475572
vt 0.981562 0.476847
vt 0.992218 0.477380
vt 0.986090 0.501379
vt 0.501484 0.919922
vt 0.504402 0.931814
vt 0.501484 0.931814
vt 0.504402 0.937501
vt 0.501484 0.937501
vt 0.627949 0.802101
vt 0.627942 0.800794
vt 0.628871 0.799875
vt 0.650632 0.791046
vt 0.507331 0.931814
vt 0.507331 0.937501
vt 0.524665 0.931814
vt 0.524665 0.937501
vt 0.507331 0.919922
vt 0.504402 0.919922
vt 0.524665 0.919922
vt 0.530196 0.931814
vt 0.530196 0.937501
vt 0.530196 0.919922
vt 0.966152 0.461757
vt 0.964668 0.455495
vt 0.968363 0.458444
vt 0.986894 0.474409
vt 0.989641 0.471078
vt 0.961742 0.458432
vt 0.962417 0.466116
vt 0.992079 0.473757
vt 0.535728 0.931814
vt 0.535728 0.919922
vt 0.553066 0.931814
vt 0.553066 0.919922
vt 0.535728 0.937501
vt 0.553066 0.937501
vt 0.658238 0.783440
vt 0.655101 0.787909
vt 0.667067 0.761679
vt 0.910771 0.642251
vt 0.912487 0.648376
vt 0.909223 0.648409
vt 0.915303 0.646679
vt 0.916930 0.643800
vt 0.916893 0.640536
vt 0.915194 0.637723
vt 0.912311 0.636104
vt 0.909030 0.636151
vt 0.906230 0.637815
vt 0.904640 0.640682
vt 0.904659 0.643962
vt 0.906348 0.646780
vt 0.905617 0.647528
vt 0.908968 0.649388
vt 0.903681 0.649293
vt 0.908171 0.651889
vt 0.913328 0.651889
vt 0.912752 0.649316
vt 0.917820 0.649341
vt 0.913735 0.653486
vt 0.918977 0.650522
vt 0.902497 0.650447
vt 0.907727 0.653481
vt 0.899542 0.645196
vt 0.901141 0.644793
vt 0.899570 0.639188
vt 0.901152 0.639634
vt 0.903715 0.644226
vt 0.903633 0.640424
vt 0.905533 0.637136
vt 0.903756 0.635207
vt 0.908760 0.635184
vt 0.908191 0.632633
vt 0.907777 0.631043
vt 0.902611 0.634036
vt 0.913790 0.631020
vt 0.917852 0.635200
vt 0.913351 0.632615
vt 0.915922 0.636972
vt 0.912564 0.635121
vt 0.917833 0.640270
vt 0.920406 0.639691
vt 0.917909 0.644054
vt 0.920411 0.644848
vt 0.922004 0.645291
vt 0.922004 0.639282
vt 0.919033 0.634041
vt 0.916053 0.647409
vt 0.897985 0.608528
vt 0.893289 0.612718
vt 0.891733 0.609906
vt 0.891803 0.606749
vt 0.896062 0.614446
vt 0.893476 0.603950
vt 0.896421 0.602289
vt 0.899907 0.602315
vt 0.902946 0.604163
vt 0.904508 0.607289
vt 0.904170 0.610634
vt 0.902213 0.613277
vt 0.899270 0.614624
vt 0.895768 0.615337
vt 0.892525 0.613405
vt 0.899460 0.615564
vt 0.894891 0.617686
vt 0.890500 0.615011
vt 0.899799 0.617988
vt 0.904356 0.616089
vt 0.902859 0.614033
vt 0.907620 0.612115
vt 0.905151 0.610993
vt 0.908442 0.606828
vt 0.905582 0.607101
vt 0.906138 0.601610
vt 0.903803 0.603414
vt 0.901133 0.598619
vt 0.900215 0.601290
vt 0.895555 0.598651
vt 0.896151 0.601289
vt 0.890940 0.601318
vt 0.892747 0.603238
vt 0.888381 0.605701
vt 0.890836 0.606483
vt 0.888255 0.610551
vt 0.890793 0.610124
vt 0.886835 0.610840
vt 0.889139 0.616191
vt 0.894405 0.619175
vt 0.900040 0.619336
vt 0.905333 0.617332
vt 0.909200 0.612773
vt 0.910273 0.606592
vt 0.907756 0.600249
vt 0.901643 0.596872
vt 0.895098 0.596999
vt 0.889747 0.600162
vt 0.886835 0.605278
vt 0.039207 0.975581
vt 0.057122 0.980952
vt 0.039207 0.980952
vt 0.567944 0.840371
vt 0.549032 0.818592
vt 0.567962 0.818544
vt 0.057122 0.975581
vt 0.060319 0.980952
vt 0.549052 0.840373
vt 0.545309 0.818607
vt 0.545316 0.862141
vt 0.549038 0.862155
vt 0.567969 0.862197
vt 0.575148 0.862327
vt 0.578189 0.858860
vt 0.583233 0.850435
vt 0.575141 0.818411
vt 0.578197 0.821884
vt 0.583228 0.830292
vt 0.585026 0.840366
vt 0.017214 0.956542
vt 0.027158 0.961915
vt 0.017214 0.961915
vt 0.006834 0.956542
vt 0.006834 0.961915
vt 0.017214 0.951167
vt 0.027158 0.951167
vt 0.027158 0.956542
vt 0.615463 0.772653
vt 0.599685 0.782709
vt 0.610381 0.764220
vt 0.617253 0.782707
vt 0.599665 0.804596
vt 0.582259 0.782712
vt 0.599656 0.760821
vt 0.610400 0.801187
vt 0.607265 0.804629
vt 0.615466 0.792767
vt 0.607257 0.760786
vt 0.057122 0.986325
vt 0.039207 0.986325
vt 0.031852 0.986325
vt 0.060319 0.986325
vt 0.582289 0.804653
vt 0.579521 0.782713
vt 0.064032 0.986325
vt 0.064032 0.980952
vt 0.579531 0.804669
vt 0.576810 0.782713
vt 0.579523 0.760756
vt 0.576762 0.760738
vt 0.582281 0.760771
vt 0.057286 0.956542
vt 0.060493 0.951167
vt 0.060493 0.956542
vt 0.064217 0.951167
vt 0.064217 0.956542
vt 0.057286 0.961915
vt 0.060493 0.961915
vt 0.064217 0.961915
vt 0.039314 0.961915
vt 0.039314 0.956542
vt 0.057286 0.951167
vt 0.031936 0.961915
vt 0.031936 0.951167
vt 0.031936 0.956542
vt 0.118561 0.961915
vt 0.118561 0.956542
vt 0.127534 0.961915
vt 0.127534 0.956542
vt 0.118561 0.951167
vt 0.522420 0.760850
vt 0.522456 0.782724
vt 0.512380 0.760882
vt 0.512386 0.782725
vt 0.512389 0.804569
vt 0.522429 0.804597
vt 0.576771 0.804688
vt 0.118204 0.980952
vt 0.118204 0.986325
vt 0.127150 0.980952
vt 0.127150 0.986325
vt 0.133751 0.986325
vt 0.133751 0.980952
vt 0.504815 0.782727
vt 0.249968 0.986325
vt 0.504844 0.804586
vt 0.386474 0.782750
vt 0.504836 0.760868
vt 0.386437 0.760905
vt 0.134157 0.951167
vt 0.134157 0.956542
vt 0.250740 0.951167
vt 0.250740 0.956542
vt 0.134157 0.961915
vt 0.250740 0.961915
vt 0.262650 0.961915
vt 0.262650 0.956542
vt 0.273963 0.961915
vt 0.273963 0.956542
vt 0.262650 0.951167
vt 0.273963 0.951167
vt 0.373353 0.760937
vt 0.373399 0.782752
vt 0.360342 0.760961
vt 0.373362 0.804567
vt 0.360350 0.804548
vt 0.360359 0.782755
vt 0.261840 0.980953
vt 0.261840 0.986325
vt 0.273118 0.980953
vt 0.273118 0.986325
vt 0.284244 0.986325
vt 0.347000 0.782757
vt 0.284244 0.980953
vt 0.295440 0.986325
vt 0.346991 0.804540
vt 0.333707 0.782760
vt 0.346982 0.760975
vt 0.333682 0.760989
vt 0.285124 0.956542
vt 0.296356 0.951167
vt 0.296356 0.956542
vt 0.285124 0.951167
vt 0.307625 0.956542
vt 0.307625 0.951167
vt 0.320391 0.782762
vt 0.320365 0.761001
vt 0.317874 0.956542
vt 0.317874 0.951167
vt 0.308503 0.782765
vt 0.308487 0.761012
vt 0.333691 0.804531
vt 0.320373 0.804523
vt 0.306673 0.986325
vt 0.316890 0.980953
vt 0.316890 0.986325
vt 0.306673 0.980953
vt 0.327837 0.980953
vt 0.327837 0.986325
vt 0.295110 0.804502
vt 0.295101 0.782767
vt 0.338632 0.986325
vt 0.281632 0.782770
vt 0.295102 0.761032
vt 0.281670 0.761026
vt 0.328855 0.956542
vt 0.339685 0.951167
vt 0.339685 0.956542
vt 0.328855 0.951167
vt 0.352293 0.951167
vt 0.352293 0.956542
vt 0.267844 0.782772
vt 0.267878 0.760988
vt 0.328855 0.961915
vt 0.339685 0.961915
vt 0.352293 0.961915
vt 0.602498 0.956542
vt 0.602498 0.961915
vt 0.602498 0.951167
vt 0.609635 0.956542
vt 0.609635 0.961915
vt 0.617940 0.956542
vt 0.609635 0.951167
vt 0.617940 0.951167
vt 0.011606 0.856644
vt 0.015567 0.840453
vt 0.015570 0.862337
vt 0.008126 0.849235
vt 0.626955 0.956542
vt 0.617940 0.961915
vt 0.006905 0.840453
vt 0.624997 0.980953
vt 0.616002 0.975581
vt 0.624997 0.975581
vt 0.008124 0.831664
vt 0.616002 0.980953
vt 0.607743 0.975581
vt 0.011592 0.824269
vt 0.600618 0.975581
vt 0.607743 0.980953
vt 0.600618 0.980953
vt 0.015564 0.818568
vt 0.607743 0.986325
vt 0.600618 0.986325
vt 0.351200 0.980953
vt 0.351200 0.986325
vt 0.351200 0.975581
vt 0.015557 0.782821
vt 0.267886 0.804557
vt 0.015562 0.804686
vt 0.011589 0.798990
vt 0.015553 0.760956
vt 0.011592 0.766647
vt 0.008117 0.774050
vt 0.006901 0.782823
vt 0.008121 0.791603
vt 0.626955 0.951167
vt 0.616002 0.986325
vt 0.281678 0.804513
vt 0.338632 0.980953
vt 0.338632 0.975581
vt 0.279424 0.840413
vt 0.267676 0.818570
vt 0.279308 0.818487
vt 0.267761 0.840415
vt 0.267683 0.862260
vt 0.279315 0.862340
vt 0.287769 0.840412
vt 0.287736 0.862383
vt 0.287729 0.818441
vt 0.296505 0.818475
vt 0.296501 0.840411
vt 0.296511 0.862346
vt 0.327837 0.975581
vt 0.316890 0.975581
vt 0.305310 0.840409
vt 0.305316 0.818466
vt 0.295440 0.980953
vt 0.306673 0.975581
vt 0.314758 0.818484
vt 0.314748 0.840408
vt 0.314765 0.862332
vt 0.305323 0.862352
vt 0.317874 0.961915
vt 0.307625 0.961915
vt 0.296356 0.961915
vt 0.285124 0.961915
vt 0.324153 0.862310
vt 0.333292 0.840405
vt 0.333346 0.862321
vt 0.324147 0.818503
vt 0.333339 0.818490
vt 0.324135 0.840407
vt 0.284244 0.975581
vt 0.295440 0.975581
vt 0.273118 0.975581
vt 0.343173 0.818532
vt 0.343087 0.840404
vt 0.261840 0.975581
vt 0.249968 0.980953
vt 0.249968 0.975581
vt 0.354138 0.818578
vt 0.354078 0.840402
vt 0.354145 0.862227
vt 0.343179 0.862276
vt 0.471213 0.840385
vt 0.471180 0.818540
vt 0.471186 0.862229
vt 0.477015 0.840384
vt 0.477021 0.862251
vt 0.477015 0.818517
vt 0.127150 0.975581
vt 0.133751 0.975581
vt 0.118204 0.975581
vt 0.485104 0.818554
vt 0.485071 0.840383
vt 0.064032 0.975581
vt 0.540549 0.818616
vt 0.540513 0.840375
vt 0.485110 0.862212
vt 0.540555 0.862133
vt 0.545311 0.840374
vt 0.060319 0.975581
vt 0.031852 0.975581
vt 0.031852 0.980952
vt 0.027076 0.980952
vt 0.027076 0.975581
vt 0.017187 0.980952
vt 0.027076 0.986325
vt 0.017187 0.986325
vt 0.006833 0.980952
vt 0.006833 0.986325
vt 0.017187 0.975581
vt 0.874641 0.695652
vt 0.877754 0.694818
vt 0.877754 0.696486
vt 0.876919 0.693373
vt 0.875475 0.692539
vt 0.873807 0.692539
vt 0.872362 0.693373
vt 0.871528 0.694818
vt 0.871528 0.696486
vt 0.872362 0.697930
vt 0.873807 0.698764
vt 0.875475 0.698764
vt 0.876919 0.697930
vt 0.879525 0.696960
vt 0.878216 0.699227
vt 0.855068 0.618321
vt 0.852789 0.616400
vt 0.855068 0.616400
vt 0.850511 0.618321
vt 0.850511 0.616400
vt 0.878216 0.692077
vt 0.879525 0.694343
vt 0.848232 0.616400
vt 0.848232 0.614411
vt 0.852789 0.614411
vt 0.850511 0.614411
vt 0.855068 0.614411
vt 0.857346 0.616400
vt 0.857346 0.614411
vt 0.859625 0.616400
vt 0.857346 0.618321
vt 0.873332 0.700535
vt 0.875949 0.700535
vt 0.871066 0.699227
vt 0.861903 0.618321
vt 0.861903 0.616400
vt 0.869757 0.696960
vt 0.864182 0.618321
vt 0.864182 0.616400
vt 0.864182 0.614411
vt 0.861903 0.614411
vt 0.859625 0.614411
vt 0.836840 0.614411
vt 0.839118 0.616400
vt 0.836840 0.616400
vt 0.841397 0.614411
vt 0.839118 0.614411
vt 0.841397 0.616400
vt 0.839118 0.618321
vt 0.836840 0.618321
vt 0.871066 0.692077
vt 0.869757 0.694343
vt 0.873332 0.690768
vt 0.843675 0.618321
vt 0.843675 0.616400
vt 0.875949 0.690768
vt 0.845954 0.618321
vt 0.845954 0.616400
vt 0.845954 0.614411
vt 0.843675 0.614411
vt 0.848232 0.618321
vt 0.862920 0.675148
vt 0.860641 0.672867
vt 0.862086 0.672035
vt 0.859807 0.674310
vt 0.859807 0.675978
vt 0.860641 0.677424
vt 0.862086 0.678260
vt 0.863755 0.678262
vt 0.865199 0.677430
vt 0.866034 0.675987
vt 0.866033 0.674319
vt 0.865199 0.672873
vt 0.863754 0.672037
vt 0.864229 0.670267
vt 0.861611 0.670264
vt 0.848244 0.633412
vt 0.851092 0.631996
vt 0.851092 0.633412
vt 0.853926 0.631996
vt 0.853926 0.633412
vt 0.858036 0.673833
vt 0.859344 0.671569
vt 0.856760 0.631996
vt 0.856760 0.633412
vt 0.853926 0.634927
vt 0.856760 0.634927
vt 0.851092 0.634927
vt 0.848244 0.634927
vt 0.845382 0.633412
vt 0.848244 0.631996
vt 0.842521 0.634927
vt 0.845382 0.634927
vt 0.842521 0.631996
vt 0.842521 0.633412
vt 0.866496 0.671579
vt 0.867805 0.673847
vt 0.867805 0.676464
vt 0.839673 0.631996
vt 0.839673 0.633412
vt 0.866496 0.678728
vt 0.836839 0.631996
vt 0.836839 0.633412
vt 0.836839 0.634926
vt 0.839673 0.634926
vt 0.871012 0.634927
vt 0.868178 0.633412
vt 0.871012 0.633412
vt 0.868178 0.634927
vt 0.865330 0.633412
vt 0.865330 0.631996
vt 0.868178 0.631996
vt 0.861612 0.680030
vt 0.864229 0.680033
vt 0.859345 0.678718
vt 0.862469 0.631996
vt 0.862469 0.633412
vt 0.858036 0.676450
vt 0.859607 0.633412
vt 0.859607 0.634927
vt 0.862469 0.634927
vt 0.865330 0.634927
vt 0.859607 0.631996
vt 0.838992 0.675632
vt 0.839911 0.672209
vt 0.841499 0.673128
vt 0.838077 0.672208
vt 0.836487 0.673124
vt 0.835569 0.674713
vt 0.835567 0.676547
vt 0.836483 0.678137
vt 0.838072 0.679055
vt 0.839906 0.679056
vt 0.841496 0.678140
vt 0.842414 0.676552
vt 0.842416 0.674717
vt 0.842926 0.671703
vt 0.844364 0.674197
vt 0.858974 0.651522
vt 0.856207 0.650274
vt 0.858974 0.650274
vt 0.856207 0.651522
vt 0.853440 0.650274
vt 0.840435 0.670262
vt 0.853440 0.651522
vt 0.850674 0.650274
vt 0.853440 0.648592
vt 0.850674 0.648592
vt 0.856207 0.648592
vt 0.858974 0.648592
vt 0.861741 0.648592
vt 0.861741 0.651522
vt 0.861741 0.650274
vt 0.864507 0.650274
vt 0.842921 0.679567
vt 0.844362 0.677075
vt 0.840427 0.681005
vt 0.867274 0.651522
vt 0.867274 0.650274
vt 0.837548 0.681002
vt 0.870041 0.651522
vt 0.870041 0.650274
vt 0.870041 0.648592
vt 0.867274 0.648592
vt 0.864507 0.648592
vt 0.839607 0.648592
vt 0.836840 0.650274
vt 0.836840 0.648592
vt 0.842373 0.650274
vt 0.839607 0.650274
vt 0.839607 0.651522
vt 0.836840 0.651522
vt 0.835056 0.679561
vt 0.833619 0.677068
vt 0.833621 0.674189
vt 0.845140 0.650274
vt 0.842373 0.651522
vt 0.835062 0.671697
vt 0.847907 0.651522
vt 0.847907 0.650274
vt 0.847907 0.648592
vt 0.845140 0.648592
vt 0.842373 0.648592
vt 0.850674 0.651522
vt 0.837556 0.670260
vt 0.851200 0.696630
vt 0.850366 0.699741
vt 0.848920 0.698907
vt 0.848086 0.697464
vt 0.852034 0.699741
vt 0.848086 0.695796
vt 0.848921 0.694352
vt 0.850366 0.693519
vt 0.852035 0.693519
vt 0.853480 0.694353
vt 0.854315 0.695797
vt 0.854315 0.697464
vt 0.853480 0.698908
vt 0.852509 0.701512
vt 0.849891 0.701511
vt 0.850996 0.596835
vt 0.853355 0.598833
vt 0.850996 0.598833
vt 0.853355 0.596835
vt 0.855715 0.598833
vt 0.855715 0.596835
vt 0.858075 0.598833
vt 0.856087 0.697938
vt 0.854777 0.700204
vt 0.860434 0.596835
vt 0.860434 0.598833
vt 0.862794 0.596835
vt 0.862794 0.598833
vt 0.854778 0.693057
vt 0.856087 0.695323
vt 0.865153 0.596835
vt 0.865153 0.598833
vt 0.852510 0.691749
vt 0.836838 0.598833
vt 0.839198 0.596835
vt 0.839198 0.598833
vt 0.841558 0.598833
vt 0.847624 0.693056
vt 0.849892 0.691748
vt 0.843917 0.596835
vt 0.843917 0.598833
vt 0.846314 0.695322
vt 0.846277 0.598833
vt 0.846277 0.596835
vt 0.848636 0.598833
vt 0.846314 0.697937
vt 0.848636 0.596835
vt 0.847623 0.700203
vt 0.848636 0.600745
vt 0.850996 0.600745
vt 0.853355 0.600745
vt 0.855715 0.600745
vt 0.858074 0.600745
vt 0.860434 0.600745
vt 0.862794 0.600745
vt 0.865153 0.600745
vt 0.839198 0.600745
vt 0.841558 0.600745
vt 0.843917 0.600745
vt 0.846277 0.600745
vt 0.308343 0.930669
vt 0.292474 0.926349
vt 0.308343 0.926349
vt 0.276605 0.930669
vt 0.292474 0.930669
vt 0.292474 0.924356
vt 0.276605 0.924356
vt 0.276605 0.926349
vt 0.324212 0.924356
vt 0.324212 0.926349
vt 0.324212 0.930669
vt 0.308343 0.922959
vt 0.308343 0.924356
vt 0.292474 0.922959
vt 0.324212 0.918336
vt 0.308343 0.918336
vt 0.292474 0.918336
vt 0.324212 0.916727
vt 0.292474 0.916727
vt 0.308343 0.916727
vt 0.324212 0.915115
vt 0.292474 0.915115
vt 0.308343 0.908598
vt 0.324212 0.908598
vt 0.292474 0.908598
vt 0.308343 0.906989
vt 0.292474 0.906989
vt 0.324212 0.905377
vt 0.324212 0.906989
vt 0.292474 0.905377
vt 0.308343 0.905377
vt 0.324212 0.898779
vt 0.308343 0.898779
vt 0.308343 0.896951
vt 0.292474 0.896951
vt 0.292474 0.898779
vt 0.324212 0.895238
vt 0.324212 0.896951
vt 0.308343 0.895238
vt 0.324212 0.887604
vt 0.292474 0.887604
vt 0.292474 0.895238
vt 0.308343 0.887604
vt 0.324212 0.885449
vt 0.292474 0.885449
vt 0.308343 0.885449
vt 0.324212 0.883149
vt 0.308343 0.883149
vt 0.324212 0.880403
vt 0.292474 0.883149
vt 0.308343 0.880403
vt 0.324212 0.876957
vt 0.308343 0.876957
vt 0.292474 0.876957
vt 0.292474 0.880403
vt 0.276605 0.880403
vt 0.276605 0.876957
vt 0.260736 0.876957
vt 0.260736 0.880403
vt 0.276605 0.883149
vt 0.260736 0.883149
vt 0.276605 0.885449
vt 0.260736 0.885449
vt 0.276605 0.887604
vt 0.260736 0.887604
vt 0.276605 0.895238
vt 0.260736 0.895238
vt 0.276605 0.896951
vt 0.260736 0.896951
vt 0.276605 0.898779
vt 0.260736 0.898779
vt 0.276605 0.905377
vt 0.260736 0.905377
vt 0.276605 0.906989
vt 0.260736 0.906989
vt 0.276605 0.908598
vt 0.260736 0.908598
vt 0.276605 0.915115
vt 0.276605 0.916727
vt 0.260736 0.915115
vt 0.260736 0.916727
vt 0.276605 0.918336
vt 0.260736 0.918336
vt 0.276605 0.922959
vt 0.260736 0.922959
vt 0.260736 0.924356
vt 0.260736 0.926349
vt 0.244867 0.924356
vt 0.244867 0.926349
vt 0.260736 0.930669
vt 0.244867 0.930669
vt 0.228998 0.930669
vt 0.213129 0.930669
vt 0.228998 0.926349
vt 0.197260 0.930669
vt 0.213129 0.926349
vt 0.181391 0.926349
vt 0.197260 0.926349
vt 0.181391 0.930669
vt 0.165522 0.926349
vt 0.165522 0.930669
vt 0.149653 0.926349
vt 0.149653 0.930669
vt 0.133783 0.926349
vt 0.133783 0.930669
vt 0.117914 0.926349
vt 0.102045 0.930669
vt 0.117914 0.930669
vt 0.086176 0.930669
vt 0.102045 0.926349
vt 0.070307 0.930669
vt 0.086176 0.926349
vt 0.054438 0.930669
vt 0.070307 0.926349
vt 0.038569 0.930669
vt 0.054438 0.926349
vt 0.022700 0.930669
vt 0.038569 0.926349
vt 0.006831 0.926349
vt 0.022700 0.926349
vt 0.387688 0.930669
vt 0.371819 0.926349
vt 0.387688 0.926349
vt 0.371819 0.930669
vt 0.355950 0.926349
vt 0.355950 0.930669
vt 0.340081 0.926349
vt 0.340081 0.930669
vt 0.340081 0.924356
vt 0.340081 0.922959
vt 0.355950 0.924356
vt 0.324212 0.922959
vt 0.355950 0.918336
vt 0.340081 0.918336
vt 0.340081 0.916727
vt 0.340081 0.915115
vt 0.355950 0.916727
vt 0.355950 0.908598
vt 0.340081 0.908598
vt 0.340081 0.906989
vt 0.340081 0.905377
vt 0.355950 0.906989
vt 0.340081 0.898779
vt 0.355950 0.905377
vt 0.355950 0.896951
vt 0.355950 0.898779
vt 0.340081 0.896951
vt 0.355950 0.895238
vt 0.340081 0.887604
vt 0.340081 0.895238
vt 0.340081 0.885449
vt 0.355950 0.887604
vt 0.355950 0.883149
vt 0.355950 0.885449
vt 0.340081 0.883149
vt 0.355950 0.880403
vt 0.340081 0.880403
vt 0.355950 0.876957
vt 0.340081 0.876957
vt 0.371819 0.876957
vt 0.387688 0.876957
vt 0.371819 0.880403
vt 0.371819 0.883149
vt 0.387688 0.880403
vt 0.387688 0.883149
vt 0.371819 0.885449
vt 0.387688 0.885449
vt 0.371819 0.887604
vt 0.387688 0.887604
vt 0.387688 0.895238
vt 0.371819 0.895238
vt 0.387688 0.896951
vt 0.371819 0.896951
vt 0.387688 0.898779
vt 0.371819 0.898779
vt 0.387688 0.905377
vt 0.371819 0.905377
vt 0.371819 0.906989
vt 0.387688 0.906989
vt 0.387688 0.908598
vt 0.371819 0.908598
vt 0.387688 0.915115
vt 0.371819 0.915115
vt 0.371819 0.916727
vt 0.387688 0.916727
vt 0.355950 0.915115
vt 0.387688 0.918336
vt 0.371819 0.918336
vt 0.387688 0.922959
vt 0.371819 0.922959
vt 0.355950 0.922959
vt 0.387688 0.924356
vt 0.371819 0.924356
vt 0.006831 0.922959
vt 0.022700 0.924356
vt 0.006831 0.924356
vt 0.038569 0.922959
vt 0.038569 0.924356
vt 0.022700 0.918336
vt 0.022700 0.922959
vt 0.006831 0.918336
vt 0.022700 0.916727
vt 0.038569 0.918336
vt 0.006831 0.916727
vt 0.022700 0.915115
vt 0.038569 0.916727
vt 0.038569 0.915115
vt 0.022700 0.908598
vt 0.038569 0.908598
vt 0.006831 0.908598
vt 0.038569 0.906989
vt 0.022700 0.906989
vt 0.022700 0.905377
vt 0.006831 0.906989
vt 0.022700 0.898779
vt 0.038569 0.905377
vt 0.006831 0.898779
vt 0.006831 0.905377
vt 0.022700 0.896951
vt 0.038569 0.898779
vt 0.006831 0.896951
vt 0.022700 0.895238
vt 0.038569 0.896951
vt 0.006831 0.895238
vt 0.022700 0.887604
vt 0.038569 0.895238
vt 0.006831 0.887604
vt 0.038569 0.885449
vt 0.038569 0.887604
vt 0.006831 0.885449
vt 0.022700 0.885449
vt 0.038569 0.883149
vt 0.022700 0.883149
vt 0.022700 0.880403
vt 0.006831 0.880403
vt 0.006831 0.883149
vt 0.022700 0.876957
vt 0.038569 0.880403
vt 0.006831 0.876957
vt 0.038569 0.876957
vt 0.054438 0.880403
vt 0.054438 0.876957
vt 0.070307 0.880403
vt 0.070307 0.883149
vt 0.054438 0.883149
vt 0.054438 0.885449
vt 0.070307 0.885449
vt 0.070307 0.887604
vt 0.054438 0.887604
vt 0.070307 0.895238
vt 0.054438 0.895238
vt 0.054438 0.896951
vt 0.070307 0.896951
vt 0.070307 0.898779
vt 0.054438 0.898779
vt 0.070307 0.905377
vt 0.054438 0.905377
vt 0.070307 0.906989
vt 0.054438 0.906989
vt 0.054438 0.908598
vt 0.070307 0.908598
vt 0.054438 0.915115
vt 0.070307 0.916727
vt 0.054438 0.916727
vt 0.054438 0.918336
vt 0.070307 0.918336
vt 0.054438 0.922959
vt 0.070307 0.924356
vt 0.054438 0.924356
vt 0.070307 0.922959
vt 0.086176 0.924356
vt 0.102045 0.922959
vt 0.102045 0.924356
vt 0.086176 0.918336
vt 0.086176 0.922959
vt 0.086176 0.916727
vt 0.102045 0.918336
vt 0.086176 0.915115
vt 0.102045 0.916727
vt 0.070307 0.915115
vt 0.086176 0.908598
vt 0.102045 0.915115
vt 0.086176 0.906989
vt 0.102045 0.908598
vt 0.086176 0.905377
vt 0.102045 0.906989
vt 0.086176 0.898779
vt 0.102045 0.905377
vt 0.086176 0.896951
vt 0.102045 0.898779
vt 0.086176 0.895238
vt 0.102045 0.896951
vt 0.086176 0.887604
vt 0.102045 0.895238
vt 0.102045 0.885449
vt 0.102045 0.887604
vt 0.086176 0.885449
vt 0.102045 0.883149
vt 0.086176 0.883149
vt 0.102045 0.880403
vt 0.086176 0.876957
vt 0.086176 0.880403
vt 0.070307 0.876957
vt 0.117914 0.876957
vt 0.102045 0.876957
vt 0.133783 0.876957
vt 0.117914 0.880403
vt 0.117914 0.883149
vt 0.133783 0.880403
vt 0.133783 0.883149
vt 0.117914 0.885449
vt 0.133783 0.885449
vt 0.133783 0.887604
vt 0.117914 0.887604
vt 0.117914 0.895238
vt 0.133783 0.895238
vt 0.117914 0.896951
vt 0.133783 0.896951
vt 0.133783 0.898779
vt 0.117914 0.898779
vt 0.133783 0.905377
vt 0.117914 0.905377
vt 0.117914 0.906989
vt 0.133783 0.906989
vt 0.133783 0.908598
vt 0.117914 0.908598
vt 0.133783 0.915115
vt 0.117914 0.915115
vt 0.117914 0.916727
vt 0.133783 0.916727
vt 0.133783 0.918336
vt 0.117914 0.918336
vt 0.133783 0.922959
vt 0.117914 0.922959
vt 0.117914 0.924356
vt 0.133783 0.924356
vt 0.149653 0.924356
vt 0.149653 0.922959
vt 0.165522 0.924356
vt 0.149653 0.918336
vt 0.165522 0.922959
vt 0.149653 0.916727
vt 0.165522 0.918336
vt 0.149653 0.915115
vt 0.165522 0.916727
vt 0.165522 0.915115
vt 0.149653 0.908598
vt 0.165522 0.908598
vt 0.149653 0.906989
vt 0.165522 0.905377
vt 0.165522 0.906989
vt 0.149653 0.905377
vt 0.149653 0.898779
vt 0.149653 0.896951
vt 0.165522 0.898779
vt 0.165522 0.895238
vt 0.165522 0.896951
vt 0.149653 0.895238
vt 0.149653 0.887604
vt 0.149653 0.885449
vt 0.165522 0.887604
vt 0.165522 0.883149
vt 0.165522 0.885449
vt 0.149653 0.883149
vt 0.165522 0.880403
vt 0.149653 0.880403
vt 0.165522 0.876957
vt 0.149653 0.876957
vt 0.181391 0.876957
vt 0.197260 0.876957
vt 0.181391 0.880403
vt 0.181391 0.883149
vt 0.197260 0.880403
vt 0.197260 0.883149
vt 0.181391 0.885449
vt 0.197260 0.885449
vt 0.181391 0.887604
vt 0.197260 0.887604
vt 0.181391 0.895238
vt 0.197260 0.895238
vt 0.197260 0.896951
vt 0.181391 0.896951
vt 0.197260 0.898779
vt 0.181391 0.898779
vt 0.197260 0.905377
vt 0.181391 0.905377
vt 0.197260 0.906989
vt 0.181391 0.906989
vt 0.197260 0.908598
vt 0.181391 0.908598
vt 0.197260 0.915115
vt 0.181391 0.915115
vt 0.197260 0.916727
vt 0.181391 0.916727
vt 0.197260 0.918336
vt 0.181391 0.918336
vt 0.197260 0.922959
vt 0.181391 0.922959
vt 0.197260 0.924356
vt 0.181391 0.924356
vt 0.213129 0.924356
vt 0.228998 0.922959
vt 0.228998 0.924356
vt 0.213129 0.918336
vt 0.213129 0.922959
vt 0.228998 0.916727
vt 0.228998 0.918336
vt 0.213129 0.915115
vt 0.213129 0.916727
vt 0.228998 0.908598
vt 0.213129 0.908598
vt 0.213129 0.906989
vt 0.213129 0.905377
vt 0.228998 0.906989
vt 0.213129 0.898779
vt 0.228998 0.905377
vt 0.228998 0.896951
vt 0.228998 0.898779
vt 0.213129 0.895238
vt 0.213129 0.896951
vt 0.213129 0.887604
vt 0.228998 0.895238
vt 0.228998 0.885449
vt 0.228998 0.887604
vt 0.213129 0.885449
vt 0.213129 0.883149
vt 0.213129 0.880403
vt 0.228998 0.883149
vt 0.213129 0.876957
vt 0.228998 0.880403
vt 0.228998 0.876957
vt 0.244867 0.880403
vt 0.244867 0.876957
vt 0.244867 0.883149
vt 0.244867 0.885449
vt 0.244867 0.887604
vt 0.244867 0.895238
vt 0.244867 0.896951
vt 0.244867 0.898779
vt 0.244867 0.905377
vt 0.244867 0.906989
vt 0.244867 0.908598
vt 0.244867 0.915115
vt 0.244867 0.916727
vt 0.228998 0.915115
vt 0.244867 0.918336
vt 0.244867 0.922959
vt 0.728020 0.101811
vt 0.736329 0.078068
vt 0.736329 0.101811
vt 0.736329 0.125553
vt 0.728020 0.078068
vt 0.736329 0.054325
vt 0.691978 0.054325
vt 0.728020 0.054325
vt 0.691978 0.078068
vt 0.668498 0.054325
vt 0.691978 0.101811
vt 0.668498 0.078068
vt 0.630110 0.054325
vt 0.668498 0.101811
vt 0.630110 0.078068
vt 0.592191 0.054325
vt 0.630110 0.101811
vt 0.592191 0.078068
vt 0.566242 0.054325
vt 0.592191 0.101811
vt 0.566242 0.078068
vt 0.500562 0.078068
vt 0.500562 0.101811
vt 0.566242 0.101811
vt 0.389972 0.078068
vt 0.500562 0.054325
vt 0.389972 0.101811
vt 0.315808 0.078068
vt 0.389972 0.054325
vt 0.315808 0.101811
vt 0.264176 0.078068
vt 0.315808 0.054325
vt 0.264176 0.101811
vt 0.167676 0.078068
vt 0.264176 0.054325
vt 0.167676 0.101811
vt 0.027199 0.078068
vt 0.167676 0.054325
vt 0.027199 0.101811
vt 0.023173 0.078068
vt 0.027199 0.054325
vt 0.018453 0.054325
vt 0.023173 0.054325
vt 0.023173 0.101811
vt 0.018453 0.078068
vt 0.006841 0.078068
vt 0.006841 0.101811
vt 0.018453 0.101811
vt 0.006841 0.125553
vt 0.018453 0.125553
vt 0.006841 0.149296
vt 0.018453 0.149296
vt 0.023173 0.125553
vt 0.023173 0.149296
vt 0.027199 0.125553
vt 0.027199 0.149296
vt 0.167676 0.125553
vt 0.167676 0.149296
vt 0.264176 0.125553
vt 0.264176 0.149296
vt 0.315808 0.125553
vt 0.315808 0.149296
vt 0.389972 0.125553
vt 0.389972 0.149296
vt 0.500562 0.125553
vt 0.500562 0.149296
vt 0.566242 0.125553
vt 0.566242 0.149296
vt 0.592191 0.125553
vt 0.592191 0.149296
vt 0.630110 0.125553
vt 0.630110 0.149296
vt 0.668498 0.125553
vt 0.668498 0.149296
vt 0.691978 0.125553
vt 0.691978 0.149296
vt 0.728020 0.125553
vt 0.728020 0.149296
vt 0.736329 0.149296
vt 0.728020 0.173039
vt 0.736329 0.173039
vt 0.736329 0.196782
vt 0.728020 0.220524
vt 0.736329 0.220524
vt 0.728020 0.196782
vt 0.691978 0.173039
vt 0.691978 0.196782
vt 0.668498 0.173039
vt 0.691978 0.220524
vt 0.668498 0.196782
vt 0.630110 0.173039
vt 0.668498 0.220524
vt 0.630110 0.196782
vt 0.592191 0.196782
vt 0.630110 0.220524
vt 0.566242 0.173039
vt 0.592191 0.173039
vt 0.592191 0.220524
vt 0.566242 0.196782
vt 0.500562 0.196782
vt 0.500562 0.220524
vt 0.566242 0.220524
vt 0.389972 0.196782
vt 0.500562 0.173039
vt 0.389972 0.220524
vt 0.315808 0.196782
vt 0.389972 0.173039
vt 0.315808 0.220524
vt 0.264176 0.196782
vt 0.315808 0.173039
vt 0.264176 0.220524
vt 0.167676 0.196782
vt 0.264176 0.173039
vt 0.167676 0.220524
vt 0.027199 0.196782
vt 0.167676 0.173039
vt 0.023173 0.196782
vt 0.027199 0.173039
vt 0.027199 0.220524
vt 0.018453 0.196782
vt 0.023173 0.173039
vt 0.023173 0.220524
vt 0.006841 0.196782
vt 0.018453 0.173039
vt 0.006841 0.220524
vt 0.018453 0.220524
vt 0.006841 0.244267
vt 0.018453 0.244267
vt 0.006841 0.268010
vt 0.018453 0.268010
vt 0.023173 0.244267
vt 0.023173 0.268010
vt 0.027199 0.244267
vt 0.027199 0.268010
vt 0.167676 0.244267
vt 0.167676 0.268010
vt 0.264176 0.244267
vt 0.264176 0.268010
vt 0.315808 0.244267
vt 0.315808 0.268010
vt 0.389972 0.244267
vt 0.389972 0.268010
vt 0.500562 0.244267
vt 0.500562 0.268010
vt 0.566242 0.244267
vt 0.566242 0.268010
vt 0.592191 0.244267
vt 0.592191 0.268010
vt 0.630110 0.244267
vt 0.630110 0.268010
vt 0.668498 0.244267
vt 0.668498 0.268010
vt 0.691978 0.244267
vt 0.691978 0.268010
vt 0.728020 0.244267
vt 0.728020 0.268010
vt 0.736329 0.244267
vt 0.736329 0.268010
vt 0.728020 0.291752
vt 0.736329 0.291752
vt 0.736329 0.315495
vt 0.728020 0.315495
vt 0.691978 0.291752
vt 0.691978 0.315495
vt 0.668498 0.291752
vt 0.630110 0.315495
vt 0.668498 0.315495
vt 0.592191 0.291752
vt 0.630110 0.291752
vt 0.592191 0.315495
vt 0.566242 0.291752
vt 0.566242 0.315495
vt 0.500562 0.291752
vt 0.500562 0.315495
vt 0.389972 0.291752
vt 0.389972 0.315495
vt 0.315808 0.291752
vt 0.315808 0.315495
vt 0.264176 0.291752
vt 0.264176 0.315495
vt 0.167676 0.291752
vt 0.167676 0.315495
vt 0.027199 0.291752
vt 0.027199 0.315495
vt 0.023173 0.291752
vt 0.023173 0.315495
vt 0.018453 0.291752
vt 0.006841 0.291752
vt 0.006841 0.315495
vt 0.018453 0.315495
vt 0.006841 0.339238
vt 0.018453 0.339238
vt 0.006841 0.362981
vt 0.018453 0.362981
vt 0.023173 0.339238
vt 0.023173 0.362981
vt 0.027199 0.339238
vt 0.027199 0.362981
vt 0.167676 0.339238
vt 0.167676 0.362981
vt 0.264176 0.339238
vt 0.264176 0.362981
vt 0.315808 0.339238
vt 0.315808 0.362981
vt 0.389972 0.339238
vt 0.389972 0.362981
vt 0.500562 0.339238
vt 0.500562 0.362981
vt 0.566242 0.339238
vt 0.566242 0.362981
vt 0.592191 0.339238
vt 0.592191 0.362981
vt 0.630110 0.339238
vt 0.630110 0.362981
vt 0.668498 0.339238
vt 0.668498 0.362981
vt 0.691978 0.339238
vt 0.691978 0.362981
vt 0.728020 0.339238
vt 0.728020 0.362981
vt 0.736329 0.339238
vt 0.736329 0.362981
vt 0.728020 0.386723
vt 0.736329 0.386723
vt 0.728020 0.030583
vt 0.736329 0.006840
vt 0.736329 0.030583
vt 0.691978 0.006840
vt 0.728020 0.006840
vt 0.691978 0.386723
vt 0.691978 0.030583
vt 0.668498 0.006840
vt 0.668498 0.386723
vt 0.668498 0.030583
vt 0.630110 0.006840
vt 0.630110 0.386723
vt 0.630110 0.030583
vt 0.592191 0.006840
vt 0.592191 0.386723
vt 0.566242 0.030583
vt 0.592191 0.030583
vt 0.500562 0.386723
vt 0.566242 0.386723
vt 0.500562 0.030583
vt 0.566242 0.006840
vt 0.389972 0.386723
vt 0.389972 0.030583
vt 0.500562 0.006840
vt 0.315808 0.386723
vt 0.315808 0.030583
vt 0.389972 0.006840
vt 0.264176 0.386723
vt 0.264176 0.030583
vt 0.315808 0.006840
vt 0.167676 0.386723
vt 0.167676 0.030583
vt 0.264176 0.006840
vt 0.027199 0.386723
vt 0.027199 0.030583
vt 0.167676 0.006840
vt 0.023173 0.386723
vt 0.023173 0.006840
vt 0.027199 0.006840
vt 0.018453 0.386723
vt 0.023173 0.030583
vt 0.018453 0.006840
vt 0.006841 0.386723
vt 0.006841 0.030583
vt 0.018453 0.030583
vt 0.006841 0.173039
vt 0.972858 0.656534
vt 0.978756 0.658701
vt 0.971903 0.658699
vt 0.973809 0.654319
vt 0.977789 0.656254
vt 0.969656 0.652746
vt 0.972318 0.651685
vt 0.967200 0.653699
vt 0.969350 0.647776
vt 0.967170 0.646811
vt 0.972198 0.642106
vt 0.973170 0.644567
vt 0.971583 0.648738
vt 0.974231 0.647250
vt 0.977183 0.646534
vt 0.978157 0.644309
vt 0.979089 0.642119
vt 0.981332 0.648150
vt 0.983779 0.647172
vt 0.981584 0.653099
vt 0.983763 0.654030
vt 0.979374 0.652128
vt 0.978662 0.649188
vt 0.975487 0.650430
vt 0.976740 0.653600
vt 0.981584 0.617512
vt 0.978729 0.611839
vt 0.983762 0.616547
vt 0.979354 0.618473
vt 0.977761 0.614300
vt 0.981286 0.622483
vt 0.978625 0.621421
vt 0.983744 0.623437
vt 0.978092 0.626271
vt 0.979050 0.628437
vt 0.972200 0.628437
vt 0.973163 0.625989
vt 0.977139 0.624055
vt 0.974207 0.623335
vt 0.971572 0.621862
vt 0.969365 0.622832
vt 0.967188 0.623763
vt 0.969608 0.617882
vt 0.967160 0.616903
vt 0.972776 0.614041
vt 0.971840 0.611850
vt 0.973753 0.616267
vt 0.972279 0.618921
vt 0.975454 0.620165
vt 0.976705 0.616984
vt 0.940235 0.603677
vt 0.937901 0.609481
vt 0.937995 0.602326
vt 0.942384 0.604627
vt 0.940466 0.608510
vt 0.943875 0.600497
vt 0.944948 0.603169
vt 0.943286 0.598161
vt 0.948794 0.600234
vt 0.949884 0.598159
vt 0.954501 0.603200
vt 0.952059 0.604123
vt 0.947859 0.602465
vt 0.949345 0.605151
vt 0.950026 0.608141
vt 0.952213 0.609190
vt 0.954412 0.610021
vt 0.948361 0.612247
vt 0.949479 0.614383
vt 0.942744 0.614767
vt 0.943518 0.612276
vt 0.944490 0.610145
vt 0.947380 0.609540
vt 0.946188 0.606345
vt 0.943069 0.607525
vt 0.939931 0.639355
vt 0.942894 0.645063
vt 0.937856 0.640444
vt 0.942162 0.638421
vt 0.943819 0.642622
vt 0.940195 0.634437
vt 0.942867 0.635511
vt 0.937860 0.633847
vt 0.942027 0.628558
vt 0.943377 0.630799
vt 0.949181 0.628467
vt 0.948210 0.631031
vt 0.944326 0.632948
vt 0.947224 0.633634
vt 0.949843 0.635056
vt 0.951974 0.634085
vt 0.954465 0.633312
vt 0.951943 0.638927
vt 0.954078 0.640046
vt 0.948885 0.642778
vt 0.949715 0.644977
vt 0.947837 0.640590
vt 0.949237 0.637945
vt 0.946043 0.636752
vt 0.944847 0.639909
vt 0.835936 0.324978
vt 0.835936 0.006837
vt 0.835936 0.134094
vt 0.750001 0.731451
vt 0.750001 0.074767
vt 0.750001 0.437075
vt 0.653777 0.747067
vt 0.720701 0.747067
vt 0.096071 0.747067
vt 0.453002 0.747067
vt 0.963433 0.006835
vt 0.401367 0.919922
vt 0.006834 0.951167
vt 0.039314 0.951167
vt 0.127534 0.951167
vt 0.386446 0.804595
vt 0.308496 0.804517
vt 0.626955 0.961915
vt 0.624997 0.986325
vt 0.006833 0.975581
vt 0.852789 0.618321
vt 0.859625 0.618321
vt 0.841397 0.618321
vt 0.845382 0.631996
vt 0.871012 0.631996
vt 0.864507 0.651522
vt 0.845140 0.651522
vt 0.858075 0.596835
vt 0.836838 0.596835
vt 0.841558 0.596835
vt 0.836838 0.600745
vt 0.308343 0.915115
vt 0.006831 0.930669
vt 0.006831 0.915115
vt 0.006841 0.054325
vt 0.006841 0.006840
s 1
f 24/1/1 2/2/2 1/3/3
f 47/4/4 25/5/5 24/1/1
f 70/6/6 48/7/7 47/4/4
f 93/8/8 71/9/9 70/6/6
f 116/10/10 94/11/11 93/8/8
f 139/12/12 117/13/13 116/10/10
f 162/14/14 140/15/15 139/12/12
f 185/16/16 163/17/17 162/14/14
f 208/18/18 186/19/19 185/16/16
f 231/20/20 209/21/21 208/22/18
f 254/23/22 232/24/23 231/20/20
f 277/25/24 255/26/25 254/23/22
f 300/27/26 278/28/27 277/25/24
f 323/29/28 301/30/29 300/27/26
f 346/31/30 324/32/31 323/29/28
f 369/33/32 347/34/33 346/31/30
f 392/35/34 370/36/35 369/33/32
f 415/37/36 393/38/37 392/35/34
f 438/39/38 416/40/39 415/37/36
f 461/41/40 439/42/41 438/39/38
f 484/43/42 462/44/43 461/41/40
f 507/45/44 485/46/45 484/43/42
f 530/47/46 508/48/47 507/45/44
f 553/49/48 531/50/49 530/47/46
f 576/51/50 554/52/51 553/49/48
f 599/53/52 577/54/53 576/51/50
f 622/55/54 600/56/55 599/53/52
f 645/57/56 623/58/57 622/55/54
f 668/59/58 646/60/59 645/57/56
f 691/61/60 669/62/61 668/59/58
f 714/63/62 692/64/63 691/61/60
f 1/3/3 715/65/64 714/63/62
f 25/5/5 3/66/65 2/2/2
f 48/7/7 26/67/66 25/5/5
f 71/9/9 49/68/67 48/7/7
f 94/11/11 72/69/68 71/9/9
f 117/13/13 95/70/69 94/11/11
f 140/15/15 118/71/70 117/13/13
f 163/17/17 141/72/71 140/15/15
f 186/19/19 164/73/72 163/17/17
f 209/74/21 187/75/73 186/19/19
f 232/24/23 210/76/74 209/21/21
f 255/26/25 233/77/75 232/24/23
f 278/28/27 256/78/76 255/26/25
f 301/30/29 279/79/77 278/28/27
f 324/32/31 302/80/78 301/30/29
f 347/34/33 325/81/79 324/32/31
f 370/36/35 348/82/80 347/34/33
f 393/38/37 371/83/81 370/36/35
f 416/40/39 394/84/82 393/38/37
f 439/42/41 417/85/83 416/40/39
f 462/44/43 440/86/84 439/42/41
f 485/46/45 463/87/85 462/44/43
f 508/48/47 486/88/86 485/46/45
f 531/50/49 509/89/87 508/48/47
f 554/52/51 532/90/88 531/50/49
f 577/54/53 555/91/89 554/52/51
f 600/56/55 578/92/90 577/54/53
f 623/58/57 601/93/91 600/56/55
f 646/60/59 624/94/92 623/58/57
f 669/62/61 647/95/93 646/60/59
f 692/64/63 670/96/94 669/62/61
f 715/65/64 693/97/95 692/64/63
f 2/2/2 716/98/96 715/65/64
f 33/99/97 9/100/98 32/101/99
f 56/102/100 32/101/99 55/103/101
f 79/104/102 55/103/101 78/105/103
f 102/106/104 78/105/103 101/107/105
f 125/108/106 101/107/105 124/109/107
f 148/110/108 124/109/107 147/111/109
f 171/112/110 147/111/109 170/113/111
f 194/114/112 170/113/111 193/115/113
f 217/116/114 193/115/113 216/117/115
f 240/118/116 216/119/115 239/120/117
f 263/121/118 239/120/117 262/122/119
f 286/123/120 262/122/119 285/124/121
f 309/125/122 285/124/121 308/126/123
f 332/127/124 308/126/123 331/128/125
f 355/129/126 331/128/125 354/130/127
f 378/131/128 354/130/127 377/132/129
f 401/133/130 377/132/129 400/134/131
f 424/135/132 400/134/131 423/136/133
f 446/137/134 424/135/132 423/136/133
f 470/138/135 446/137/134 469/139/136
f 493/140/137 469/139/136 492/141/138
f 516/142/139 492/141/138 515/143/140
f 539/144/141 515/143/140 538/145/142
f 562/146/143 538/145/142 561/147/144
f 585/148/145 561/147/144 584/149/146
f 607/150/147 585/148/145 584/149/146
f 631/151/148 607/150/147 630/152/149
f 654/153/150 630/152/149 653/154/151
f 677/155/152 653/154/151 676/156/153
f 700/157/154 676/156/153 699/158/155
f 723/159/156 699/158/155 722/160/157
f 10/161/158 722/160/157 9/100/98
f 27/162/159 5/163/160 4/164/161
f 51/165/162 27/162/159 50/166/163
f 74/167/164 50/166/163 73/168/165
f 97/169/166 73/168/165 96/170/167
f 120/171/168 96/170/167 119/172/169
f 143/173/170 119/172/169 142/174/171
f 166/175/172 142/174/171 165/176/173
f 189/177/174 165/176/173 188/178/175
f 212/179/176 188/178/175 211/180/177
f 235/181/178 211/182/177 234/183/179
f 258/184/180 234/183/179 257/185/181
f 281/186/182 257/185/181 280/187/183
f 304/188/184 280/187/183 303/189/185
f 326/190/186 304/188/184 303/189/185
f 349/191/187 327/192/188 326/190/186
f 373/193/189 349/191/187 372/194/190
f 396/195/191 372/194/190 395/196/192
f 419/197/193 395/196/192 418/198/194
f 441/199/195 419/197/193 418/198/194
f 465/200/196 441/199/195 464/201/197
f 488/202/198 464/201/197 487/203/199
f 511/204/200 487/203/199 510/205/201
f 534/206/202 510/205/201 533/207/203
f 557/208/204 533/207/203 556/209/205
f 580/210/206 556/209/205 579/211/207
f 603/212/208 579/211/207 602/213/209
f 626/214/210 602/213/209 625/215/211
f 649/216/212 625/215/211 648/217/213
f 671/218/214 649/216/212 648/217/213
f 694/219/215 672/220/216 671/218/214
f 718/221/217 694/219/215 717/222/218
f 4/164/161 718/221/217 717/222/218
f 51/165/162 29/223/219 28/224/220
f 75/225/221 51/165/162 74/167/164
f 98/226/222 74/167/164 97/169/166
f 121/227/223 97/169/166 120/171/168
f 144/228/224 120/171/168 143/173/170
f 167/229/225 143/173/170 166/175/172
f 190/230/226 166/175/172 189/177/174
f 213/231/227 189/177/174 212/179/176
f 236/232/228 212/233/176 235/181/178
f 259/234/229 235/181/178 258/184/180
f 282/235/230 258/184/180 281/186/182
f 305/236/231 281/186/182 304/188/184
f 328/237/232 304/188/184 327/192/188
f 350/238/233 328/237/232 327/192/188
f 373/193/189 351/239/234 350/238/233
f 396/195/191 374/240/235 373/193/189
f 420/241/236 396/195/191 419/197/193
f 443/242/237 419/197/193 442/243/238
f 466/244/239 442/243/238 465/200/196
f 489/245/240 465/200/196 488/202/198
f 512/246/241 488/202/198 511/204/200
f 535/247/242 511/204/200 534/206/202
f 558/248/243 534/206/202 557/208/204
f 581/249/244 557/208/204 580/210/206
f 604/250/245 580/210/206 603/212/208
f 627/251/246 603/212/208 626/214/210
f 650/252/247 626/214/210 649/216/212
f 673/253/248 649/216/212 672/220/216
f 695/254/249 673/253/248 672/220/216
f 719/255/250 695/254/249 718/221/217
f 5/163/160 719/255/250 718/221/217
f 30/256/251 6/257/252 29/223/219
f 53/258/253 29/223/219 52/259/254
f 76/260/255 52/259/254 75/225/221
f 98/226/222 76/260/255 75/225/221
f 121/227/223 99/261/256 98/226/222
f 145/262/257 121/227/223 144/228/224
f 168/263/258 144/228/224 167/229/225
f 191/264/259 167/229/225 190/230/226
f 214/265/260 190/230/226 213/231/227
f 237/266/261 213/267/227 236/232/228
f 260/268/262 236/232/228 259/234/229
f 283/269/263 259/234/229 282/235/230
f 306/270/264 282/235/230 305/236/231
f 329/271/265 305/236/231 328/237/232
f 352/272/266 328/237/232 351/239/234
f 375/273/267 351/239/234 374/240/235
f 397/274/268 375/273/267 374/240/235
f 421/275/269 397/274/268 420/241/236
f 443/242/237 421/275/269 420/241/236
f 466/244/239 444/276/270 443/242/237
f 489/245/240 467/277/271 466/244/239
f 513/278/272 489/245/240 512/246/241
f 536/279/273 512/246/241 535/247/242
f 559/280/274 535/247/242 558/248/243
f 582/281/275 558/248/243 581/249/244
f 605/282/276 581/249/244 604/250/245
f 628/283/277 604/250/245 627/251/246
f 651/284/278 627/251/246 650/252/247
f 674/285/279 650/252/247 673/253/248
f 696/286/280 674/285/279 673/253/248
f 719/255/250 697/287/281 696/286/280
f 6/257/252 720/288/282 719/255/250
f 54/289/283 30/256/251 53/258/253
f 77/290/284 53/258/253 76/260/255
f 99/261/256 77/290/284 76/260/255
f 123/291/285 99/261/256 122/292/286
f 145/262/257 123/291/285 122/292/286
f 168/263/258 146/293/287 145/262/257
f 192/294/288 168/263/258 191/264/259
f 214/265/260 192/294/288 191/264/259
f 237/266/261 215/295/289 214/296/260
f 260/268/262 238/297/290 237/266/261
f 284/298/291 260/268/262 283/269/263
f 307/299/292 283/269/263 306/270/264
f 330/300/293 306/270/264 329/271/265
f 353/301/294 329/271/265 352/272/266
f 376/302/295 352/272/266 375/273/267
f 399/303/296 375/273/267 398/304/297
f 422/305/298 398/304/297 421/275/269
f 445/306/299 421/275/269 444/276/270
f 467/277/271 445/306/299 444/276/270
f 491/307/300 467/277/271 490/308/301
f 514/309/302 490/308/301 513/278/272
f 536/279/273 514/309/302 513/278/272
f 559/280/274 537/310/303 536/279/273
f 582/281/275 560/311/304 559/280/274
f 605/282/276 583/312/305 582/281/275
f 628/283/277 606/313/306 605/282/276
f 651/284/278 629/314/307 628/283/277
f 674/285/279 652/315/308 651/284/278
f 698/316/309 674/285/279 697/287/281
f 721/317/310 697/287/281 720/288/282
f 7/318/311 721/317/310 720/288/282
f 28/224/220 6/257/252 5/163/160
f 55/103/101 31/319/312 54/289/283
f 78/105/103 54/289/283 77/290/284
f 100/320/313 78/105/103 77/290/284
f 123/291/285 101/107/105 100/320/313
f 146/293/287 124/109/107 123/291/285
f 169/321/314 147/111/109 146/293/287
f 192/294/288 170/113/111 169/321/314
f 215/322/289 193/115/113 192/294/288
f 238/297/290 216/119/115 215/295/289
f 261/323/315 239/120/117 238/297/290
f 284/298/291 262/122/119 261/323/315
f 307/299/292 285/124/121 284/298/291
f 331/128/125 307/299/292 330/300/293
f 353/301/294 331/128/125 330/300/293
f 377/132/129 353/301/294 376/302/295
f 400/134/131 376/302/295 399/303/296
f 423/136/133 399/303/296 422/305/298
f 445/306/299 423/136/133 422/305/298
f 468/324/316 446/137/134 445/306/299
f 491/307/300 469/139/136 468/324/316
f 514/309/302 492/141/138 491/307/300
f 537/310/303 515/143/140 514/309/302
f 560/311/304 538/145/142 537/310/303
f 583/312/305 561/147/144 560/311/304
f 606/313/306 584/149/146 583/312/305
f 629/314/307 607/150/147 606/313/306
f 652/315/308 630/152/149 629/314/307
f 675/325/317 653/154/151 652/315/308
f 699/158/155 675/325/317 698/316/309
f 722/160/157 698/316/309 721/317/310
f 9/100/98 721/317/310 8/326/318
f 50/166/163 26/67/66 49/68/67
f 73/168/165 49/68/67 72/69/68
f 96/170/167 72/69/68 95/70/69
f 119/172/169 95/70/69 118/71/70
f 142/174/171 118/71/70 141/72/71
f 165/176/173 141/72/71 164/73/72
f 188/178/175 164/73/72 187/75/73
f 211/180/177 187/75/73 210/327/74
f 234/183/179 210/76/74 233/77/75
f 257/185/181 233/77/75 256/78/76
f 280/187/183 256/78/76 279/79/77
f 303/189/185 279/79/77 302/80/78
f 326/190/186 302/80/78 325/81/79
f 349/191/187 325/81/79 348/82/80
f 372/194/190 348/82/80 371/83/81
f 395/196/192 371/83/81 394/84/82
f 418/198/194 394/84/82 417/85/83
f 441/199/195 417/85/83 440/86/84
f 464/201/197 440/86/84 463/87/85
f 487/203/199 463/87/85 486/88/86
f 510/205/201 486/88/86 509/89/87
f 533/207/203 509/89/87 532/90/88
f 556/209/205 532/90/88 555/91/89
f 579/211/207 555/91/89 578/92/90
f 602/213/209 578/92/90 601/93/91
f 625/215/211 601/93/91 624/94/92
f 648/217/213 624/94/92 647/95/93
f 671/218/214 647/95/93 670/96/94
f 694/219/215 670/96/94 693/97/95
f 717/222/218 693/97/95 716/98/96
f 3/66/65 717/222/218 716/98/96
f 41/328/319 17/329/320 40/330/321
f 34/331/322 10/161/158 33/99/97
f 56/102/100 34/331/322 33/99/97
f 80/332/323 56/102/100 79/104/102
f 102/106/104 80/332/323 79/104/102
f 126/333/324 102/106/104 125/108/106
f 149/334/325 125/108/106 148/110/108
f 172/335/326 148/110/108 171/112/110
f 195/336/327 171/112/110 194/114/112
f 218/337/328 194/114/112 217/116/114
f 241/338/329 217/339/114 240/118/116
f 264/340/330 240/118/116 263/121/118
f 287/341/331 263/121/118 286/123/120
f 310/342/332 286/123/120 309/125/122
f 333/343/333 309/125/122 332/127/124
f 355/129/126 333/343/333 332/127/124
f 378/131/128 356/344/334 355/129/126
f 402/345/335 378/131/128 401/133/130
f 425/346/336 401/133/130 424/135/132
f 448/347/337 424/135/132 447/348/338
f 471/349/339 447/348/338 470/138/135
f 494/350/340 470/138/135 493/140/137
f 517/351/341 493/140/137 516/142/139
f 540/352/342 516/142/139 539/144/141
f 563/353/343 539/144/141 562/146/143
f 586/354/344 562/146/143 585/148/145
f 609/355/345 585/148/145 608/356/346
f 632/357/347 608/356/346 631/151/148
f 655/358/348 631/151/148 654/153/150
f 677/155/152 655/358/348 654/153/150
f 700/157/154 678/359/349 677/155/152
f 723/159/156 701/360/350 700/157/154
f 11/361/351 723/159/156 10/161/158
f 34/331/322 12/362/352 11/361/351
f 57/363/353 35/364/354 34/331/322
f 81/365/355 57/363/353 80/332/323
f 104/366/356 80/332/323 103/367/357
f 127/368/358 103/367/357 126/333/324
f 150/369/359 126/333/324 149/334/325
f 173/370/360 149/334/325 172/335/326
f 196/371/361 172/335/326 195/336/327
f 219/372/362 195/336/327 218/337/328
f 242/373/363 218/374/328 241/338/329
f 265/375/364 241/338/329 264/340/330
f 288/376/365 264/340/330 287/341/331
f 311/377/366 287/341/331 310/342/332
f 334/378/367 310/342/332 333/343/333
f 356/344/334 334/378/367 333/343/333
f 379/379/368 357/380/369 356/344/334
f 402/345/335 380/381/370 379/379/368
f 425/346/336 403/382/371 402/345/335
f 448/347/337 426/383/372 425/346/336
f 472/384/373 448/347/337 471/349/339
f 495/385/374 471/349/339 494/350/340
f 518/386/375 494/350/340 517/351/341
f 541/387/376 517/351/341 540/352/342
f 564/388/377 540/352/342 563/353/343
f 587/389/378 563/353/343 586/354/344
f 610/390/379 586/354/344 609/355/345
f 633/391/380 609/355/345 632/357/347
f 656/392/381 632/357/347 655/358/348
f 679/393/382 655/358/348 678/359/349
f 702/394/383 678/359/349 701/360/350
f 725/395/384 701/360/350 724/396/385
f 12/362/352 724/396/385 11/361/351
f 58/397/386 36/398/387 35/399/354
f 82/400/388 58/397/386 81/401/355
f 105/402/389 81/401/355 104/403/356
f 128/404/390 104/403/356 127/405/358
f 151/406/391 127/405/358 150/407/359
f 174/408/392 150/407/359 173/409/360
f 197/410/393 173/409/360 196/411/361
f 220/412/394 196/411/361 219/413/362
f 243/414/395 219/415/362 242/416/363
f 266/417/396 242/416/363 265/418/364
f 289/419/397 265/418/364 288/420/365
f 312/421/398 288/420/365 311/422/366
f 335/423/399 311/422/366 334/424/367
f 357/425/369 335/423/399 334/424/367
f 380/426/370 358/427/400 357/425/369
f 403/428/371 381/429/401 380/426/370
f 426/430/372 404/431/402 403/428/371
f 450/432/403 426/430/372 449/433/404
f 473/434/405 449/433/404 472/435/373
f 496/436/406 472/435/373 495/437/374
f 519/438/407 495/437/374 518/439/375
f 542/440/408 518/439/375 541/441/376
f 565/442/409 541/441/376 564/443/377
f 588/444/410 564/443/377 587/445/378
f 611/446/411 587/445/378 610/447/379
f 634/448/412 610/447/379 633/449/380
f 657/450/413 633/449/380 656/451/381
f 679/452/382 657/450/413 656/451/381
f 703/453/414 679/452/382 702/454/383
f 726/455/415 702/454/383 725/456/384
f 12/457/352 726/455/415 725/456/384
f 36/398/387 14/458/416 13/459/417
f 59/460/418 37/461/419 36/398/387
f 83/462/420 59/460/418 82/400/388
f 106/463/421 82/400/388 105/402/389
f 129/464/422 105/402/389 128/404/390
f 152/465/423 128/404/390 151/406/391
f 174/408/392 152/465/423 151/406/391
f 198/466/424 174/408/392 197/410/393
f 221/467/425 197/410/393 220/412/394
f 244/468/426 220/469/394 243/414/395
f 267/470/427 243/414/395 266/417/396
f 290/471/428 266/417/396 289/419/397
f 313/472/429 289/419/397 312/421/398
f 336/473/430 312/421/398 335/423/399
f 359/474/431 335/423/399 358/427/400
f 382/475/432 358/427/400 381/429/401
f 405/476/433 381/429/401 404/431/402
f 427/477/434 405/476/433 404/431/402
f 451/478/435 427/477/434 450/432/403
f 474/479/436 450/432/403 473/434/405
f 497/480/437 473/434/405 496/436/406
f 520/481/438 496/436/406 519/438/407
f 543/482/439 519/438/407 542/440/408
f 566/483/440 542/440/408 565/442/409
f 589/484/441 565/442/409 588/444/410
f 612/485/442 588/444/410 611/446/411
f 635/486/443 611/446/411 634/448/412
f 658/487/444 634/448/412 657/450/413
f 680/488/445 658/487/444 657/450/413
f 704/489/446 680/488/445 703/453/414
f 726/455/415 704/489/446 703/453/414
f 13/459/417 727/490/447 726/455/415
f 38/491/448 14/458/416 37/461/419
f 61/492/449 37/461/419 60/493/450
f 83/462/420 61/492/449 60/493/450
f 106/463/421 84/494/451 83/462/420
f 129/464/422 107/495/452 106/463/421
f 153/496/453 129/464/422 152/465/423
f 176/497/454 152/465/423 175/498/455
f 199/499/456 175/498/455 198/466/424
f 222/500/457 198/466/424 221/467/425
f 245/501/458 221/502/425 244/468/426
f 268/503/459 244/468/426 267/470/427
f 290/471/428 268/503/459 267/470/427
f 313/472/429 291/504/460 290/471/428
f 337/505/461 313/472/429 336/473/430
f 360/506/462 336/473/430 359/474/431
f 383/507/463 359/474/431 382/475/432
f 406/508/464 382/475/432 405/476/433
f 429/509/465 405/476/433 428/510/466
f 451/478/435 429/509/465 428/510/466
f 474/479/436 452/511/467 451/478/435
f 497/480/437 475/512/468 474/479/436
f 520/481/438 498/513/469 497/480/437
f 544/514/470 520/481/438 543/482/439
f 567/515/471 543/482/439 566/483/440
f 590/516/472 566/483/440 589/484/441
f 613/517/473 589/484/441 612/485/442
f 636/518/474 612/485/442 635/486/443
f 659/519/475 635/486/443 658/487/444
f 682/520/476 658/487/444 681/521/477
f 705/522/478 681/521/477 704/489/446
f 728/523/479 704/489/446 727/490/447
f 15/524/480 727/490/447 14/458/416
f 39/525/481 15/524/480 38/491/448
f 61/492/449 39/525/481 38/491/448
f 85/526/482 61/492/449 84/494/451
f 108/527/483 84/494/451 107/495/452
f 130/528/484 108/527/483 107/495/452
f 154/529/485 130/528/484 153/496/453
f 176/497/454 154/529/485 153/496/453
f 199/499/456 177/530/486 176/497/454
f 222/500/457 200/531/487 199/499/456
f 245/501/458 223/532/488 222/533/457
f 268/503/459 246/534/489 245/501/458
f 291/504/460 269/535/490 268/503/459
f 315/536/491 291/504/460 314/537/492
f 337/505/461 315/536/491 314/537/492
f 360/506/462 338/538/493 337/505/461
f 384/539/494 360/506/462 383/507/463
f 407/540/495 383/507/463 406/508/464
f 430/541/496 406/508/464 429/509/465
f 453/542/497 429/509/465 452/511/467
f 475/512/468 453/542/497 452/511/467
f 499/543/498 475/512/468 498/513/469
f 522/544/499 498/513/469 521/545/500
f 545/546/501 521/545/500 544/514/470
f 567/515/471 545/546/501 544/514/470
f 590/516/472 568/547/502 567/515/471
f 613/517/473 591/548/503 590/516/472
f 636/518/474 614/549/504 613/517/473
f 659/519/475 637/550/505 636/518/474
f 682/520/476 660/551/506 659/519/475
f 705/522/478 683/552/507 682/520/476
f 728/523/479 706/553/508 705/522/478
f 16/554/509 728/523/479 15/524/480
f 40/330/321 16/554/509 39/525/481
f 63/555/510 39/525/481 62/556/511
f 85/526/482 63/555/510 62/556/511
f 108/527/483 86/557/512 85/526/482
f 132/558/513 108/527/483 131/559/514
f 154/529/485 132/558/513 131/559/514
f 177/530/486 155/560/515 154/529/485
f 200/531/487 178/561/516 177/530/486
f 223/562/488 201/563/517 200/531/487
f 246/534/489 224/564/518 223/532/488
f 269/535/490 247/565/519 246/534/489
f 292/566/520 270/567/521 269/535/490
f 316/568/522 292/566/520 315/536/491
f 339/569/523 315/536/491 338/538/493
f 362/570/524 338/538/493 361/571/525
f 385/572/526 361/571/525 384/539/494
f 408/573/527 384/539/494 407/540/495
f 431/574/528 407/540/495 430/541/496
f 454/575/529 430/541/496 453/542/497
f 477/576/530 453/542/497 476/577/531
f 500/578/532 476/577/531 499/543/498
f 522/544/499 500/578/532 499/543/498
f 545/546/501 523/579/533 522/544/499
f 568/547/502 546/580/534 545/546/501
f 591/548/503 569/581/535 568/547/502
f 614/549/504 592/582/536 591/548/503
f 637/550/505 615/583/537 614/549/504
f 661/584/538 637/550/505 660/551/506
f 683/552/507 661/584/538 660/551/506
f 707/585/539 683/552/507 706/553/508
f 730/586/540 706/553/508 729/587/541
f 17/329/320 729/587/541 16/554/509
f 64/588/542 40/330/321 63/555/510
f 87/589/543 63/555/510 86/557/512
f 109/590/544 87/589/543 86/557/512
f 132/558/513 110/591/545 109/590/544
f 155/560/515 133/592/546 132/558/513
f 178/561/516 156/593/547 155/560/515
f 201/563/517 179/594/548 178/561/516
f 224/595/518 202/596/549 201/563/517
f 247/565/519 225/597/550 224/564/518
f 270/567/521 248/598/551 247/565/519
f 293/599/552 271/600/553 270/567/521
f 317/601/554 293/599/552 316/568/522
f 340/602/555 316/568/522 339/569/523
f 363/603/556 339/569/523 362/570/524
f 386/604/557 362/570/524 385/572/526
f 409/605/558 385/572/526 408/573/527
f 432/606/559 408/573/527 431/574/528
f 455/607/560 431/574/528 454/575/529
f 478/608/561 454/575/529 477/576/530
f 500/578/532 478/608/561 477/576/530
f 523/579/533 501/609/562 500/578/532
f 546/580/534 524/610/563 523/579/533
f 569/581/535 547/611/564 546/580/534
f 592/582/536 570/612/565 569/581/535
f 615/583/537 593/613/566 592/582/536
f 638/614/567 616/615/568 615/583/537
f 661/584/538 639/616/569 638/614/567
f 685/617/570 661/584/538 684/618/571
f 708/619/572 684/618/571 707/585/539
f 731/620/573 707/585/539 730/586/540
f 18/621/574 730/586/540 17/329/320
f 42/622/575 18/623/574 41/624/319
f 65/625/576 41/624/319 64/626/542
f 88/627/577 64/626/542 87/628/543
f 110/629/545 88/627/577 87/628/543
f 133/630/546 111/631/578 110/629/545
f 157/632/579 133/630/546 156/633/547
f 180/634/580 156/633/547 179/635/548
f 202/636/549 180/634/580 179/635/548
f 225/637/550 203/638/581 202/636/549
f 249/639/582 225/640/550 248/641/551
f 271/642/553 249/639/582 248/641/551
f 294/643/583 272/644/584 271/642/553
f 318/645/585 294/643/583 317/646/554
f 341/647/586 317/646/554 340/648/555
f 364/649/587 340/648/555 363/650/556
f 387/651/588 363/650/556 386/652/557
f 410/653/589 386/652/557 409/654/558
f 433/655/590 409/654/558 432/656/559
f 456/657/591 432/656/559 455/658/560
f 479/659/592 455/658/560 478/660/561
f 502/661/593 478/660/561 501/662/562
f 525/663/594 501/662/562 524/664/563
f 548/665/595 524/664/563 547/666/564
f 571/667/596 547/666/564 570/668/565
f 593/669/566 571/667/596 570/668/565
f 616/670/568 594/671/597 593/669/566
f 640/672/598 616/670/568 639/673/569
f 663/674/599 639/673/569 662/675/600
f 686/676/601 662/675/600 685/677/570
f 709/678/602 685/677/570 708/679/572
f 732/680/603 708/679/572 731/681/573
f 19/682/604 731/681/573 18/623/574
f 43/683/605 19/682/604 42/622/575
f 66/684/606 42/622/575 65/625/576
f 89/685/607 65/625/576 88/627/577
f 112/686/608 88/627/577 111/631/578
f 135/687/609 111/631/578 134/688/610
f 158/689/611 134/688/610 157/632/579
f 181/690/612 157/632/579 180/634/580
f 204/691/613 180/634/580 203/638/581
f 226/692/614 204/691/613 203/638/581
f 250/693/615 226/694/614 249/639/582
f 273/695/616 249/639/582 272/644/584
f 296/696/617 272/644/584 295/697/618
f 318/645/585 296/696/617 295/697/618
f 342/698/619 318/645/585 341/647/586
f 365/699/620 341/647/586 364/649/587
f 388/700/621 364/649/587 387/651/588
f 411/701/622 387/651/588 410/653/589
f 434/702/623 410/653/589 433/655/590
f 457/703/624 433/655/590 456/657/591
f 480/704/625 456/657/591 479/659/592
f 503/705/626 479/659/592 502/661/593
f 526/706/627 502/661/593 525/663/594
f 549/707/628 525/663/594 548/665/595
f 572/708/629 548/665/595 571/667/596
f 595/709/630 571/667/596 594/671/597
f 618/710/631 594/671/597 617/711/632
f 641/712/633 617/711/632 640/672/598
f 664/713/634 640/672/598 663/674/599
f 687/714/635 663/674/599 686/676/601
f 710/715/636 686/676/601 709/678/602
f 733/716/637 709/678/602 732/680/603
f 20/717/638 732/680/603 19/682/604
f 43/683/605 21/718/639 20/717/638
f 66/684/606 44/719/640 43/683/605
f 89/685/607 67/720/641 66/684/606
f 112/686/608 90/721/642 89/685/607
f 136/722/643 112/686/608 135/687/609
f 158/689/611 136/722/643 135/687/609
f 182/723/644 158/689/611 181/690/612
f 205/724/645 181/690/612 204/691/613
f 228/725/646 204/691/613 227/726/647
f 251/727/648 227/728/647 250/693/615
f 273/695/616 251/727/648 250/693/615
f 297/729/649 273/695/616 296/696/617
f 320/730/650 296/696/617 319/731/651
f 342/698/619 320/730/650 319/731/651
f 365/699/620 343/732/652 342/698/619
f 389/733/653 365/699/620 388/700/621
f 412/734/654 388/700/621 411/701/622
f 435/735/655 411/701/622 434/702/623
f 457/703/624 435/735/655 434/702/623
f 480/704/625 458/736/656 457/703/624
f 504/737/657 480/704/625 503/705/626
f 527/738/658 503/705/626 526/706/627
f 550/739/659 526/706/627 549/707/628
f 573/740/660 549/707/628 572/708/629
f 595/709/630 573/740/660 572/708/629
f 619/741/661 595/709/630 618/710/631
f 642/742/662 618/710/631 641/712/633
f 665/743/663 641/712/633 664/713/634
f 688/744/664 664/713/634 687/714/635
f 710/715/636 688/744/664 687/714/635
f 733/716/637 711/745/665 710/715/636
f 20/717/638 734/746/666 733/716/637
f 45/747/667 21/718/639 44/719/640
f 68/748/668 44/719/640 67/720/641
f 91/749/669 67/720/641 90/721/642
f 114/750/670 90/721/642 113/751/671
f 137/752/672 113/751/671 136/722/643
f 159/753/673 137/752/672 136/722/643
f 182/723/644 160/754/674 159/753/673
f 205/724/645 183/755/675 182/723/644
f 229/756/676 205/724/645 228/725/646
f 251/727/648 229/757/676 228/758/646
f 274/759/677 252/760/678 251/727/648
f 297/729/649 275/761/679 274/759/677
f 321/762/680 297/729/649 320/730/650
f 344/763/681 320/730/650 343/732/652
f 367/764/682 343/732/652 366/765/683
f 390/766/684 366/765/683 389/733/653
f 413/767/685 389/733/653 412/734/654
f 436/768/686 412/734/654 435/735/655
f 459/769/687 435/735/655 458/736/656
f 482/770/688 458/736/656 481/771/689
f 504/737/657 482/770/688 481/771/689
f 527/738/658 505/772/690 504/737/657
f 550/739/659 528/773/691 527/738/658
f 573/740/660 551/774/692 550/739/659
f 597/775/693 573/740/660 596/776/694
f 620/777/695 596/776/694 619/741/661
f 642/742/662 620/777/695 619/741/661
f 665/743/663 643/778/696 642/742/662
f 688/744/664 666/779/697 665/743/663
f 712/780/698 688/744/664 711/745/665
f 735/781/699 711/745/665 734/746/666
f 22/782/700 734/746/666 21/718/639
f 46/783/701 22/782/700 45/747/667
f 69/784/702 45/747/667 68/748/668
f 91/749/669 69/784/702 68/748/668
f 114/750/670 92/785/703 91/749/669
f 137/752/672 115/786/704 114/750/670
f 160/754/674 138/787/705 137/752/672
f 183/755/675 161/788/706 160/754/674
f 206/789/707 184/790/708 183/755/675
f 229/756/676 207/791/709 206/789/707
f 252/760/678 230/792/710 229/757/676
f 276/793/711 252/760/678 275/761/679
f 298/794/712 276/793/711 275/761/679
f 322/795/713 298/794/712 321/762/680
f 345/796/714 321/762/680 344/763/681
f 368/797/715 344/763/681 367/764/682
f 391/798/716 367/764/682 390/766/684
f 414/799/717 390/766/684 413/767/685
f 437/800/718 413/767/685 436/768/686
f 460/801/719 436/768/686 459/769/687
f 482/770/688 460/801/719 459/769/687
f 505/772/690 483/802/720 482/770/688
f 528/773/691 506/803/721 505/772/690
f 551/774/692 529/804/722 528/773/691
f 574/805/723 552/806/724 551/774/692
f 597/775/693 575/807/725 574/805/723
f 620/777/695 598/808/726 597/775/693
f 643/778/696 621/809/727 620/777/695
f 666/779/697 644/810/728 643/778/696
f 690/811/729 666/779/697 689/812/730
f 713/813/731 689/812/730 712/780/698
f 735/781/699 713/813/731 712/780/698
f 23/814/732 735/781/699 22/782/700
f 737/815/733 23/814/732 46/783/701
f 739/816/734 46/783/701 69/784/702
f 740/817/735 69/784/702 92/785/703
f 115/786/704 740/817/735 92/785/703
f 138/787/705 755/818/736 115/786/704
f 161/788/706 741/819/737 138/787/705
f 756/820/738 161/788/706 184/790/708
f 207/791/709 756/820/738 184/790/708
f 230/821/710 743/822/739 207/791/709
f 253/823/740 744/824/741 230/792/710
f 276/793/711 757/825/742 253/823/740
f 299/826/743 745/827/744 276/793/711
f 322/795/713 758/828/745 299/826/743
f 760/829/746 322/795/713 345/796/714
f 761/830/747 345/796/714 368/797/715
f 762/831/748 368/797/715 391/798/716
f 763/832/749 391/798/716 414/799/717
f 746/833/750 414/799/717 437/800/718
f 747/834/751 437/800/718 460/801/719
f 748/835/752 460/801/719 483/802/720
f 764/836/753 483/802/720 506/803/721
f 529/804/722 764/836/753 506/803/721
f 552/806/724 765/837/754 529/804/722
f 575/807/725 749/838/755 552/806/724
f 598/808/726 766/839/756 575/807/725
f 621/809/727 750/840/757 598/808/726
f 644/810/728 767/841/758 621/809/727
f 667/842/759 751/843/760 644/810/728
f 690/811/729 768/844/761 667/842/759
f 752/845/762 690/811/729 713/813/731
f 753/846/763 713/813/731 736/847/764
f 738/848/765 736/847/764 23/814/732
f 27/162/159 3/66/65 26/67/66
f 35/399/354 13/459/417 12/457/352
f 32/101/99 8/326/318 31/319/312
f 754/849/766 738/850/765 737/851/733
f 754/849/766 737/851/733 739/852/734
f 754/849/766 739/852/734 740/853/735
f 754/849/766 740/853/735 755/854/736
f 754/849/766 755/854/736 741/855/737
f 754/849/766 741/855/737 742/856/767
f 754/849/766 742/856/767 756/857/738
f 754/849/766 756/857/738 743/858/739
f 754/849/766 743/858/739 744/859/741
f 754/849/766 744/859/741 757/860/742
f 754/849/766 757/860/742 745/861/744
f 754/849/766 745/861/744 758/862/745
f 754/849/766 758/862/745 759/863/768
f 754/849/766 759/863/768 760/864/746
f 754/849/766 760/864/746 761/865/747
f 754/849/766 761/865/747 762/866/748
f 754/849/766 762/866/748 763/867/749
f 754/849/766 763/867/749 746/868/750
f 754/849/766 746/868/750 747/869/751
f 754/849/766 747/869/751 748/870/752
f 754/849/766 748/870/752 764/871/753
f 754/849/766 764/871/753 765/872/754
f 754/849/766 765/872/754 749/873/755
f 754/849/766 749/873/755 766/874/756
f 754/849/766 766/874/756 750/875/757
f 754/849/766 750/875/757 767/876/758
f 754/849/766 767/876/758 751/877/760
f 754/849/766 751/877/760 768/878/761
f 754/849/766 768/878/761 769/879/769
f 754/849/766 769/879/769 752/880/762
f 754/849/766 752/880/762 753/881/763
f 754/849/766 753/881/763 738/850/765
f 31/319/312 7/318/311 30/256/251
f 772/882/770 771/883/771 770/884/772
f 770/884/772 775/885/773 773/886/774
f 773/886/774 776/887/775 774/888/776
f 775/885/773 778/889/777 776/887/775
f 771/883/771 777/890/778 775/885/773
f 780/891/779 778/889/777 777/890/778
f 782/892/780 777/890/778 779/893/781
f 783/894/782 781/895/783 780/891/779
f 785/896/784 780/891/779 782/892/780
f 787/897/785 783/894/782 786/898/786
f 786/898/786 785/896/784 788/899/787
f 789/900/788 785/896/784 791/901/789
f 789/900/788 792/902/790 790/903/791
f 791/901/789 782/892/780 793/904/792
f 794/905/793 791/901/789 793/904/792
f 793/904/792 779/893/781 795/906/794
f 794/905/793 795/906/794 796/907/795
f 797/908/796 779/893/781 771/883/771
f 798/909/797 795/906/794 797/908/796
f 800/910/798 797/908/796 772/882/770
f 799/911/799 796/907/795 798/909/797
f 801/912/800 798/909/797 800/910/798
f 802/913/801 799/911/799 801/912/800
f 803/914/802 804/915/803 802/913/801
f 804/915/803 807/916/804 799/911/799
f 805/917/805 806/918/806 804/915/803
f 809/919/807 807/916/804 806/918/806
f 811/920/808 806/918/806 808/921/809
f 812/922/810 810/923/811 809/919/807
f 814/924/812 809/919/807 811/920/808
f 815/925/813 813/926/814 812/922/810
f 815/925/813 814/924/812 817/927/815
f 818/928/816 814/924/812 820/929/817
f 818/928/816 821/930/818 819/931/819
f 820/929/817 811/920/808 822/932/820
f 821/930/818 822/932/820 823/933/821
f 822/932/820 808/921/809 824/934/822
f 823/933/821 824/934/822 825/935/823
f 826/936/824 808/921/809 805/917/805
f 827/937/825 824/934/822 826/936/824
f 828/938/826 805/917/805 803/914/802
f 829/939/827 826/936/824 828/938/826
f 830/940/828 827/937/825 829/939/827
f 831/941/829 832/942/830 830/940/828
f 832/942/830 825/935/823 827/937/825
f 833/943/831 834/944/832 832/942/830
f 836/945/833 825/935/823 834/944/832
f 837/946/834 834/944/832 835/947/835
f 836/945/833 821/930/818 823/933/821
f 839/948/836 836/945/833 837/946/834
f 819/931/819 838/949/837 840/950/838
f 840/950/838 839/948/836 841/951/839
f 841/951/839 844/952/840 842/953/841
f 842/953/841 845/954/842 843/955/843
f 844/952/840 837/946/834 846/956/844
f 845/954/842 846/956/844 847/957/845
f 848/958/846 837/946/834 835/947/835
f 849/959/847 846/956/844 848/958/846
f 850/960/848 835/947/835 833/943/831
f 851/961/849 848/958/846 850/960/848
f 852/962/850 833/943/831 831/941/829
f 853/963/851 850/960/848 852/962/850
f 854/964/852 851/961/849 853/963/851
f 855/965/853 856/966/854 854/964/852
f 856/966/854 849/959/847 851/961/849
f 857/967/855 858/968/856 856/966/854
f 860/969/634 849/959/847 858/968/856
f 861/970/857 858/968/856 859/971/858
f 862/972/859 847/957/845 860/969/634
f 863/973/860 860/969/634 861/970/857
f 843/955/843 862/972/859 864/974/861
f 864/974/861 863/973/860 865/975/862
f 865/975/862 868/976/863 866/977/864
f 867/978/865 868/976/863 869/979/866
f 868/976/863 861/970/857 870/980/867
f 869/979/866 870/980/867 871/981/868
f 870/980/867 859/971/858 872/982/869
f 873/983/870 870/980/867 872/982/869
f 874/984/871 859/971/858 857/967/855
f 875/985/872 872/982/869 874/984/871
f 876/986/873 857/967/855 855/965/853
f 877/987/874 874/984/871 876/986/873
f 878/988/875 875/985/872 877/987/874
f 879/989/876 880/990/877 878/988/875
f 880/990/877 873/983/870 875/985/872
f 881/991/878 882/992/879 880/990/877
f 882/992/879 871/981/868 873/983/870
f 885/993/880 882/992/879 883/994/881
f 886/995/882 871/981/868 884/996/883
f 887/997/884 884/996/883 885/993/880
f 888/998/885 869/979/866 886/995/882
f 889/999/886 886/995/882 887/997/884
f 890/1000/887 887/997/884 892/1001/888
f 890/1002/887 893/1003/889 891/1004/890
f 892/1001/888 885/993/880 894/1005/891
f 893/1003/889 894/1006/891 895/1007/892
f 894/1005/891 883/994/881 896/1008/893
f 895/1007/892 896/1009/893 897/1010/894
f 898/1011/895 883/994/881 881/991/878
f 899/1012/896 896/1009/893 898/1013/895
f 900/1014/897 881/991/878 879/989/876
f 901/1015/898 898/1013/895 900/1016/897
f 902/1017/899 899/1012/896 901/1015/898
f 903/1018/900 904/1019/901 902/1017/899
f 904/1019/901 897/1010/894 899/1012/896
f 905/1020/902 906/1021/903 904/1019/901
f 906/1021/903 895/1007/892 897/1010/894
f 909/1022/904 906/1021/903 907/1023/905
f 910/1024/906 895/1007/892 908/1025/907
f 909/1022/904 910/1024/906 908/1025/907
f 891/1004/890 910/1024/906 912/1026/908
f 912/1026/908 911/1027/909 913/1028/910
f 913/1028/910 784/1029/911 787/897/785
f 781/895/783 911/1027/909 909/1022/904
f 781/895/783 907/1023/905 778/889/777
f 776/887/775 907/1023/905 905/1020/902
f 774/888/776 905/1020/902 903/1018/900
f 816/1030/912 792/902/790 813/926/814
f 810/923/811 792/902/790 794/905/793
f 810/923/811 796/907/795 807/916/804
f 914/1031/913 919/1032/914 915/1033/915
f 915/1033/766 917/1034/766 914/1031/766
f 916/1035/916 918/1036/917 914/1031/913
f 914/1031/766 1197/1037/766 916/1035/766
f 919/1032/914 918/1036/917 921/1038/918
f 918/1036/917 920/1039/919 922/1040/766
f 924/1041/766 918/1036/917 922/1040/766
f 923/1042/766 920/1039/919 1196/1043/920
f 926/1044/921 925/1045/766 927/1046/922
f 924/1041/766 926/1044/921 921/1038/918
f 929/1047/923 926/1044/921 927/1046/922
f 928/1048/924 921/1038/918 926/1044/921
f 928/1048/766 932/1049/766 931/1050/766
f 930/1051/766 931/1050/766 934/1052/766
f 933/1053/925 932/1054/926 1099/1055/927
f 931/1056/928 936/1057/929 934/1058/930
f 915/1033/766 934/1052/766 935/1059/766
f 934/1058/930 937/1060/931 935/1061/932
f 939/1062/933 936/1057/929 938/1063/934
f 938/1063/934 933/1053/925 940/1064/935
f 942/1065/936 938/1066/936 940/1067/936
f 940/1067/936 943/1068/936 942/1065/936
f 940/1064/935 1099/1055/927 941/1069/937
f 943/1068/936 945/1070/936 942/1065/936
f 942/1065/936 944/1071/936 939/1072/936
f 942/1065/936 945/1070/936 944/1071/936
f 947/1073/936 945/1070/936 946/1074/936
f 946/1074/936 945/1070/936 964/1075/936
f 952/1076/936 945/1070/936 947/1073/936
f 949/1077/936 945/1070/936 948/1078/936
f 948/1078/936 945/1070/936 966/1079/936
f 951/1080/936 945/1070/936 949/1077/936
f 950/1081/936 945/1070/936 943/1068/936
f 958/1082/936 945/1070/936 950/1081/936
f 955/1083/936 945/1070/936 951/1080/936
f 966/1079/936 945/1070/936 952/1076/936
f 954/1084/936 945/1070/936 953/1085/936
f 953/1085/936 945/1070/936 955/1083/936
f 965/1086/936 945/1070/936 954/1084/936
f 944/1071/936 945/1070/936 965/1086/936
f 956/1087/936 945/1070/936 962/1088/936
f 957/1089/936 945/1070/936 956/1087/936
f 959/1090/936 945/1070/936 957/1089/936
f 963/1091/936 945/1070/936 958/1082/936
f 960/1092/936 945/1070/936 959/1090/936
f 961/1093/936 945/1070/936 960/1092/936
f 964/1075/936 945/1070/936 961/1093/936
f 962/1088/936 945/1070/936 963/1091/936
f 967/1094/936 948/1078/936 966/1079/936
f 952/1076/936 968/1095/936 966/1079/936
f 969/1096/936 966/1079/936 968/1095/936
f 968/1097/938 972/1098/939 969/1099/940
f 970/1100/936 952/1076/936 979/1101/936
f 974/1102/941 968/1103/938 970/1104/942
f 971/1105/943 1124/1106/944 972/1098/939
f 971/1107/943 975/1108/945 973/1109/946
f 974/1102/941 978/1110/947 975/1108/945
f 976/1111/948 970/1104/942 979/1112/949
f 977/1113/950 979/1112/949 980/1114/951
f 1114/1115/952 976/1111/948 977/1113/950
f 979/1101/936 947/1073/936 980/1116/936
f 981/1117/936 947/1073/936 946/1074/936
f 981/1118/953 977/1113/950 980/1114/951
f 982/1119/936 946/1074/936 1010/1120/936
f 982/1121/954 983/1122/955 981/1118/953
f 984/1123/956 985/1124/957 987/1125/958
f 1114/1115/952 983/1122/955 984/1123/956
f 1010/1126/959 985/1124/957 982/1121/954
f 986/1127/960 987/1125/958 985/1124/957
f 990/1128/766 987/1129/766 988/1130/766
f 989/1131/766 984/1132/766 987/1129/766
f 989/1131/961 993/1133/962 992/1134/963
f 991/1135/964 992/1134/963 994/1136/965
f 992/1134/963 993/1133/962 996/1137/966
f 994/1136/965 992/1134/963 995/1138/766
f 995/1138/766 996/1137/966 998/1139/766
f 999/1140/967 993/1133/962 990/1128/968
f 1000/1141/969 996/1137/966 999/1140/967
f 996/1137/966 997/1142/970 998/1139/766
f 990/1128/766 1001/1143/766 999/1140/766
f 999/1140/766 1003/1144/766 1000/1141/766
f 986/1127/960 1001/1145/971 988/1146/972
f 1002/1147/973 1003/1148/974 1001/1145/971
f 1000/1141/766 1004/1149/766 1107/1150/766
f 1004/1151/975 1005/1152/976 1006/1153/977
f 1006/1153/977 1007/1154/978 1008/1155/979
f 1005/1152/976 1009/1156/980 1007/1154/978
f 1007/1157/936 961/1093/936 1008/1158/936
f 1009/1159/981 964/1075/936 1007/1157/936
f 1002/1147/973 1010/1126/959 1009/1156/980
f 964/1075/936 1010/1120/936 946/1074/936
f 1011/1160/936 961/1093/936 960/1092/936
f 1011/1161/982 1006/1153/977 1008/1155/979
f 960/1092/936 1012/1162/936 1011/1160/936
f 1012/1163/983 1013/1164/984 1011/1161/982
f 1014/1165/985 1015/1166/986 1017/1167/987
f 1004/1151/975 1013/1164/984 1014/1165/985
f 1040/1168/988 1015/1166/986 1012/1163/983
f 1016/1169/989 1017/1167/987 1015/1166/986
f 1020/1170/766 1017/1171/766 1018/1172/766
f 1019/1173/766 1014/1174/766 1017/1171/766
f 1019/1173/990 1023/1175/991 1022/1176/992
f 1021/1177/993 1022/1176/992 1024/1178/994
f 1022/1176/992 1023/1175/991 1026/1179/995
f 1024/1178/994 1022/1176/992 1025/1180/766
f 1022/1176/992 1028/1181/766 1025/1180/766
f 1029/1182/996 1023/1175/991 1020/1170/997
f 1030/1183/998 1026/1179/995 1029/1182/996
f 1026/1179/995 1027/1184/999 1028/1181/766
f 1020/1170/766 1031/1185/766 1029/1182/766
f 1029/1182/766 1033/1186/766 1030/1183/766
f 1016/1169/989 1031/1187/1000 1018/1188/1001
f 1032/1189/1002 1033/1190/1003 1031/1187/1000
f 1030/1183/766 1034/1191/766 1104/1192/766
f 1034/1193/1004 1035/1194/1005 1036/1195/1006
f 1036/1195/1006 1037/1196/1007 1038/1197/1008
f 1035/1194/1005 1039/1198/1009 1037/1196/1007
f 1037/1199/936 957/1089/936 1038/1200/936
f 1039/1201/936 959/1090/936 1037/1199/936
f 1032/1189/1002 1040/1168/988 1039/1198/1009
f 959/1090/936 1040/1202/936 960/1092/936
f 1041/1203/936 957/1089/936 956/1087/936
f 1041/1204/1010 1036/1195/1006 1038/1197/1008
f 956/1087/936 1042/1205/936 1041/1203/936
f 1042/1206/1011 1043/1207/1012 1041/1204/1010
f 1044/1208/1013 1045/1209/1014 1047/1210/1015
f 1034/1193/1004 1043/1207/1012 1044/1208/1013
f 1070/1211/1016 1045/1209/1014 1042/1206/1011
f 1046/1212/1017 1047/1210/1015 1045/1209/1014
f 1050/1213/766 1047/1214/766 1048/1215/766
f 1049/1216/766 1044/1217/766 1047/1214/766
f 1049/1216/1018 1053/1218/1019 1052/1219/1020
f 1051/1220/1021 1052/1219/1020 1054/1221/1022
f 1052/1219/1020 1053/1218/1019 1056/1222/1023
f 1054/1221/1022 1052/1219/1020 1055/1223/766
f 1052/1219/1020 1058/1224/766 1055/1223/766
f 1059/1225/1024 1053/1218/1019 1050/1213/1025
f 1060/1226/1026 1056/1222/1023 1059/1225/1024
f 1056/1222/1023 1057/1227/1027 1058/1224/766
f 1050/1213/766 1061/1228/766 1059/1225/766
f 1059/1225/766 1063/1229/766 1060/1226/766
f 1046/1212/1017 1061/1230/1028 1048/1231/1029
f 1062/1232/1030 1063/1233/1031 1061/1230/1028
f 1060/1226/766 1064/1234/766 1101/1235/766
f 1064/1236/1032 1065/1237/1033 1066/1238/1034
f 1066/1238/1034 1067/1239/1035 1068/1240/1036
f 1065/1237/1033 1069/1241/1037 1067/1239/1035
f 1067/1242/936 963/1091/936 1068/1243/936
f 1069/1244/936 962/1088/936 1067/1242/936
f 1062/1232/1030 1070/1211/1016 1069/1241/1037
f 962/1088/936 1070/1245/936 956/1087/936
f 1071/1246/936 963/1091/936 958/1082/936
f 1071/1247/1038 1066/1238/1034 1068/1240/1036
f 958/1082/936 1072/1248/936 1071/1246/936
f 1072/1249/1039 1073/1250/1040 1071/1247/1038
f 1074/1251/1041 1075/1252/1042 1077/1253/1043
f 1064/1236/1032 1073/1250/1040 1074/1251/1041
f 1097/1254/1044 1075/1252/1042 1072/1249/1039
f 1077/1253/1043 1076/1255/1045 1078/1256/1046
f 1080/1257/766 1077/1258/766 1078/1259/766
f 1079/1260/766 1074/1261/766 1077/1258/766
f 1079/1260/1047 1083/1262/1048 1082/1263/1049
f 1081/1264/1050 1082/1263/1049 1084/1265/1051
f 1083/1262/1048 1085/1266/1052 1082/1263/1049
f 1086/1267/766 1084/1265/1051 1082/1263/1049
f 1088/1268/766 1082/1263/1049 1085/1266/1052
f 1084/1265/1051 1087/1269/766 1100/1270/1053
f 925/1045/766 1089/1271/1054 927/1046/922
f 1085/1266/1052 1089/1271/1054 1088/1268/766
f 929/1047/923 1089/1271/1054 1090/1272/1055
f 1090/1272/1055 1085/1266/1052 1091/1273/1056
f 1090/1272/766 932/1049/766 929/1047/766
f 1091/1273/766 1092/1274/766 1090/1272/766
f 1095/1275/1057 1092/1276/1058 1094/1277/1059
f 1093/1278/1060 932/1054/926 1092/1276/1058
f 1080/1257/766 1094/1279/766 1091/1273/766
f 1094/1277/1059 1076/1255/1045 1095/1275/1057
f 1095/1275/1057 1097/1254/1044 1096/1280/1061
f 1093/1278/1060 1096/1280/1061 1098/1281/1062
f 950/1081/936 1096/1282/936 1097/1283/936
f 1098/1284/936 943/1068/936 941/1285/936
f 1099/1055/927 1098/1281/1062 941/1069/937
f 958/1082/936 950/1081/936 1097/1283/936
f 1091/1273/1056 1083/1262/1048 1080/1257/1063
f 1087/1269/766 1057/1227/1027 1100/1270/1053
f 1101/1235/1064 1084/1265/1051 1100/1270/1053
f 1101/1235/1064 1057/1227/1027 1060/1226/1026
f 1081/1264/766 1064/1234/766 1074/1261/766
f 1054/1221/1022 1102/1286/766 1103/1287/1065
f 1102/1286/766 1027/1184/999 1103/1287/1065
f 1104/1192/1066 1054/1221/1022 1103/1287/1065
f 1104/1192/1066 1027/1184/999 1030/1183/998
f 1051/1220/766 1034/1191/766 1044/1217/766
f 1024/1178/994 1105/1288/766 1106/1289/1067
f 1105/1288/766 997/1142/970 1106/1289/1067
f 1107/1150/1068 1024/1178/994 1106/1289/1067
f 1107/1150/1068 997/1142/970 1000/1141/969
f 1021/1177/766 1004/1149/766 1014/1174/766
f 994/1136/965 1108/1290/766 1110/1291/1069
f 1108/1290/766 1111/1292/1070 1110/1291/1069
f 1112/1293/1071 994/1136/965 1110/1291/1069
f 1112/1293/1071 1111/1292/1070 1113/1294/1072
f 991/1135/766 1114/1295/766 984/1132/766
f 1113/1294/766 1114/1295/766 1112/1293/766
f 1113/1294/1072 1117/1296/1073 1115/1297/1074
f 1115/1297/766 978/1298/766 1113/1294/766
f 1115/1297/1074 1118/1299/1075 1116/1300/1076
f 1116/1300/766 975/1301/766 1115/1297/766
f 1119/1302/1077 1118/1299/1075 1117/1296/1073
f 1117/1296/1073 1111/1292/1070 1109/1303/766
f 1121/1304/766 1117/1296/1073 1109/1303/766
f 1122/1305/1078 1118/1299/1075 1119/1302/1077
f 1120/1306/1079 1119/1302/1077 1121/1304/766
f 1123/1307/1080 1119/1302/1077 1120/1306/1079
f 1116/1300/766 1124/1308/766 973/1309/766
f 1122/1305/766 1125/1310/766 1124/1308/766
f 1125/1311/1081 972/1098/939 1124/1106/944
f 1123/1307/766 1126/1312/766 1125/1310/766
f 1126/1313/1082 1127/1314/1083 1125/1311/1081
f 967/1315/1084 1128/1316/1085 1130/1317/1086
f 969/1099/940 1127/1314/1083 967/1315/1084
f 1126/1313/1082 1129/1318/1087 1128/1316/1085
f 1128/1316/1085 1131/1319/1088 1130/1317/1086
f 1131/1320/936 948/1078/936 1130/1321/936
f 949/1077/936 1132/1322/936 1133/1323/936
f 1129/1318/1087 1132/1324/1089 1131/1319/1088
f 1134/1325/1090 1133/1326/1091 1132/1324/1089
f 1134/1325/1090 1168/1327/1092 1135/1328/1093
f 1135/1328/1093 1136/1329/1094 1134/1325/1090
f 1139/1330/1095 1136/1329/1094 1137/1331/1096
f 1133/1326/1091 1138/1332/1097 1141/1333/1098
f 1149/1334/1099 1138/1332/1097 1139/1330/1095
f 1141/1333/1098 1140/1335/1100 1142/1336/1101
f 951/1080/936 1141/1337/936 1142/1338/936
f 1142/1338/936 955/1083/936 951/1080/936
f 1142/1336/1101 1145/1339/1102 1143/1340/1103
f 1144/1341/936 955/1083/936 1143/1342/936
f 1145/1339/1102 1144/1343/1104 1143/1340/1103
f 1146/1344/1105 1147/1345/1106 1148/1346/1107
f 1140/1335/1100 1147/1345/1106 1145/1339/1102
f 1151/1347/766 1147/1348/766 1150/1349/766
f 1152/1350/766 1147/1348/766 1149/1351/766
f 1150/1349/1108 1154/1352/1109 1151/1347/1110
f 1150/1349/1108 1155/1353/1111 1153/1354/1112
f 1156/1355/766 1154/1352/1109 1153/1354/1112
f 1155/1353/1111 1156/1355/766 1153/1354/1112
f 1158/1356/766 1162/1357/1113 1159/1358/766
f 1158/1356/766 1155/1353/1111 1160/1359/1114
f 1163/1360/1115 1161/1361/1116 1160/1359/1114
f 1161/1361/1116 1162/1357/1113 1160/1359/1114
f 1152/1350/1117 1160/1359/1114 1155/1353/1111
f 1164/1362/766 1139/1363/766 1137/1364/766
f 1163/1360/766 1149/1351/766 1139/1363/766
f 1165/1365/1118 1161/1361/1116 1164/1362/1119
f 1164/1362/766 1135/1366/766 1165/1365/766
f 1166/1367/1120 1162/1357/1113 1165/1365/1118
f 1165/1365/766 1168/1368/766 1166/1367/766
f 1167/1369/1121 1169/1370/1122 1166/1367/1120
f 1166/1367/766 1126/1312/766 1167/1369/766
f 1171/1371/766 1169/1370/1122 1170/1372/1123
f 1162/1357/1113 1169/1370/1122 1159/1358/766
f 1167/1369/1121 1120/1306/1079 1170/1372/1123
f 1120/1306/1079 1171/1371/766 1170/1372/1123
f 1172/1373/766 1173/1374/1124 1157/1375/766
f 1173/1374/1124 1154/1352/1109 1157/1375/766
f 1176/1376/1125 1174/1377/1126 1177/1378/1127
f 1174/1377/1126 1173/1374/1124 1175/1379/1128
f 1151/1347/1110 1173/1374/1124 1176/1376/1125
f 1177/1378/766 1178/1380/766 1176/1376/766
f 1176/1376/766 1148/1381/766 1151/1347/766
f 1178/1382/1129 1181/1383/1130 1180/1384/1131
f 1180/1384/1131 1148/1346/1107 1178/1382/1129
f 1180/1384/1131 1183/1385/1132 1182/1386/1133
f 1146/1344/1105 1182/1386/1133 1144/1343/1104
f 953/1085/936 1182/1387/936 1183/1388/936
f 954/1084/936 1184/1389/936 1185/1390/936
f 1183/1385/1132 1186/1391/1134 1184/1392/1135
f 954/1084/936 953/1085/936 1183/1388/936
f 1184/1392/1135 1188/1393/1136 1185/1394/1137
f 1187/1395/1138 1181/1383/1130 1179/1396/1139
f 1190/1397/1140 1186/1391/1134 1187/1395/1138
f 1185/1394/1137 1189/1398/1141 1201/1399/1142
f 1188/1393/1136 1191/1400/1143 1189/1398/1141
f 1192/1401/766 1191/1402/766 1190/1403/766
f 1194/1404/766 1190/1403/766 1187/1405/766
f 1193/1406/1144 1195/1407/1145 1196/1043/920
f 1192/1401/1146 1175/1379/1128 1195/1407/1145
f 1195/1407/1145 923/1042/766 1196/1043/920
f 1172/1373/766 1195/1407/1145 1175/1379/1128
f 1193/1406/1144 920/1039/919 916/1035/916
f 1194/1404/1147 1174/1377/1126 1175/1379/1128
f 1177/1378/766 1187/1405/766 1179/1408/766
f 916/1035/766 1191/1402/766 1193/1406/766
f 1198/1409/1148 1191/1400/1143 1197/1410/1149
f 1199/1411/1150 1197/1410/1149 917/1412/1151
f 1189/1398/1141 1200/1413/1152 1201/1399/1142
f 1198/1409/1148 1202/1414/1153 1200/1413/1152
f 1200/1415/936 965/1086/936 1201/1416/936
f 944/1071/936 1202/1417/1154 939/1072/936
f 1199/1411/1150 939/1062/933 1202/1414/1153
f 1185/1390/936 965/1086/936 954/1084/936
f 917/1412/1151 937/1060/931 1199/1411/1150
f 951/1080/936 949/1077/936 1133/1323/936
f 930/1051/1155 919/1032/914 921/1038/918
f 1203/1418/936 1204/1419/936 1215/1420/936
f 1203/1418/936 1205/1421/936 1204/1419/936
f 1203/1418/936 1206/1422/936 1205/1421/936
f 1203/1418/936 1207/1423/936 1206/1422/936
f 1203/1418/936 1208/1424/936 1207/1423/936
f 1203/1418/936 1209/1425/936 1208/1424/936
f 1203/1418/936 1210/1426/936 1209/1425/936
f 1203/1418/936 1211/1427/936 1210/1426/936
f 1203/1418/936 1212/1428/936 1211/1427/936
f 1203/1418/936 1213/1429/936 1212/1428/936
f 1203/1418/936 1214/1430/936 1213/1429/936
f 1203/1418/936 1215/1420/936 1214/1430/936
f 1215/1420/936 1217/1431/1156 1214/1430/936
f 1204/1419/936 1216/1432/1157 1215/1420/936
f 1228/1433/1158 1216/1432/1157 1218/1434/1159
f 1216/1432/1157 1221/1435/1160 1218/1434/1159
f 1205/1421/936 1219/1436/1161 1204/1419/936
f 1219/1436/1161 1222/1437/1162 1221/1435/1160
f 1223/1438/766 1222/1437/1162 1224/1439/766
f 1223/1438/766 1218/1434/1159 1221/1435/1160
f 1226/1440/766 1218/1434/1159 1225/1441/766
f 1227/1442/766 1228/1433/1158 1226/1440/766
f 1229/1443/1163 1217/1431/1156 1228/1433/1158
f 1239/1444/766 1229/1443/1163 1227/1442/766
f 1230/1445/1164 1231/1446/1165 1229/1443/1163
f 1212/1428/936 1231/1446/1165 1232/1447/1166
f 1214/1430/936 1231/1446/1165 1213/1429/936
f 1211/1427/936 1232/1447/1166 1233/1448/1167
f 1235/1449/1168 1232/1447/1166 1230/1445/1164
f 1210/1426/936 1233/1448/1167 1234/1450/1169
f 1236/1451/1170 1233/1448/1167 1235/1449/1168
f 1238/1452/766 1235/1449/1168 1237/1453/766
f 1237/1453/766 1230/1445/1164 1239/1444/766
f 1240/1454/766 1236/1451/1170 1238/1452/766
f 1240/1454/766 1243/1455/1171 1242/1456/1172
f 1245/1457/1173 1242/1456/1172 1243/1455/1171
f 1244/1458/1174 1236/1451/1170 1242/1456/1172
f 1209/1425/936 1245/1457/1173 1208/1424/936
f 1210/1426/936 1244/1458/1174 1209/1425/936
f 1207/1423/936 1245/1457/1173 1246/1459/1175
f 1246/1459/1175 1243/1455/1171 1248/1460/1176
f 1207/1423/936 1247/1461/1177 1206/1422/936
f 1247/1461/1177 1248/1460/1176 1249/1462/1178
f 1251/1463/766 1248/1460/1176 1250/1464/766
f 1250/1464/766 1243/1455/1171 1241/1465/766
f 1224/1439/766 1249/1462/1178 1251/1463/766
f 1220/1466/1179 1249/1462/1178 1222/1437/1162
f 1206/1422/936 1220/1466/1179 1205/1421/936
f 1252/1467/936 1254/1468/936 1253/1469/936
f 1252/1467/936 1253/1469/936 1255/1470/936
f 1252/1467/936 1264/1471/981 1254/1468/936
f 1252/1467/936 1255/1470/936 1256/1472/936
f 1252/1467/936 1256/1472/936 1257/1473/936
f 1252/1467/936 1257/1473/936 1258/1474/936
f 1252/1467/936 1258/1474/936 1259/1475/936
f 1252/1467/936 1259/1475/936 1260/1476/936
f 1252/1467/936 1260/1476/936 1261/1477/936
f 1252/1467/936 1261/1477/936 1262/1478/936
f 1252/1467/936 1262/1478/936 1263/1479/936
f 1252/1467/936 1263/1479/936 1264/1471/981
f 1254/1468/936 1265/1480/1180 1266/1481/1161
f 1264/1471/981 1268/1482/1181 1265/1480/1180
f 1266/1481/1161 1267/1483/1162 1288/1484/1160
f 1267/1483/1162 1268/1482/1181 1269/1485/1182
f 1268/1482/1181 1271/1486/1176 1269/1485/1182
f 1263/1479/936 1270/1487/1175 1268/1482/1181
f 1270/1487/1175 1273/1488/1171 1271/1486/1176
f 1262/1478/936 1272/1489/1173 1270/1487/1175
f 1272/1489/1173 1275/1490/1172 1273/1488/1171
f 1260/1476/936 1272/1489/1173 1261/1477/936
f 1274/1491/1174 1277/1492/1170 1275/1490/1172
f 1259/1475/936 1274/1491/1174 1260/1476/936
f 1276/1493/1169 1279/1494/1168 1277/1492/1170
f 1259/1475/936 1278/1495/1167 1276/1493/1169
f 1278/1495/1167 1281/1496/1183 1279/1494/1168
f 1258/1474/936 1280/1497/1166 1278/1495/1167
f 1280/1497/1166 1283/1498/1163 1281/1496/1183
f 1256/1472/936 1280/1497/1166 1257/1473/936
f 1282/1499/1165 1285/1500/1158 1283/1498/1163
f 1255/1470/936 1282/1499/1165 1256/1472/936
f 1284/1501/1156 1287/1502/1184 1285/1500/1158
f 1253/1469/936 1284/1501/1156 1255/1470/936
f 1286/1503/1157 1288/1484/1160 1287/1502/1184
f 1254/1468/936 1286/1503/1157 1253/1469/936
f 1289/1504/766 1285/1500/1158 1287/1502/1184
f 1291/1505/766 1287/1502/1184 1288/1484/1160
f 1291/1505/766 1267/1483/1162 1292/1506/766
f 1292/1506/766 1269/1485/1182 1293/1507/766
f 1293/1507/766 1271/1486/1176 1294/1508/766
f 1294/1508/766 1273/1488/1171 1295/1509/766
f 1296/1510/766 1273/1488/1171 1275/1490/1172
f 1297/1511/766 1275/1490/1172 1277/1492/1170
f 1297/1511/766 1279/1494/1168 1298/1512/766
f 1298/1512/766 1281/1496/1183 1299/1513/766
f 1300/1514/766 1281/1496/1183 1283/1498/1163
f 1290/1515/766 1283/1498/1163 1285/1500/1158
f 1302/1516/1185 1304/1517/1186 1331/1518/1187
f 1308/1519/1188 1301/1520/1189 1302/1521/1185
f 1301/1522/1189 1334/1523/1190 1304/1517/1186
f 1305/1524/1191 1303/1525/1192 1301/1520/1189
f 1342/1526/1193 1305/1524/1191 1307/1527/1194
f 1307/1527/1194 1308/1519/1188 1312/1528/1195
f 1309/1529/1196 1308/1519/1188 1310/1530/1197
f 1308/1519/1188 1309/1529/1196 1312/1528/1195
f 1310/1530/1197 1308/1519/1188 1316/1531/1198
f 1308/1519/1188 1302/1521/1185 1311/1532/1199
f 1311/1532/1199 1313/1533/1200 1308/1519/1188
f 1308/1519/1188 1313/1533/1200 1315/1534/1201
f 1316/1531/1198 1308/1519/1188 1314/1535/1202
f 1308/1519/1188 1315/1534/1201 1314/1535/1202
f 1317/1536/1203 1310/1537/1197 1316/1538/1198
f 1318/1539/1204 1316/1538/1198 1314/1540/1202
f 1318/1539/1204 1320/1541/1205 1317/1536/1203
f 1317/1536/1203 1321/1542/1206 1319/1543/1207
f 1320/1544/1205 1323/1545/1208 1321/1546/1206
f 1322/1547/1209 1323/1545/1208 1320/1544/1205
f 1330/1548/1210 1324/1549/1211 1323/1545/1208
f 1324/1549/1211 1329/1550/1212 1323/1545/1208
f 1325/1551/1213 1327/1552/1214 1323/1545/1208
f 1323/1545/1208 1328/1553/1215 1325/1551/1213
f 1321/1546/1206 1323/1545/1208 1326/1554/1216
f 1323/1545/1208 1329/1550/1212 1326/1554/1216
f 1327/1552/1214 1330/1548/1210 1323/1545/1208
f 1328/1553/1215 1323/1545/1208 1322/1547/1209
f 1331/1518/1187 1332/1555/1217 1330/1556/1210
f 1327/1557/1214 1331/1518/1187 1330/1556/1210
f 1333/1558/1218 1304/1517/1186 1334/1523/1190
f 1332/1559/1217 1336/1560/1219 1324/1549/1211
f 1335/1561/1220 1334/1523/1190 1474/1562/1221
f 1333/1563/1218 1337/1564/1222 1336/1560/1219
f 1338/1565/1223 1337/1564/1222 1340/1566/1224
f 1339/1567/1225 1336/1560/1219 1338/1565/1223
f 1344/1568/1226 1338/1569/1223 1341/1570/1227
f 1341/1570/1227 1340/1571/1224 1343/1572/1228
f 1307/1573/1194 1341/1570/1227 1342/1574/1193
f 1342/1574/1193 1343/1572/1228 1347/1575/1229
f 1312/1576/1195 1344/1568/1226 1307/1573/1194
f 1345/1577/1230 1339/1578/1225 1344/1568/1226
f 1309/1579/1196 1345/1577/1230 1312/1576/1195
f 1326/1580/1216 1345/1577/1230 1346/1581/1231
f 1319/1543/1207 1326/1580/1216 1346/1581/1231
f 1309/1579/1196 1319/1543/1207 1346/1581/1231
f 1349/1582/1232 1343/1572/1228 1348/1583/1233
f 1340/1571/1224 1348/1583/1233 1343/1572/1228
f 1475/1584/1234 1348/1583/1233 1350/1585/1235
f 1351/1586/1236 1350/1585/1235 1348/1583/1233
f 1351/1587/1236 1337/1564/1222 1353/1588/1237
f 1352/1589/1238 1353/1588/1237 1354/1590/1239
f 1353/1588/1237 1357/1591/1240 1354/1590/1239
f 1355/1592/1241 1337/1564/1222 1335/1593/1220
f 1335/1561/1220 1356/1594/1242 1355/1595/1241
f 1355/1595/1241 1358/1596/1243 1357/1597/1240
f 1359/1598/1244 1358/1596/1243 1361/1599/1245
f 1357/1591/1240 1362/1600/1246 1354/1590/1239
f 1361/1599/1245 1360/1601/1247 1359/1598/1244
f 1359/1602/1244 1363/1603/1248 1362/1600/1246
f 1364/1604/1249 1363/1603/1248 1365/1605/1250
f 1352/1589/1238 1362/1600/1246 1364/1604/1249
f 1350/1585/1235 1364/1606/1249 1366/1607/1251
f 1366/1607/1251 1365/1608/1250 1368/1609/1252
f 1475/1584/1234 1366/1607/1251 1367/1610/1253
f 1367/1610/1253 1368/1609/1252 1369/1611/1254
f 1372/1612/1255 1368/1609/1252 1370/1613/1256
f 1365/1608/1250 1370/1613/1256 1368/1609/1252
f 1370/1613/1256 1457/1614/1257 1372/1612/1255
f 1371/1615/1258 1373/1616/1259 1374/1617/1260
f 1363/1603/1248 1373/1618/1259 1365/1605/1250
f 1375/1619/1261 1374/1620/1260 1373/1618/1259
f 1363/1603/1248 1377/1621/1262 1375/1619/1261
f 1375/1619/1261 1379/1622/1263 1376/1623/1264
f 1360/1601/1247 1378/1624/1265 1377/1625/1262
f 1377/1625/1262 1380/1626/1266 1379/1627/1263
f 1380/1626/1266 1381/1628/1267 1379/1627/1263
f 1379/1622/1263 1384/1629/1268 1376/1623/1264
f 1382/1630/1269 1383/1631/1270 1381/1628/1267
f 1381/1632/1267 1385/1633/1271 1384/1629/1268
f 1374/1620/1260 1384/1629/1268 1386/1634/1272
f 1386/1634/1272 1385/1633/1271 1388/1635/1273
f 1387/1636/1274 1388/1637/1273 1389/1638/1275
f 1371/1615/1258 1386/1639/1272 1387/1636/1274
f 1391/1640/1276 1388/1637/1273 1390/1641/1277
f 1388/1635/1273 1393/1642/1278 1390/1643/1277
f 1455/1644/1279 1390/1641/1277 1392/1645/1280
f 1390/1643/1277 1394/1646/1281 1392/1647/1280
f 1383/1648/1270 1393/1642/1278 1385/1633/1271
f 1395/1649/1282 1394/1646/1281 1393/1642/1278
f 1395/1650/1282 1398/1651/1283 1397/1652/1284
f 1383/1631/1270 1396/1653/1285 1395/1650/1282
f 1397/1652/1284 1400/1654/1286 1399/1655/1287
f 1394/1646/1281 1399/1656/1287 1402/1657/1288
f 1400/1654/1286 1401/1658/1289 1399/1655/1287
f 1399/1656/1287 1403/1659/1290 1402/1657/1288
f 1394/1646/1281 1404/1660/1291 1392/1647/1280
f 1404/1660/1291 1403/1659/1290 1406/1661/1292
f 1405/1662/1293 1406/1663/1292 1408/1664/1294
f 1405/1662/1293 1392/1645/1280 1404/1665/1291
f 1408/1664/1294 1407/1666/1295 1410/1667/1296
f 1406/1661/1292 1434/1668/1297 1407/1669/1295
f 1408/1664/1294 1445/1670/1298 1405/1662/1293
f 1409/1671/1299 1410/1667/1296 1411/1672/1300
f 1411/1672/1300 1412/1673/1301 1413/1674/1302
f 1410/1667/1296 1414/1675/1303 1412/1673/1301
f 1413/1674/1302 1415/1676/1304 1418/1677/1305
f 1414/1675/1303 1415/1676/1304 1412/1673/1301
f 1416/1678/1306 1418/1677/1305 1415/1676/1304
f 1416/1678/1306 1417/1679/1307 1437/1680/1308
f 1418/1681/1305 1419/1682/1309 1413/1683/1302
f 1420/1684/1310 1419/1682/1309 1418/1681/1305
f 1422/1685/1311 1420/1686/1310 1416/1678/1306
f 1419/1682/1309 1420/1684/1310 1421/1687/1312
f 1422/1688/1311 1423/1689/1313 1421/1690/1312
f 1423/1691/1313 1419/1682/1309 1421/1687/1312
f 1424/1692/1314 1425/1693/1315 1423/1689/1313
f 1425/1694/1315 1419/1682/1309 1423/1691/1313
f 1426/1695/1316 1427/1696/1317 1429/1697/1318
f 1425/1694/1315 1426/1698/1316 1419/1682/1309
f 1424/1692/1314 1428/1699/1319 1427/1696/1317
f 1427/1696/1317 1431/1700/1320 1429/1697/1318
f 1430/1701/1321 1431/1700/1320 1432/1702/1322
f 1439/1703/1323 1429/1697/1318 1430/1701/1321
f 1433/1704/1324 1432/1705/1322 1431/1706/1320
f 1433/1704/1324 1431/1706/1320 1428/1707/1319
f 1414/1708/1303 1433/1704/1324 1417/1709/1307
f 1433/1704/1324 1407/1669/1295 1434/1668/1297
f 1437/1710/1308 1433/1704/1324 1435/1711/1325
f 1435/1711/1325 1433/1704/1324 1436/1712/1326
f 1436/1712/1326 1433/1704/1324 1428/1707/1319
f 1417/1709/1307 1433/1704/1324 1437/1710/1308
f 1422/1685/1311 1437/1680/1308 1435/1713/1325
f 1422/1688/1311 1436/1714/1326 1424/1692/1314
f 1401/1715/1289 1434/1668/1297 1403/1659/1290
f 1432/1702/1322 1438/1716/1327 1430/1701/1321
f 1440/1717/1328 1430/1701/1321 1438/1716/1327
f 1442/1718/1329 1439/1719/1323 1440/1720/1328
f 1426/1698/1316 1441/1721/1330 1419/1682/1309
f 1411/1722/1300 1442/1718/1329 1409/1723/1299
f 1441/1721/1330 1413/1683/1302 1419/1682/1309
f 1409/1723/1299 1443/1724/1331 1445/1725/1298
f 1443/1724/1331 1440/1720/1328 1446/1726/1332
f 1443/1724/1331 1447/1727/1333 1444/1728/1334
f 1443/1724/1331 1454/1729/1335 1445/1725/1298
f 1438/1716/1327 1446/1730/1332 1440/1717/1328
f 1398/1651/1283 1446/1730/1332 1400/1654/1286
f 1396/1653/1285 1447/1731/1333 1398/1651/1283
f 1450/1732/1336 1447/1727/1333 1448/1733/1337
f 1477/1734/1338 1448/1735/1337 1396/1653/1285
f 1450/1732/1336 1449/1736/1339 1451/1737/1340
f 1450/1732/1336 1453/1738/1341 1452/1739/1342
f 1454/1729/1335 1450/1732/1336 1452/1739/1342
f 1391/1640/1276 1454/1740/1335 1452/1741/1342
f 1389/1638/1275 1452/1741/1342 1453/1742/1341
f 1455/1644/1279 1445/1670/1298 1454/1740/1335
f 1389/1638/1275 1456/1743/1343 1387/1636/1274
f 1451/1737/1340 1456/1744/1343 1453/1738/1341
f 1387/1636/1274 1457/1614/1257 1371/1615/1258
f 1456/1744/1343 1459/1745/1344 1457/1746/1257
f 1459/1745/1344 1460/1747/1345 1461/1748/1346
f 1451/1737/1340 1460/1747/1345 1458/1749/1347
f 1477/1734/1338 1460/1750/1345 1449/1751/1339
f 1382/1630/1269 1461/1752/1346 1460/1750/1345
f 1378/1624/1265 1461/1752/1346 1380/1626/1266
f 1459/1745/1344 1462/1753/1348 1464/1754/1349
f 1462/1755/1348 1476/1756/1350 1463/1757/1351
f 1464/1754/1349 1463/1758/1351 1465/1759/1352
f 1369/1760/1254 1464/1754/1349 1465/1759/1352
f 1459/1745/1344 1372/1761/1255 1457/1746/1257
f 1466/1762/1353 1463/1758/1351 1468/1763/1354
f 1369/1760/1254 1466/1762/1353 1367/1764/1253
f 1367/1764/1253 1467/1765/1355 1475/1766/1234
f 1467/1765/1355 1468/1763/1354 1469/1767/1356
f 1469/1768/1356 1361/1599/1245 1358/1596/1243
f 1468/1769/1354 1476/1756/1350 1361/1599/1245
f 1469/1768/1356 1356/1594/1242 1470/1770/1357
f 1467/1765/1355 1470/1771/1357 1472/1772/1358
f 1470/1770/1357 1474/1562/1221 1471/1773/1359
f 1472/1772/1358 1471/1774/1359 1473/1775/1360
f 1349/1776/1232 1467/1765/1355 1472/1772/1358
f 1472/1772/1358 1347/1777/1229 1349/1776/1232
f 1306/1778/1361 1471/1774/1359 1303/1525/1192
f 1347/1777/1229 1306/1778/1361 1342/1526/1193
f 1303/1779/1192 1474/1562/1221 1334/1523/1190
f 1311/1780/1199 1331/1518/1187 1478/1781/1362
f 1311/1780/1199 1479/1782/1363 1313/1783/1200
f 1327/1557/1214 1479/1782/1363 1478/1781/1362
f 1480/1784/1364 1313/1783/1200 1479/1782/1363
f 1480/1784/1364 1325/1785/1213 1328/1786/1215
f 1318/1787/1204 1328/1786/1215 1322/1788/1209
f 1318/1787/1204 1315/1789/1201 1480/1784/1364
f 1481/1790/1365 1482/1791/1365 1493/1792/1365
f 1481/1790/1365 1483/1793/1365 1482/1791/1365
f 1481/1790/1365 1484/1794/1365 1483/1793/1365
f 1481/1790/1365 1485/1795/1365 1484/1794/1365
f 1481/1790/1365 1486/1796/1365 1485/1795/1365
f 1481/1790/1365 1487/1797/1365 1486/1796/1365
f 1481/1790/1365 1488/1798/1365 1487/1797/1365
f 1481/1790/1365 1489/1799/1365 1488/1798/1365
f 1481/1790/1365 1490/1800/1365 1489/1799/1365
f 1481/1790/1365 1491/1801/1365 1490/1800/1365
f 1481/1790/1365 1492/1802/1365 1491/1801/1365
f 1481/1790/1365 1493/1792/1365 1492/1802/1365
f 1492/1802/1365 1494/1803/1366 1495/1804/1367
f 1482/1791/1365 1494/1803/1366 1493/1792/1365
f 1495/1805/1367 1496/1806/1368 1506/1807/1369
f 1496/1806/1368 1497/1808/1370 1499/1809/1371
f 1482/1791/1365 1498/1810/1372 1497/1811/1370
f 1497/1808/1370 1500/1812/1373 1499/1809/1371
f 1502/1813/1374 1499/1809/1371 1500/1812/1373
f 1503/1814/1374 1499/1809/1371 1501/1815/1374
f 1503/1814/1374 1506/1807/1369 1496/1806/1368
f 1504/1816/1374 1507/1817/1375 1506/1807/1369
f 1507/1817/1375 1495/1805/1367 1506/1807/1369
f 1505/1818/1374 1508/1819/1376 1507/1817/1375
f 1508/1819/1376 1509/1820/1377 1507/1817/1375
f 1491/1801/1365 1510/1821/1378 1490/1800/1365
f 1492/1802/1365 1509/1822/1377 1491/1801/1365
f 1490/1800/1365 1511/1823/1379 1489/1799/1365
f 1511/1824/1379 1508/1819/1376 1513/1825/1380
f 1488/1798/1365 1511/1823/1379 1512/1826/1381
f 1512/1827/1381 1513/1825/1380 1514/1828/1382
f 1516/1829/1374 1513/1825/1380 1515/1830/1374
f 1517/1831/1374 1513/1825/1380 1508/1819/1376
f 1516/1832/1374 1520/1833/1383 1514/1834/1382
f 1519/1835/1374 1520/1833/1383 1518/1836/1374
f 1521/1837/1384 1522/1838/1385 1520/1833/1383
f 1520/1833/1383 1512/1839/1381 1514/1834/1382
f 1487/1797/1365 1523/1840/1386 1486/1796/1365
f 1488/1798/1365 1522/1841/1385 1487/1797/1365
f 1486/1796/1365 1524/1842/1387 1485/1795/1365
f 1524/1843/1387 1521/1837/1384 1526/1844/1388
f 1485/1795/1365 1525/1845/1389 1484/1794/1365
f 1525/1846/1389 1526/1844/1388 1527/1847/1390
f 1529/1848/1374 1526/1844/1388 1528/1849/1374
f 1519/1835/1374 1526/1844/1388 1521/1837/1384
f 1502/1813/1374 1527/1847/1390 1529/1848/1374
f 1498/1850/1372 1527/1847/1390 1500/1812/1373
f 1484/1794/1365 1498/1810/1372 1483/1793/1365
f 1530/1851/1391 1531/1852/1391 1542/1853/1391
f 1530/1851/1391 1532/1854/1392 1531/1852/1391
f 1530/1851/1391 1533/1855/1391 1532/1854/1392
f 1530/1851/1391 1534/1856/1391 1533/1855/1391
f 1530/1851/1391 1535/1857/1391 1534/1856/1391
f 1530/1851/1391 1536/1858/1391 1535/1857/1391
f 1530/1851/1391 1537/1859/1391 1536/1858/1391
f 1530/1851/1391 1538/1860/1392 1537/1859/1391
f 1530/1851/1391 1539/1861/1391 1538/1860/1392
f 1530/1851/1391 1540/1862/1391 1539/1861/1391
f 1530/1851/1391 1541/1863/1391 1540/1862/1391
f 1530/1851/1391 1542/1853/1391 1541/1863/1391
f 1542/1853/1391 1544/1864/1393 1541/1863/1391
f 1531/1852/1391 1543/1865/1394 1542/1853/1391
f 1555/1866/1395 1543/1867/1394 1545/1868/1396
f 1545/1868/1396 1546/1869/1397 1548/1870/1398
f 1531/1852/1391 1547/1871/1399 1546/1872/1397
f 1548/1870/1398 1547/1873/1399 1549/1874/1400
f 1550/1875/1401 1549/1874/1400 1551/1876/1401
f 1550/1875/1401 1545/1868/1396 1548/1870/1398
f 1552/1877/1401 1555/1866/1395 1545/1868/1396
f 1553/1878/1401 1556/1879/1402 1555/1866/1395
f 1556/1879/1402 1544/1880/1393 1555/1866/1395
f 1566/1881/1401 1556/1879/1402 1554/1882/1403
f 1559/1883/1404 1556/1879/1402 1557/1884/1405
f 1539/1861/1391 1558/1885/1406 1559/1886/1404
f 1541/1863/1391 1558/1885/1406 1540/1862/1391
f 1538/1860/1392 1559/1886/1404 1560/1887/1407
f 1560/1888/1407 1557/1884/1405 1562/1889/1408
f 1537/1859/1391 1560/1887/1407 1561/1890/1409
f 1561/1891/1409 1562/1889/1408 1563/1892/1410
f 1565/1893/1401 1562/1889/1408 1564/1894/1401
f 1564/1894/1401 1557/1884/1405 1566/1881/1401
f 1565/1895/1401 1569/1896/1411 1563/1897/1410
f 1567/1898/1401 1570/1899/1412 1569/1896/1411
f 1572/1900/1413 1569/1896/1411 1570/1899/1412
f 1571/1901/1414 1563/1897/1410 1569/1896/1411
f 1536/1858/1391 1572/1902/1413 1535/1857/1391
f 1537/1859/1391 1571/1903/1414 1536/1858/1391
f 1535/1857/1391 1573/1904/1415 1534/1856/1391
f 1573/1905/1415 1570/1899/1412 1575/1906/1416
f 1533/1855/1391 1573/1904/1415 1574/1907/1417
f 1576/1908/1418 1573/1905/1415 1575/1906/1416
f 1578/1909/1401 1575/1906/1416 1577/1910/1401
f 1568/1911/1401 1575/1906/1416 1570/1899/1412
f 1551/1876/1401 1576/1908/1418 1578/1909/1401
f 1549/1874/1400 1574/1912/1417 1576/1908/1418
f 1532/1854/1392 1574/1907/1417 1547/1871/1399
f 1579/1913/1419 1580/1914/1419 1591/1915/1419
f 1579/1913/1419 1581/1916/1419 1580/1914/1419
f 1579/1913/1419 1582/1917/1419 1581/1916/1419
f 1579/1913/1419 1583/1918/1419 1582/1917/1419
f 1579/1913/1419 1584/1919/1419 1583/1918/1419
f 1579/1913/1419 1585/1920/1419 1584/1919/1419
f 1579/1913/1419 1586/1921/1419 1585/1920/1419
f 1579/1913/1419 1587/1922/1419 1586/1921/1419
f 1579/1913/1419 1588/1923/1419 1587/1922/1419
f 1579/1913/1419 1589/1924/1419 1588/1923/1419
f 1579/1913/1419 1590/1925/1419 1589/1924/1419
f 1579/1913/1419 1591/1915/1419 1590/1925/1419
f 1590/1925/1419 1592/1926/1420 1593/1927/1421
f 1580/1914/1419 1592/1926/1420 1591/1915/1419
f 1593/1928/1421 1594/1929/1422 1604/1930/1423
f 1592/1931/1420 1597/1932/1424 1594/1929/1422
f 1581/1916/1419 1595/1933/1425 1580/1914/1419
f 1595/1934/1425 1598/1935/1426 1597/1932/1424
f 1599/1936/1427 1598/1935/1426 1600/1937/1427
f 1601/1938/1427 1597/1932/1424 1599/1936/1427
f 1602/1939/1427 1594/1929/1422 1601/1938/1427
f 1603/1940/1427 1604/1930/1423 1602/1939/1427
f 1607/1941/1428 1604/1930/1423 1605/1942/1429
f 1603/1940/1427 1606/1943/1430 1605/1942/1429
f 1606/1943/1430 1607/1941/1428 1605/1942/1429
f 1589/1924/1419 1608/1944/1431 1588/1923/1419
f 1590/1925/1419 1607/1945/1428 1589/1924/1419
f 1588/1923/1419 1609/1946/1432 1587/1922/1419
f 1609/1947/1432 1606/1943/1430 1611/1948/1433
f 1586/1921/1419 1609/1946/1432 1610/1949/1434
f 1610/1950/1434 1611/1948/1433 1612/1951/1435
f 1614/1952/1427 1611/1948/1433 1613/1953/1427
f 1613/1953/1427 1606/1943/1430 1615/1954/1427
f 1616/1955/1427 1612/1956/1435 1614/1957/1427
f 1616/1955/1427 1619/1958/1436 1618/1959/1437
f 1619/1958/1436 1620/1960/1438 1618/1959/1437
f 1618/1959/1437 1610/1961/1434 1612/1956/1435
f 1584/1919/1419 1620/1962/1438 1621/1963/1439
f 1586/1921/1419 1620/1962/1438 1585/1920/1419
f 1583/1918/1419 1621/1963/1439 1622/1964/1440
f 1624/1965/1441 1621/1966/1439 1619/1958/1436
f 1582/1917/1419 1622/1964/1440 1623/1967/1442
f 1623/1968/1442 1624/1965/1441 1625/1969/1443
f 1627/1970/1427 1624/1965/1441 1626/1971/1427
f 1626/1971/1427 1619/1958/1436 1617/1972/1427
f 1600/1937/1427 1625/1969/1443 1627/1970/1427
f 1596/1973/1444 1625/1969/1443 1598/1935/1426
f 1582/1917/1419 1596/1974/1444 1581/1916/1419
f 1628/1975/1445 1630/1976/1445 1629/1977/1445
f 1628/1975/1445 1629/1977/1445 1631/1978/1445
f 1628/1975/1445 1640/1979/1445 1630/1976/1445
f 1628/1975/1445 1631/1978/1445 1632/1980/1445
f 1628/1975/1445 1632/1980/1445 1633/1981/1445
f 1628/1975/1445 1633/1981/1445 1634/1982/1445
f 1628/1975/1445 1634/1982/1445 1635/1983/1445
f 1628/1975/1445 1635/1983/1445 1636/1984/1445
f 1628/1975/1445 1636/1984/1445 1637/1985/1445
f 1628/1975/1445 1637/1985/1445 1638/1986/1445
f 1628/1975/1445 1638/1986/1445 1639/1987/1445
f 1628/1975/1445 1639/1987/1445 1640/1979/1445
f 1630/1976/1445 1641/1988/1446 1642/1989/1447
f 1639/1987/1445 1641/1988/1446 1640/1979/1445
f 1642/1990/1447 1643/1991/1448 1664/1992/1449
f 1641/1993/1446 1645/1994/1450 1643/1991/1448
f 1644/1995/1451 1647/1996/1452 1645/1994/1450
f 1639/1987/1445 1646/1997/1453 1644/1998/1451
f 1647/1996/1452 1648/1999/1454 1649/2000/1455
f 1637/1985/1445 1646/1997/1453 1638/1986/1445
f 1649/2000/1455 1650/2001/1456 1651/2002/1457
f 1637/1985/1445 1650/2003/1456 1648/2004/1454
f 1651/2002/1457 1652/2005/1458 1653/2006/1459
f 1636/1984/1445 1652/2007/1458 1650/2003/1456
f 1653/2008/1459 1654/2009/1460 1655/2010/1461
f 1634/1982/1445 1652/2007/1458 1635/1983/1445
f 1654/2009/1460 1657/2011/1462 1655/2010/1461
f 1634/1982/1445 1656/2012/1463 1654/2013/1460
f 1657/2011/1462 1658/2014/1464 1659/2015/1465
f 1633/1981/1445 1658/2016/1464 1656/2012/1463
f 1658/2014/1464 1661/2017/1466 1659/2015/1465
f 1631/1978/1445 1658/2016/1464 1632/1980/1445
f 1660/2018/1467 1663/2019/1468 1661/2017/1466
f 1629/1977/1445 1660/2020/1467 1631/1978/1445
f 1662/2021/1469 1664/1992/1449 1663/2019/1468
f 1630/1976/1445 1662/2022/1469 1629/1977/1445
f 1665/2023/1470 1661/2017/1466 1663/2019/1468
f 1667/2024/1470 1663/2019/1468 1664/1992/1449
f 1667/2024/1470 1643/1991/1448 1668/2025/1470
f 1668/2025/1470 1645/1994/1450 1669/2026/1470
f 1669/2026/1470 1647/1996/1452 1670/2027/1470
f 1671/2028/1470 1647/1996/1452 1649/2000/1455
f 1672/2029/1470 1649/2000/1455 1651/2002/1457
f 1672/2029/1470 1653/2006/1459 1673/2030/1471
f 1674/2031/1470 1653/2008/1459 1655/2010/1461
f 1674/2031/1470 1657/2011/1462 1675/2032/1470
f 1675/2032/1470 1659/2015/1465 1676/2033/1470
f 1666/2034/1470 1659/2015/1465 1661/2017/1466
f 1683/2035/1472 1677/2036/1473 1681/2037/1474
f 1767/2038/1475 1677/2036/1473 1678/2039/1476
f 1679/2040/1477 1681/2037/1474 1677/2036/1473
f 1761/2041/1478 1677/2036/1473 1680/2042/1479
f 1681/2037/1474 1685/2043/1480 1682/2044/1481
f 1805/2045/1482 1681/2037/1474 1682/2044/1481
f 1686/2046/1483 1685/2043/1480 1684/2047/1484
f 1688/2048/1485 1684/2047/1484 1679/2040/1477
f 1690/2049/1486 1686/2046/1483 1689/2050/1487
f 1689/2050/1487 1688/2048/1485 1691/2051/1488
f 1689/2050/1487 1693/2052/1489 1690/2049/1486
f 1694/2053/1490 1689/2050/1487 1691/2051/1488
f 1692/2054/1491 1696/2055/1492 1693/2052/1489
f 1697/2056/1493 1692/2054/1491 1694/2053/1490
f 1696/2055/1492 1698/2057/1494 1699/2058/1495
f 1698/2057/1494 1697/2056/1493 1700/2059/1496
f 1701/2060/1491 1699/2058/1495 1698/2057/1494
f 1703/2061/1490 1698/2057/1494 1700/2059/1496
f 1701/2060/1491 1705/2062/1497 1702/2063/1489
f 1706/2064/1498 1701/2060/1491 1703/2061/1490
f 1704/2065/1499 1708/2066/1500 1705/2062/1497
f 1706/2064/1498 1707/2067/1501 1704/2065/1499
f 1710/2068/1502 1708/2066/1500 1707/2067/1501
f 1712/2069/1503 1707/2067/1501 1709/2070/1504
f 1710/2068/1502 1714/2071/1505 1711/2072/1506
f 1712/2069/1503 1713/2073/1507 1710/2068/1502
f 1713/2073/1507 1717/2074/1508 1714/2071/1505
f 1718/2075/1509 1713/2073/1507 1715/2076/1510
f 1716/2077/1511 1720/2078/1512 1717/2074/1508
f 1721/2079/1513 1716/2077/1511 1718/2075/1509
f 1719/2080/1514 1723/2081/1515 1720/2078/1512
f 1721/2079/1513 1722/2082/1516 1719/2080/1514
f 1722/2082/1516 1726/2083/1517 1723/2081/1515
f 1724/2084/1518 1725/2085/1519 1722/2082/1516
f 1729/2086/936 1725/2085/1519 1728/2087/936
f 1730/2088/936 1725/2085/1519 1727/2089/1520
f 1730/2088/936 1733/2090/1521 1731/2091/936
f 1732/2092/936 1733/2090/1521 1734/2093/1522
f 1735/2094/1523 1727/2089/1520 1724/2084/1518
f 1734/2093/1522 1735/2094/1523 1736/2095/1524
f 1735/2094/1523 1721/2079/1513 1737/2096/1525
f 1736/2095/1524 1737/2096/1525 1738/2097/1526
f 1737/2096/1525 1718/2075/1509 1739/2098/1527
f 1738/2097/1526 1739/2098/1527 1740/2099/1528
f 1739/2098/1527 1715/2076/1510 1741/2100/1529
f 1742/2101/1530 1739/2098/1527 1741/2100/1529
f 1741/2100/1529 1712/2069/1503 1743/2102/1531
f 1742/2101/1530 1743/2102/1531 1744/2103/1532
f 1745/2104/1533 1712/2069/1503 1709/2070/1504
f 1744/2103/1532 1745/2104/1533 1746/2105/1534
f 1745/2104/1533 1706/2064/1498 1747/2106/1535
f 1746/2105/1534 1747/2106/1535 1748/2107/1536
f 1747/2106/1535 1703/2061/1490 1749/2108/1537
f 1750/2109/1538 1747/2106/1535 1749/2108/1537
f 1749/2108/1537 1700/2059/1496 1751/2110/1539
f 1750/2109/1538 1751/2110/1539 1752/2111/1540
f 1700/2059/1496 1753/2112/1541 1751/2110/1539
f 1753/2112/1541 1752/2111/1540 1751/2110/1539
f 1753/2112/1541 1694/2053/1490 1755/2113/1537
f 1754/2114/1542 1755/2113/1537 1756/2115/1538
f 1757/2116/1543 1694/2053/1490 1691/2051/1488
f 1756/2115/1538 1757/2116/1543 1758/2117/1544
f 1757/2116/1543 1688/2048/1485 1759/2118/1545
f 1758/2117/1544 1759/2118/1545 1760/2119/1546
f 1759/2118/1545 1679/2040/1477 1761/2041/1478
f 1760/2119/1546 1761/2041/1478 1762/2120/1547
f 1764/2121/1548 1761/2041/1478 1680/2042/1479
f 1763/2122/1549 1760/2119/1546 1762/2120/1547
f 1765/2123/1550 1762/2120/1547 1764/2121/1548
f 1766/2124/1551 1680/2042/1479 1767/2038/1475
f 1768/2125/1552 1764/2121/1548 1766/2124/1551
f 1769/2126/1553 1765/2123/1550 1768/2125/1552
f 1771/2127/1554 1770/2128/1555 1769/2126/1553
f 1773/2129/1556 1772/2130/1557 1771/2127/1554
f 1773/2129/1556 1776/2131/1558 1774/2132/1559
f 1775/2133/1560 1778/2134/1561 1776/2131/1558
f 1777/2135/1562 1780/2136/1563 1778/2134/1561
f 1779/2137/1564 1782/2138/1565 1780/2136/1563
f 1781/2139/1566 1784/2140/1567 1782/2138/1565
f 1785/2141/1568 1784/2140/1567 1783/2142/1569
f 1787/2143/1570 1786/2144/1571 1785/2141/1568
f 1789/2145/1572 1788/2146/1573 1787/2143/1570
f 1791/2147/1574 1790/2148/1575 1789/2145/1572
f 1793/2149/1576 1792/2150/1577 1791/2147/1574
f 1795/2151/1578 1794/2152/1579 1793/2149/1576
f 1795/2151/1578 1798/2153/1580 1796/2154/1581
f 1797/2155/1582 1800/2156/1583 1798/2157/1580
f 1799/2158/1584 1802/2159/1585 1800/2156/1583
f 1801/2160/1586 1804/2161/1587 1802/2159/1585
f 1803/2162/1588 1682/2044/1481 1804/2161/1587
f 1806/2163/1589 1802/2159/1585 1804/2161/1587
f 1685/2043/1480 1804/2161/1587 1682/2044/1481
f 1808/2164/1590 1807/2165/1591 1806/2163/1589
f 1687/2166/1592 1806/2163/1589 1685/2043/1480
f 1811/2167/1593 1808/2164/1590 1810/2168/1594
f 1810/2168/1594 1687/2166/1592 1690/2049/1486
f 1812/2169/1595 1811/2167/1593 1810/2168/1594
f 1693/2052/1489 1810/2168/1594 1690/2049/1486
f 1814/2170/1596 1813/2171/1597 1812/2169/1595
f 1696/2055/1492 1812/2169/1595 1693/2052/1489
f 1817/2172/1598 1814/2170/1596 1816/2173/1599
f 1814/2170/1596 1699/2058/1495 1816/2173/1599
f 1818/2174/1595 1817/2172/1598 1816/2173/1599
f 1702/2063/1489 1816/2173/1599 1699/2058/1495
f 1820/2175/1600 1819/2176/1597 1818/2174/1595
f 1702/2063/1489 1820/2175/1600 1818/2174/1595
f 1822/2177/1601 1821/2178/1602 1820/2175/1600
f 1705/2062/1497 1822/2177/1601 1820/2175/1600
f 1822/2177/1601 1825/2179/1603 1823/2180/1604
f 1711/2072/1506 1822/2177/1601 1708/2066/1500
f 1824/2181/1605 1827/2182/1606 1825/2179/1603
f 1714/2071/1505 1824/2181/1605 1711/2072/1506
f 1828/2183/1607 1827/2182/1606 1826/2184/1608
f 1714/2071/1505 1828/2183/1607 1826/2184/1608
f 1830/2185/1609 1829/2186/1610 1828/2183/1607
f 1720/2078/1512 1828/2183/1607 1717/2074/1508
f 1830/2185/1609 1833/2187/1611 1831/2188/1612
f 1720/2078/1512 1832/2189/1613 1830/2185/1609
f 1832/2189/1613 1835/2190/1614 1833/2187/1611
f 1723/2081/1515 1834/2191/1615 1832/2189/1613
f 1837/2192/936 1834/2191/1615 1836/2193/936
f 1836/2193/936 1726/2083/1517 1729/2086/936
f 1838/2194/936 1835/2190/1614 1837/2192/936
f 1839/2195/936 1840/2196/1616 1838/2194/936
f 1842/2197/1617 1841/2198/1618 1843/2199/1619
f 1833/2187/1611 1840/2196/1616 1842/2197/1617
f 1844/2200/1620 1843/2199/1619 1845/2201/1621
f 1831/2188/1612 1842/2197/1617 1844/2200/1620
f 1846/2202/1622 1845/2201/1621 1847/2203/1623
f 1829/2186/1610 1844/2200/1620 1846/2202/1622
f 1846/2202/1622 1849/2204/1624 1848/2205/1625
f 1829/2186/1610 1848/2205/1625 1827/2182/1606
f 1848/2205/1625 1851/2206/1626 1850/2207/1627
f 1825/2179/1603 1848/2205/1625 1850/2207/1627
f 1850/2207/1627 1853/2208/1628 1852/2209/1629
f 1825/2179/1603 1852/2209/1629 1823/2180/1604
f 1852/2209/1629 1855/2210/1630 1854/2211/1631
f 1823/2180/1604 1854/2211/1631 1821/2178/1602
f 1856/2212/1632 1855/2210/1630 1857/2213/1633
f 1819/2176/1597 1854/2211/1631 1856/2212/1632
f 1856/2212/1632 1859/2214/1634 1858/2215/1635
f 1819/2176/1597 1858/2215/1635 1817/2172/1598
f 1861/2216/1636 1858/2215/1635 1859/2214/1634
f 1860/2217/1637 1817/2172/1598 1858/2215/1635
f 1862/2218/1632 1861/2216/1636 1863/2219/1633
f 1815/2220/1638 1862/2218/1632 1813/2171/1597
f 1862/2218/1632 1865/2221/1639 1864/2222/1640
f 1813/2171/1597 1864/2222/1640 1811/2167/1593
f 1864/2222/1640 1867/2223/1641 1866/2224/1642
f 1811/2167/1593 1866/2224/1642 1809/2225/1643
f 1866/2224/1642 1869/2226/1644 1868/2227/1645
f 1809/2225/1643 1868/2227/1645 1807/2165/1591
f 1868/2227/1645 1798/2157/1580 1800/2156/1583
f 1807/2165/1591 1800/2156/1583 1802/2159/1585
f 1867/2228/1641 1870/2229/1646 1869/2230/1644
f 1869/2230/1644 1796/2154/1581 1798/2153/1580
f 1870/2229/1646 1873/2231/1647 1871/2232/1648
f 1870/2229/1646 1794/2152/1579 1796/2154/1581
f 1874/2233/1649 1873/2231/1647 1872/2234/1650
f 1865/2235/1639 1872/2234/1650 1867/2228/1641
f 1876/2236/1651 1875/2237/1652 1874/2233/1649
f 1863/2238/1633 1874/2233/1649 1865/2235/1639
f 1878/2239/1653 1877/2240/1654 1876/2236/1651
f 1863/2238/1633 1878/2239/1653 1876/2236/1651
f 1879/2241/1655 1880/2242/1656 1881/2243/1657
f 1878/2239/1653 1859/2244/1634 1880/2242/1656
f 1880/2242/1656 1883/2245/1654 1881/2243/1657
f 1859/2244/1634 1882/2246/1651 1880/2242/1656
f 1884/2247/1658 1883/2245/1654 1882/2246/1651
f 1857/2248/1633 1884/2247/1658 1882/2246/1651
f 1886/2249/1659 1885/2250/1660 1884/2247/1658
f 1853/2251/1628 1884/2247/1658 1855/2252/1630
f 1888/2253/1661 1887/2254/1662 1886/2249/1659
f 1851/2255/1626 1886/2249/1659 1853/2251/1628
f 1890/2256/1663 1889/2257/1664 1888/2253/1661
f 1849/2258/1624 1888/2253/1661 1851/2255/1626
f 1892/2259/1665 1891/2260/1666 1890/2256/1663
f 1847/2261/1623 1890/2256/1663 1849/2258/1624
f 1892/2259/1665 1895/2262/1667 1893/2263/1668
f 1845/2264/1621 1892/2259/1665 1847/2261/1623
f 1894/2265/1669 1897/2266/1670 1895/2262/1667
f 1845/2264/1621 1896/2267/1671 1894/2265/1669
f 1898/2268/1672 1897/2266/1670 1896/2267/1671
f 1841/2269/1618 1896/2267/1671 1843/2270/1619
f 1900/2271/936 1899/2272/1673 1898/2268/1672
f 1900/2271/936 1841/2269/1618 1839/2273/936
f 1901/2274/936 1904/2275/1674 1899/2272/1673
f 1902/2276/936 1905/2277/1675 1904/2275/1674
f 1904/2275/1674 1907/2278/1676 1906/2279/1677
f 1899/2272/1673 1906/2279/1677 1897/2266/1670
f 1908/2280/1678 1907/2278/1676 1909/2281/1679
f 1895/2262/1667 1906/2279/1677 1908/2280/1678
f 1908/2280/1678 1911/2282/1680 1910/2283/1681
f 1895/2262/1667 1910/2283/1681 1893/2263/1668
f 1910/2283/1681 1913/2284/1682 1912/2285/1683
f 1893/2263/1668 1912/2285/1683 1891/2260/1666
f 1914/2286/1684 1913/2284/1682 1915/2287/1685
f 1891/2260/1666 1914/2286/1684 1889/2257/1664
f 1914/2286/1684 1917/2288/1686 1916/2289/1687
f 1889/2257/1664 1916/2289/1687 1887/2254/1662
f 1916/2289/1687 1919/2290/1688 1918/2291/1689
f 1885/2250/1660 1916/2289/1687 1918/2291/1689
f 1918/2291/1689 1921/2292/1690 1920/2293/1691
f 1883/2245/1654 1918/2291/1689 1920/2293/1691
f 1922/2294/1692 1921/2292/1690 1923/2295/1693
f 1883/2245/1654 1922/2294/1692 1881/2243/1657
f 1923/2295/1693 1924/2296/1694 1922/2294/1692
f 1924/2296/1694 1881/2243/1657 1922/2294/1692
f 1924/2296/1694 1927/2297/1690 1926/2298/1691
f 1879/2241/1655 1926/2298/1691 1877/2240/1654
f 1928/2299/1695 1927/2297/1690 1929/2300/1696
f 1875/2237/1652 1926/2298/1691 1928/2299/1695
f 1929/2300/1696 1930/2301/1697 1928/2299/1695
f 1875/2237/1652 1930/2301/1697 1873/2231/1647
f 1930/2301/1697 1933/2302/1698 1932/2303/1699
f 1873/2231/1647 1932/2303/1699 1871/2232/1648
f 1932/2303/1699 1790/2148/1575 1792/2150/1577
f 1871/2232/1648 1792/2150/1577 1794/2152/1579
f 1931/2304/1700 1934/2305/1701 1933/2302/1698
f 1933/2302/1698 1788/2146/1573 1790/2148/1575
f 1934/2305/1701 1937/2306/1702 1935/2307/1703
f 1934/2305/1701 1786/2144/1571 1788/2146/1573
f 1938/2308/1704 1937/2306/1702 1936/2309/1705
f 1929/2300/1696 1936/2309/1705 1931/2304/1700
f 1940/2310/1706 1939/2311/1707 1938/2308/1704
f 1929/2300/1696 1940/2310/1706 1938/2308/1704
f 1942/2312/1708 1941/2313/1709 1940/2310/1706
f 1925/2314/1710 1940/2310/1706 1927/2297/1690
f 1944/2315/1711 1943/2316/1712 1942/2312/1708
f 1944/2315/1711 1925/2314/1710 1923/2295/1693
f 1946/2317/1706 1945/2318/1713 1944/2315/1711
f 1923/2295/1693 1946/2317/1706 1944/2315/1711
f 1948/2319/1714 1947/2320/1709 1946/2317/1706
f 1919/2290/1688 1946/2317/1706 1921/2292/1690
f 1950/2321/1715 1949/2322/1716 1948/2319/1714
f 1919/2290/1688 1950/2321/1715 1948/2319/1714
f 1952/2323/1717 1951/2324/1718 1950/2321/1715
f 1915/2287/1685 1950/2321/1715 1917/2288/1686
f 1954/2325/1719 1953/2326/1720 1952/2323/1717
f 1913/2284/1682 1952/2323/1717 1915/2287/1685
f 1956/2327/1721 1955/2328/1722 1954/2325/1719
f 1911/2282/1680 1954/2325/1719 1913/2284/1682
f 1956/2327/1721 1959/2329/1723 1957/2330/1724
f 1911/2282/1680 1958/2331/1725 1956/2327/1721
f 1958/2331/1725 1961/2332/1726 1959/2329/1723
f 1907/2278/1676 1958/2331/1725 1909/2281/1679
f 1960/2333/1727 1963/2334/1728 1961/2332/1726
f 1905/2277/1675 1960/2333/1727 1907/2278/1676
f 1964/2335/936 1963/2334/1728 1962/2336/1729
f 1903/2337/936 1962/2336/1729 1905/2277/1675
f 1966/2338/936 1963/2334/1728 1965/2339/936
f 1967/2340/936 1968/2341/1730 1966/2338/936
f 1970/2342/1731 1969/2343/1732 1971/2344/1733
f 1961/2332/1726 1968/2341/1730 1970/2342/1731
f 1972/2345/1734 1971/2344/1733 1973/2346/1735
f 1959/2329/1723 1970/2342/1731 1972/2345/1734
f 1972/2345/1734 1975/2347/1736 1974/2348/1737
f 1959/2329/1723 1974/2348/1737 1957/2330/1724
f 1976/2349/1738 1975/2347/1736 1977/2350/1739
f 1955/2328/1722 1974/2348/1737 1976/2349/1738
f 1978/2351/1740 1977/2350/1739 1979/2352/1741
f 1955/2328/1722 1978/2351/1740 1953/2326/1720
f 1978/2351/1740 1981/2353/1742 1980/2354/1743
f 1953/2326/1720 1980/2354/1743 1951/2324/1718
f 1980/2354/1743 1983/2355/1744 1982/2356/1745
f 1951/2324/1718 1982/2356/1745 1949/2322/1716
f 1984/2357/1746 1983/2355/1744 1985/2358/1747
f 1947/2320/1709 1982/2356/1745 1984/2357/1746
f 1984/2357/1746 1987/2359/1748 1986/2360/1749
f 1947/2320/1709 1986/2360/1749 1945/2318/1713
f 1989/2361/1750 1986/2360/1749 1987/2359/1748
f 1988/2362/1751 1945/2318/1713 1986/2360/1749
f 1990/2363/1752 1989/2361/1750 1991/2364/1747
f 1943/2316/1712 1990/2363/1752 1941/2313/1709
f 1990/2363/1752 1993/2365/1753 1992/2366/1754
f 1939/2311/1707 1990/2363/1752 1992/2366/1754
f 1992/2366/1754 1995/2367/1755 1994/2368/1756
f 1939/2311/1707 1994/2368/1756 1937/2306/1702
f 1996/2369/1757 1995/2367/1755 1997/2370/1758
f 1937/2306/1702 1996/2369/1757 1935/2307/1703
f 1996/2369/1757 1782/2138/1565 1784/2140/1567
f 1935/2307/1703 1784/2140/1567 1786/2144/1571
f 1995/2367/1755 1998/2371/1759 1997/2370/1758
f 1997/2370/1758 1780/2136/1563 1782/2138/1565
f 2000/2372/1760 1999/2373/1761 1998/2371/1759
f 1998/2371/1759 1778/2134/1561 1780/2136/1563
f 2002/2374/1762 2001/2375/1763 2000/2372/1760
f 2002/2374/1762 1995/2367/1755 1993/2365/1753
f 2004/2376/1764 2003/2377/1765 2002/2374/1762
f 1991/2364/1747 2002/2374/1762 1993/2365/1753
f 2006/2378/1766 2005/2379/1767 2004/2376/1764
f 1991/2364/1747 2006/2378/1766 2004/2376/1764
f 2007/2380/1768 2008/2381/1769 2009/2382/1770
f 2008/2381/1769 1989/2361/1750 1987/2359/1748
f 2010/2383/1764 2009/2382/1770 2008/2381/1769
f 1985/2358/1747 2008/2381/1769 1987/2359/1748
f 2010/2383/1764 2013/2384/1771 2011/2385/1767
f 1985/2358/1747 2012/2386/1772 2010/2383/1764
f 2014/2387/1773 2013/2384/1771 2012/2386/1772
f 1983/2355/1744 2014/2387/1773 2012/2386/1772
f 2016/2388/1774 2015/2389/1775 2014/2387/1773
f 1979/2352/1741 2014/2387/1773 1981/2353/1742
f 2016/2388/1774 2019/2390/1776 2017/2391/1777
f 1979/2352/1741 2018/2392/1778 2016/2388/1774
f 2020/2393/1779 2019/2390/1776 2018/2392/1778
f 1977/2350/1739 2020/2393/1779 2018/2392/1778
f 2022/2394/1780 2021/2395/1781 2020/2393/1779
f 1973/2346/1735 2020/2393/1779 1975/2347/1736
f 2022/2394/1780 2025/2396/1782 2023/2397/1783
f 1973/2346/1735 2024/2398/1784 2022/2394/1780
f 2024/2398/1784 2027/2399/1785 2025/2396/1782
f 1971/2344/1733 2026/2400/1786 2024/2398/1784
f 2029/2401/936 2026/2400/1786 2028/2402/936
f 2028/2402/936 1969/2343/1732 1967/2340/936
f 2030/2403/936 2027/2399/1785 2029/2401/936
f 2031/2404/936 2032/2405/1787 2030/2403/936
f 2034/2406/1788 2033/2407/1789 2035/2408/1790
f 2025/2396/1782 2032/2405/1787 2034/2406/1788
f 2036/2409/1791 2035/2408/1790 2037/2410/1792
f 2023/2397/1783 2034/2406/1788 2036/2409/1791
f 2038/2411/1793 2037/2410/1792 2039/2412/1794
f 2021/2395/1781 2036/2409/1791 2038/2411/1793
f 2040/2413/1795 2039/2412/1794 2041/2414/1796
f 2019/2390/1776 2038/2411/1793 2040/2413/1795
f 2040/2413/1795 2043/2415/1797 2042/2416/1798
f 2017/2391/1777 2040/2413/1795 2042/2416/1798
f 2042/2416/1798 2045/2417/1799 2044/2418/1800
f 2017/2391/1777 2044/2418/1800 2015/2389/1775
f 2044/2418/1800 2047/2419/1801 2046/2420/1802
f 2015/2389/1775 2046/2420/1802 2013/2384/1771
f 2046/2420/1802 2049/2421/1803 2048/2422/1804
f 2011/2385/1767 2046/2420/1802 2048/2422/1804
f 2048/2422/1804 2051/2423/1805 2050/2424/1806
f 2009/2382/1770 2048/2422/1804 2050/2424/1806
f 2053/2425/1807 2050/2424/1806 2051/2423/1805
f 2052/2426/1808 2009/2382/1770 2050/2424/1806
f 2052/2426/1808 2055/2427/1803 2054/2428/1804
f 2007/2380/1768 2054/2428/1804 2005/2379/1767
f 2054/2428/1804 2057/2429/1809 2056/2430/1810
f 2005/2379/1767 2056/2430/1810 2003/2377/1765
f 2056/2430/1810 2059/2431/1811 2058/2432/1812
f 2003/2377/1765 2058/2432/1812 2001/2375/1763
f 2058/2432/1812 2061/2433/1813 2060/2434/1814
f 2001/2375/1763 2060/2434/1814 1999/2373/1761
f 2060/2434/1814 1774/2132/1559 1776/2131/1558
f 1999/2373/1761 1776/2131/1558 1778/2134/1561
f 2059/2431/1811 2062/2435/1815 2061/2433/1813
f 2061/2433/1813 1772/2130/1557 1774/2132/1559
f 2062/2435/1815 2065/2436/1816 2063/2437/1817
f 2062/2435/1815 1770/2128/1555 1772/2130/1557
f 2066/2438/1818 2065/2436/1816 2064/2439/1819
f 2057/2429/1809 2064/2439/1819 2059/2431/1811
f 2066/2438/1818 2069/2440/1820 2067/2441/1821
f 2055/2427/1803 2066/2438/1818 2057/2429/1809
f 2070/2442/1822 2069/2440/1820 2068/2443/1823
f 2053/2425/1807 2068/2443/1823 2055/2427/1803
f 2073/2444/1824 2070/2442/1822 2072/2445/1825
f 2070/2442/1822 2051/2423/1805 2072/2445/1825
f 2074/2446/1823 2073/2444/1824 2072/2445/1825
f 2051/2423/1805 2074/2446/1823 2072/2445/1825
f 2076/2447/1826 2075/2448/1820 2074/2446/1823
f 2047/2419/1801 2074/2446/1823 2049/2421/1803
f 2078/2449/1827 2077/2450/1828 2076/2447/1826
f 2045/2417/1799 2076/2447/1826 2047/2419/1801
f 2078/2449/1827 2081/2451/1829 2079/2452/1830
f 2043/2415/1797 2078/2449/1827 2045/2417/1799
f 2082/2453/1831 2081/2451/1829 2080/2454/1832
f 2041/2414/1796 2080/2454/1832 2043/2415/1797
f 2084/2455/1833 2083/2456/1834 2082/2453/1831
f 2039/2412/1794 2082/2453/1831 2041/2414/1796
f 2084/2455/1833 2087/2457/1835 2085/2458/1836
f 2039/2412/1794 2086/2459/1837 2084/2455/1833
f 2088/2460/1838 2087/2457/1835 2086/2459/1837
f 2035/2408/1790 2086/2459/1837 2037/2410/1792
f 2090/2461/1839 2089/2462/1840 2088/2460/1838
f 2035/2408/1790 2090/2461/1839 2088/2460/1838
f 2092/2463/936 2091/2464/1841 2090/2461/1839
f 2031/2404/936 2090/2461/1839 2033/2407/1789
f 2093/2465/936 2095/2466/1842 2091/2464/1841
f 2094/2467/936 1734/2093/1522 2095/2466/1842
f 2095/2466/1842 1736/2095/1524 2096/2468/1843
f 2091/2464/1841 2096/2468/1843 2089/2462/1840
f 2096/2468/1843 1738/2097/1526 2097/2469/1844
f 2089/2462/1840 2097/2469/1844 2087/2457/1835
f 2098/2470/1845 1738/2097/1526 1740/2099/1528
f 2085/2458/1836 2097/2469/1844 2098/2470/1845
f 2098/2470/1845 1742/2101/1530 2099/2471/1846
f 2085/2458/1836 2099/2471/1846 2083/2456/1834
f 2100/2472/1847 1742/2101/1530 1744/2103/1532
f 2083/2456/1834 2100/2472/1847 2081/2451/1829
f 2100/2472/1847 1746/2105/1534 2101/2473/1848
f 2079/2452/1830 2100/2472/1847 2101/2473/1848
f 2102/2474/1849 1746/2105/1534 1748/2107/1536
f 2077/2450/1828 2101/2473/1848 2102/2474/1849
f 2102/2474/1849 1750/2109/1538 2103/2475/1850
f 2077/2450/1828 2103/2475/1850 2075/2448/1820
f 2104/2476/1851 1750/2109/1538 1752/2111/1540
f 2075/2448/1820 2104/2476/1851 2073/2444/1824
f 1754/2114/1542 2104/2476/1851 1752/2111/1540
f 2105/2477/1852 2073/2444/1824 2104/2476/1851
f 2105/2477/1852 1756/2115/1538 2106/2478/1850
f 2071/2479/1853 2106/2478/1850 2069/2440/1820
f 2107/2480/1854 1756/2115/1538 1758/2117/1544
f 2069/2440/1820 2107/2480/1854 2067/2441/1821
f 2107/2480/1854 1760/2119/1546 2108/2481/1855
f 2067/2441/1821 2108/2481/1855 2065/2436/1816
f 2063/2437/1817 2108/2481/1855 1763/2122/1549
f 2063/2437/1817 1765/2123/1550 1770/2128/1555
f 2110/2482/1856 2112/2483/1857 2109/2484/1858
f 2111/2485/1859 2110/2482/1856 2109/2484/1858
f 2114/2486/1860 2113/2487/1861 2112/2483/1857
f 2114/2486/1860 2117/2488/1862 2115/2489/1863
f 2110/2482/1856 2116/2490/1864 2114/2486/1860
f 2116/2490/1864 2120/2491/1865 2117/2488/1862
f 2118/2492/1866 2119/2493/1867 2116/2490/1864
f 2119/2493/1867 2123/2494/1868 2120/2491/1865
f 2121/2495/1869 2122/2496/1870 2119/2493/1867
f 2122/2496/1870 2126/2497/1871 2123/2494/1868
f 2124/2498/1872 2125/2499/1873 2122/2496/1870
f 2125/2499/1873 2129/2500/1874 2126/2497/1871
f 2127/2501/1875 2128/2502/1876 2125/2499/1873
f 2131/2503/1877 2129/2500/1874 2128/2502/1876
f 2133/2504/1878 2128/2502/1876 2130/2505/1879
f 2134/2506/1880 2132/2507/1881 2131/2503/1877
f 2136/2508/1882 2131/2503/1877 2133/2504/1878
f 2137/2509/1883 2135/2510/1884 2134/2506/1880
f 2139/2511/1885 2134/2506/1880 2136/2508/1882
f 2140/2512/1886 2138/2513/1887 2137/2509/1883
f 2142/2514/1888 2137/2509/1883 2139/2511/1885
f 2143/2515/1889 2141/2516/1890 2140/2512/1886
f 2145/2517/1891 2140/2512/1886 2142/2514/1888
f 2146/2518/1892 2144/2519/1893 2143/2515/1889
f 2148/2520/1894 2143/2515/1889 2145/2517/1891
f 2149/2521/1895 2147/2522/1896 2146/2518/1892
f 2148/2520/1894 2149/2521/1895 2146/2518/1892
f 2149/2521/1895 2153/2523/1897 2150/2524/1898
f 2151/2525/1899 2152/2526/1900 2149/2521/1895
f 2155/2527/1901 2153/2523/1897 2152/2526/1900
f 2157/2528/1902 2152/2526/1900 2154/2529/1903
f 2158/2530/1904 2154/2529/1903 2160/2531/1905
f 2159/2532/1906 2160/2531/1905 2161/2533/1907
f 2160/2531/1905 2151/2525/1899 2162/2534/1908
f 2161/2533/1907 2162/2534/1908 2163/2535/1909
f 2164/2536/1910 2151/2525/1899 2148/2520/1894
f 2163/2535/1909 2164/2536/1910 2165/2537/1911
f 2164/2536/1910 2145/2517/1891 2166/2538/1912
f 2165/2537/1911 2166/2538/1912 2167/2539/1913
f 2166/2538/1912 2142/2514/1888 2168/2540/1914
f 2169/2541/1915 2166/2538/1912 2168/2540/1914
f 2168/2540/1914 2139/2511/1885 2170/2542/1916
f 2169/2541/1915 2170/2542/1916 2171/2543/1917
f 2172/2544/1918 2139/2511/1885 2136/2508/1882
f 2173/2545/1919 2170/2542/1916 2172/2544/1918
f 2172/2544/1918 2133/2504/1878 2174/2546/1920
f 2173/2545/1919 2174/2546/1920 2175/2547/1921
f 2174/2546/1920 2130/2505/1879 2176/2548/1922
f 2175/2547/1921 2176/2548/1922 2177/2549/1923
f 2178/2550/1924 2130/2505/1879 2127/2501/1875
f 2177/2549/1923 2178/2550/1924 2179/2551/1925
f 2180/2552/1926 2127/2501/1875 2124/2498/1872
f 2179/2551/1925 2180/2552/1926 2181/2553/1927
f 2182/2554/1928 2124/2498/1872 2121/2495/1869
f 2183/2555/1929 2180/2552/1926 2182/2554/1928
f 2184/2556/1930 2121/2495/1869 2118/2492/1866
f 2185/2557/1931 2182/2554/1928 2184/2556/1930
f 2186/2558/1932 2118/2492/1866 2110/2482/1856
f 2187/2559/1933 2184/2556/1930 2186/2558/1932
f 2189/2560/1934 2186/2558/1932 2111/2485/1859
f 2188/2561/1935 2185/2557/1931 2187/2559/1933
f 2190/2562/1936 2187/2559/1933 2189/2560/1934
f 2191/2563/1937 2188/2561/1935 2190/2562/1936
f 2194/2564/1938 2191/2563/1937 2192/2565/1939
f 2193/2566/1940 2196/2567/1941 2188/2561/1935
f 2194/2564/1938 2195/2568/1942 2193/2566/1940
f 2195/2568/1942 2199/2569/1943 2196/2567/1941
f 2197/2570/1944 2198/2571/1945 2195/2568/1942
f 2198/2571/1945 2202/2572/1946 2199/2569/1943
f 2200/2573/1947 2201/2574/1948 2198/2571/1945
f 2204/2575/1949 2202/2572/1946 2201/2574/1948
f 2203/2576/1950 2204/2575/1949 2201/2574/1948
f 2204/2575/1949 2208/2577/1951 2205/2578/1952
f 2206/2579/1953 2207/2580/1954 2204/2575/1949
f 2210/2581/1955 2208/2577/1951 2207/2580/1954
f 2212/2582/1956 2207/2580/1954 2209/2583/1957
f 2213/2584/1958 2211/2585/1959 2210/2581/1955
f 2215/2586/1960 2210/2581/1955 2212/2582/1956
f 2216/2587/1961 2214/2588/1962 2213/2584/1958
f 2218/2589/1963 2213/2584/1958 2215/2586/1960
f 2219/2590/1964 2217/2591/1965 2216/2587/1961
f 2221/2592/1966 2216/2587/1961 2218/2589/1963
f 2222/2593/1967 2220/2594/1968 2219/2590/1964
f 2224/2595/1969 2219/2590/1964 2221/2592/1966
f 2225/2596/1970 2223/2597/1971 2222/2593/1967
f 2224/2595/1969 2225/2596/1970 2222/2593/1967
f 2228/2598/1972 2226/2599/1973 2225/2596/1970
f 2227/2600/1974 2228/2598/1972 2225/2596/1970
f 2231/2601/1975 2229/2602/1976 2228/2598/1972
f 2230/2603/1977 2231/2601/1975 2228/2598/1972
f 2234/2604/1978 2232/2605/1979 2231/2601/1975
f 2236/2606/1980 2231/2601/1975 2233/2607/1981
f 2237/2608/1982 2233/2607/1981 2239/2609/1983
f 2238/2610/1984 2239/2609/1983 2240/2611/1985
f 2241/2612/1986 2233/2607/1981 2230/2603/1977
f 2242/2613/1987 2239/2609/1983 2241/2612/1986
f 2243/2614/1988 2230/2603/1977 2227/2600/1974
f 2244/2615/1989 2241/2612/1986 2243/2614/1988
f 2243/2614/1988 2224/2595/1969 2245/2616/1990
f 2244/2615/1989 2245/2616/1990 2246/2617/1991
f 2245/2616/1990 2221/2592/1966 2247/2618/1992
f 2246/2617/1991 2247/2618/1992 2248/2619/1993
f 2247/2618/1992 2218/2589/1963 2249/2620/1994
f 2248/2619/1993 2249/2620/1994 2250/2621/1995
f 2249/2620/1994 2215/2586/1960 2251/2622/1996
f 2250/2621/1995 2251/2622/1996 2252/2623/1997
f 2251/2622/1996 2212/2582/1956 2253/2624/1998
f 2252/2623/1997 2253/2624/1998 2254/2625/1999
f 2255/2626/2000 2212/2582/1956 2209/2583/1957
f 2254/2625/1999 2255/2626/2000 2256/2627/2001
f 2257/2628/2002 2209/2583/1957 2206/2579/1953
f 2258/2629/2003 2255/2626/2000 2257/2628/2002
f 2259/2630/2004 2206/2579/1953 2203/2576/1950
f 2260/2631/2005 2257/2628/2002 2259/2630/2004
f 2261/2632/2006 2203/2576/1950 2200/2573/1947
f 2262/2633/2007 2259/2630/2004 2261/2632/2006
f 2263/2634/2008 2200/2573/1947 2197/2570/1944
f 2264/2635/2009 2261/2632/2006 2263/2634/2008
f 2265/2636/2010 2197/2570/1944 2194/2564/1938
f 2266/2637/2011 2263/2634/2008 2265/2636/2010
f 2265/2636/2010 2192/2565/1939 2267/2638/2012
f 2266/2637/2011 2267/2638/2012 2268/2639/2013
f 2271/2640/2014 2268/2639/2013 2269/2641/2015
f 2270/2642/2016 2271/2640/2014 2269/2641/2015
f 2271/2640/2014 2264/2635/2009 2266/2637/2011
f 2272/2643/2017 2273/2644/2018 2271/2640/2014
f 2273/2644/2018 2262/2633/2007 2264/2635/2009
f 2274/2645/2019 2275/2646/2020 2273/2644/2018
f 2275/2646/2020 2260/2631/2005 2262/2633/2007
f 2278/2647/2021 2275/2646/2020 2276/2648/2022
f 2279/2649/2023 2260/2631/2005 2277/2650/2024
f 2280/2651/2025 2277/2650/2024 2278/2647/2021
f 2281/2652/2026 2258/2629/2003 2279/2649/2023
f 2282/2653/2027 2279/2649/2023 2280/2651/2025
f 2283/2654/2028 2256/2627/2001 2281/2652/2026
f 2284/2655/2029 2281/2652/2026 2282/2653/2027
f 2285/2656/2030 2254/2625/1999 2283/2654/2028
f 2286/2657/2031 2283/2654/2028 2284/2655/2029
f 2287/2658/2032 2252/2623/1997 2285/2656/2030
f 2288/2659/2033 2285/2656/2030 2286/2657/2031
f 2289/2660/2034 2250/2621/1995 2287/2658/2032
f 2290/2661/2035 2287/2658/2032 2288/2659/2033
f 2291/2662/2036 2248/2619/1993 2289/2660/2034
f 2292/2663/2037 2289/2660/2034 2290/2661/2035
f 2293/2664/2038 2246/2617/1991 2291/2662/2036
f 2294/2665/2039 2291/2662/2036 2292/2663/2037
f 2295/2666/2040 2244/2615/1989 2293/2664/2038
f 2296/2667/2041 2293/2664/2038 2294/2665/2039
f 2297/2668/2042 2242/2613/1987 2295/2666/2040
f 2296/2667/2041 2297/2668/2042 2295/2666/2040
f 2299/2669/2043 2240/2611/1985 2297/2668/2042
f 2300/2670/2044 2297/2668/2042 2298/2671/2045
f 2301/2672/2046 2298/2671/2045 2303/2673/2047
f 2302/2674/2048 2303/2673/2047 2304/2675/2049
f 2305/2676/2050 2298/2671/2045 2296/2667/2041
f 2304/2675/2049 2305/2676/2050 2306/2677/2051
f 2305/2676/2050 2294/2665/2039 2307/2678/2052
f 2306/2677/2051 2307/2678/2052 2308/2679/2053
f 2307/2678/2052 2292/2663/2037 2309/2680/2054
f 2308/2679/2053 2309/2680/2054 2310/2681/2055
f 2309/2680/2054 2290/2661/2035 2311/2682/2056
f 2310/2681/2055 2311/2682/2056 2312/2683/2057
f 2311/2682/2056 2288/2659/2033 2313/2684/2058
f 2312/2683/2057 2313/2684/2058 2314/2685/2059
f 2313/2684/2058 2286/2657/2031 2315/2686/2060
f 2314/2685/2059 2315/2686/2060 2316/2687/2061
f 2315/2686/2060 2284/2655/2029 2317/2688/2062
f 2316/2687/2061 2317/2688/2062 2318/2689/2063
f 2317/2688/2062 2282/2653/2027 2319/2690/2064
f 2318/2689/2063 2319/2690/2064 2320/2691/2065
f 2319/2690/2064 2280/2651/2025 2321/2692/2066
f 2320/2691/2065 2321/2692/2066 2322/2693/2067
f 2323/2694/2068 2280/2651/2025 2278/2647/2021
f 2322/2693/2067 2323/2694/2068 2324/2695/2069
f 2323/2694/2068 2276/2648/2022 2325/2696/2070
f 2324/2695/2069 2325/2696/2070 2326/2697/2071
f 2327/2698/2072 2276/2648/2022 2274/2645/2019
f 2328/2699/2073 2325/2696/2070 2327/2698/2072
f 2329/2700/2074 2274/2645/2019 2272/2643/2017
f 2330/2701/2075 2327/2698/2072 2329/2700/2074
f 2331/2702/2076 2272/2643/2017 2270/2642/2016
f 2330/2701/2075 2331/2702/2076 2332/2703/2077
f 2335/2704/2078 2332/2703/2077 2333/2705/2079
f 2336/2706/2080 2333/2707/2079 2334/2708/2081
f 2335/2704/2078 2328/2699/2073 2330/2701/2075
f 2336/2706/2080 2337/2709/2082 2335/2710/2078
f 2337/2711/2082 2326/2697/2071 2328/2699/2073
f 2338/2712/2083 2339/2713/2084 2337/2709/2082
f 2339/2714/2084 2324/2695/2069 2326/2697/2071
f 2340/2715/2085 2341/2716/2086 2339/2713/2084
f 2341/2717/2086 2322/2693/2067 2324/2695/2069
f 2342/2718/2087 2343/2719/2088 2341/2716/2086
f 2343/2720/2088 2320/2691/2065 2322/2693/2067
f 2346/2721/2089 2343/2719/2088 2344/2722/2090
f 2347/2723/2091 2320/2691/2065 2345/2724/2092
f 2348/2725/2093 2345/2726/2092 2346/2721/2089
f 2349/2727/2094 2318/2689/2063 2347/2723/2091
f 2350/2728/2095 2347/2729/2091 2348/2725/2093
f 2351/2730/2096 2316/2687/2061 2349/2727/2094
f 2352/2731/2097 2349/2732/2094 2350/2728/2095
f 2353/2733/2098 2314/2685/2059 2351/2730/2096
f 2354/2734/2099 2351/2735/2096 2352/2731/2097
f 2355/2736/2100 2312/2683/2057 2353/2733/2098
f 2356/2737/2101 2353/2738/2098 2354/2734/2099
f 2357/2739/2102 2310/2681/2055 2355/2736/2100
f 2358/2740/2103 2355/2741/2100 2356/2737/2101
f 2359/2742/2104 2308/2679/2053 2357/2739/2102
f 2358/2740/2103 2359/2743/2104 2357/2744/2102
f 2361/2745/2105 2306/2677/2051 2359/2742/2104
f 2360/2746/2106 2361/2747/2105 2359/2743/2104
f 2363/2748/2107 2304/2675/2049 2361/2745/2105
f 2364/2749/2108 2361/2747/2105 2362/2750/2109
f 2153/2523/1897 2364/2749/2108 2362/2750/2109
f 2150/2524/1898 2362/2750/2109 2360/2746/2106
f 2150/2524/1898 2358/2740/2103 2147/2522/1896
f 2147/2522/1896 2356/2737/2101 2144/2519/1893
f 2141/2516/1890 2356/2737/2101 2354/2734/2099
f 2141/2516/1890 2352/2731/2097 2138/2513/1887
f 2138/2513/1887 2350/2728/2095 2135/2510/1884
f 2135/2510/1884 2348/2725/2093 2132/2507/1881
f 2132/2507/1881 2346/2721/2089 2129/2500/1874
f 2126/2497/1871 2346/2721/2089 2344/2722/2090
f 2123/2494/1868 2344/2722/2090 2342/2718/2087
f 2120/2491/1865 2342/2718/2087 2340/2715/2085
f 2117/2488/1862 2340/2715/2085 2338/2712/2083
f 2115/2489/1863 2338/2712/2083 2336/2706/2080
f 2115/2489/1863 2334/2708/2081 2113/2487/1861
f 2235/2751/2110 2161/2533/1907 2232/2605/1979
f 2232/2605/1979 2163/2535/1909 2229/2602/1976
f 2229/2602/1976 2165/2537/1911 2226/2599/1973
f 2226/2599/1973 2167/2539/1913 2223/2597/1971
f 2220/2594/1968 2167/2539/1913 2169/2541/1915
f 2220/2594/1968 2171/2543/1917 2217/2591/1965
f 2217/2591/1965 2173/2545/1919 2214/2588/1962
f 2211/2585/1959 2173/2545/1919 2175/2547/1921
f 2211/2585/1959 2177/2549/1923 2208/2577/1951
f 2208/2577/1951 2179/2551/1925 2205/2578/1952
f 2205/2578/1952 2181/2553/1927 2202/2572/1946
f 2199/2569/1943 2181/2553/1927 2183/2555/1929
f 2196/2567/1941 2183/2555/1929 2185/2557/1931
f 2365/2752/2111 2370/2753/2112 2369/2754/2113
f 2367/2755/2114 2366/2756/2115 2365/2752/2111
f 2367/2755/2114 2368/2757/2116 2389/2758/2117
f 2365/2752/2111 2371/2759/2118 2368/2757/2116
f 2374/2760/2119 2371/2759/2118 2372/2761/2120
f 2374/2760/2119 2373/2762/2121 2376/2763/2122
f 2375/2764/2123 2368/2757/2116 2374/2760/2119
f 2375/2764/2123 2376/2763/2122 2377/2765/2124
f 2376/2763/2122 2379/2766/2125 2377/2765/2124
f 2378/2767/2126 2373/2762/2121 2381/2768/2127
f 2380/2769/2128 2379/2766/2125 2378/2767/2126
f 2378/2767/2126 2382/2770/2129 2380/2769/2128
f 2384/2771/2130 2382/2770/2129 2383/2772/2131
f 2384/2771/2130 2370/2753/2112 2366/2756/2115
f 2366/2756/2115 2385/2773/2132 2384/2771/2130
f 2380/2769/2128 2385/2773/2132 2387/2774/2133
f 2388/2775/2134 2385/2773/2132 2386/2776/2135
f 2388/2775/2134 2379/2766/2125 2387/2774/2133
f 2375/2764/2123 2388/2775/2134 2389/2758/2117
f 2367/2755/2114 2388/2775/2134 2386/2776/2135
f 2390/2777/2136 2395/2778/2137 2394/2779/2138
f 2392/2780/2139 2391/2781/2140 2390/2777/2136
f 2392/2780/2139 2393/2782/2141 2414/2783/2142
f 2390/2777/2136 2396/2784/2143 2393/2782/2141
f 2399/2785/2144 2396/2784/2143 2397/2786/2145
f 2399/2785/2144 2398/2787/2146 2401/2788/2147
f 2400/2789/2148 2393/2782/2141 2399/2785/2144
f 2400/2789/2148 2401/2788/2147 2402/2790/2149
f 2401/2788/2147 2404/2791/2150 2402/2790/2149
f 2403/2792/2151 2398/2787/2146 2406/2793/2152
f 2405/2794/2153 2404/2791/2150 2403/2792/2151
f 2403/2792/2151 2407/2795/2154 2405/2794/2153
f 2409/2796/2155 2407/2795/2154 2408/2797/2156
f 2409/2796/2155 2395/2778/2137 2391/2781/2140
f 2391/2781/2140 2410/2798/2157 2409/2796/2155
f 2405/2794/2153 2410/2798/2157 2412/2799/2158
f 2413/2800/2159 2410/2798/2157 2411/2801/2160
f 2413/2800/2159 2404/2791/2150 2412/2799/2158
f 2400/2789/2148 2413/2800/2159 2414/2783/2142
f 2392/2780/2139 2413/2800/2159 2411/2801/2160
f 2415/2802/2161 2420/2803/2162 2419/2804/2163
f 2417/2805/2164 2416/2806/2165 2415/2802/2161
f 2417/2805/2164 2418/2807/2166 2439/2808/2167
f 2418/2807/2166 2419/2804/2163 2421/2809/2168
f 2424/2810/2169 2421/2809/2168 2422/2811/2170
f 2424/2810/2169 2423/2812/2171 2426/2813/2172
f 2425/2814/2173 2418/2807/2166 2424/2810/2169
f 2425/2814/2173 2426/2813/2172 2427/2815/2174
f 2426/2813/2172 2429/2816/2175 2427/2815/2174
f 2428/2817/2176 2423/2812/2171 2431/2818/2177
f 2430/2819/2178 2429/2816/2175 2428/2817/2176
f 2428/2817/2176 2432/2820/2179 2430/2819/2178
f 2430/2819/2178 2433/2821/2180 2434/2822/2181
f 2434/2822/2181 2420/2803/2162 2416/2806/2165
f 2416/2806/2165 2435/2823/2182 2434/2822/2181
f 2430/2819/2178 2435/2823/2182 2437/2824/2183
f 2438/2825/2184 2435/2823/2182 2436/2826/2185
f 2438/2825/2184 2429/2816/2175 2437/2824/2183
f 2425/2814/2173 2438/2825/2184 2439/2808/2167
f 2417/2805/2164 2438/2825/2184 2436/2826/2185
f 2440/2827/2186 2445/2828/2187 2444/2829/2188
f 2442/2830/2189 2441/2831/2190 2440/2827/2186
f 2442/2830/2189 2443/2832/2191 2464/2833/2192
f 2440/2827/2186 2446/2834/2193 2443/2832/2191
f 2443/2832/2191 2447/2835/2194 2449/2836/2195
f 2449/2836/2195 2448/2837/2196 2451/2838/2197
f 2450/2839/2198 2443/2832/2191 2449/2836/2195
f 2450/2839/2198 2451/2838/2197 2452/2840/2199
f 2451/2838/2197 2454/2841/2200 2452/2840/2199
f 2453/2842/2201 2448/2837/2196 2456/2843/2202
f 2455/2844/2203 2454/2841/2200 2453/2842/2201
f 2455/2844/2203 2456/2843/2202 2457/2845/2204
f 2459/2846/2205 2457/2845/2204 2458/2847/2206
f 2459/2846/2205 2445/2828/2187 2441/2831/2190
f 2441/2831/2190 2460/2848/2207 2459/2846/2205
f 2455/2844/2203 2460/2848/2207 2462/2849/2208
f 2463/2850/2209 2460/2848/2207 2461/2851/2210
f 2463/2850/2209 2454/2841/2200 2462/2849/2208
f 2450/2839/2198 2463/2850/2209 2464/2833/2192
f 2442/2830/2189 2463/2850/2209 2461/2851/2210
f 24/1/1 25/5/5 2/2/2
f 47/4/4 48/7/7 25/5/5
f 70/6/6 71/9/9 48/7/7
f 93/8/8 94/11/11 71/9/9
f 116/10/10 117/13/13 94/11/11
f 139/12/12 140/15/15 117/13/13
f 162/14/14 163/17/17 140/15/15
f 185/16/16 186/19/19 163/17/17
f 208/18/18 209/74/21 186/19/19
f 231/20/20 232/24/23 209/21/21
f 254/23/22 255/26/25 232/24/23
f 277/25/24 278/28/27 255/26/25
f 300/27/26 301/30/29 278/28/27
f 323/29/28 324/32/31 301/30/29
f 346/31/30 347/34/33 324/32/31
f 369/33/32 370/36/35 347/34/33
f 392/35/34 393/38/37 370/36/35
f 415/37/36 416/40/39 393/38/37
f 438/39/38 439/42/41 416/40/39
f 461/41/40 462/44/43 439/42/41
f 484/43/42 485/46/45 462/44/43
f 507/45/44 508/48/47 485/46/45
f 530/47/46 531/50/49 508/48/47
f 553/49/48 554/52/51 531/50/49
f 576/51/50 577/54/53 554/52/51
f 599/53/52 600/56/55 577/54/53
f 622/55/54 623/58/57 600/56/55
f 645/57/56 646/60/59 623/58/57
f 668/59/58 669/62/61 646/60/59
f 691/61/60 692/64/63 669/62/61
f 714/63/62 715/65/64 692/64/63
f 1/3/3 2/2/2 715/65/64
f 25/5/5 26/67/66 3/66/65
f 48/7/7 49/68/67 26/67/66
f 71/9/9 72/69/68 49/68/67
f 94/11/11 95/70/69 72/69/68
f 117/13/13 118/71/70 95/70/69
f 140/15/15 141/72/71 118/71/70
f 163/17/17 164/73/72 141/72/71
f 186/19/19 187/75/73 164/73/72
f 209/74/21 210/327/74 187/75/73
f 232/24/23 233/77/75 210/76/74
f 255/26/25 256/78/76 233/77/75
f 278/28/27 279/79/77 256/78/76
f 301/30/29 302/80/78 279/79/77
f 324/32/31 325/81/79 302/80/78
f 347/34/33 348/82/80 325/81/79
f 370/36/35 371/83/81 348/82/80
f 393/38/37 394/84/82 371/83/81
f 416/40/39 417/85/83 394/84/82
f 439/42/41 440/86/84 417/85/83
f 462/44/43 463/87/85 440/86/84
f 485/46/45 486/88/86 463/87/85
f 508/48/47 509/89/87 486/88/86
f 531/50/49 532/90/88 509/89/87
f 554/52/51 555/91/89 532/90/88
f 577/54/53 578/92/90 555/91/89
f 600/56/55 601/93/91 578/92/90
f 623/58/57 624/94/92 601/93/91
f 646/60/59 647/95/93 624/94/92
f 669/62/61 670/96/94 647/95/93
f 692/64/63 693/97/95 670/96/94
f 715/65/64 716/98/96 693/97/95
f 2/2/2 3/66/65 716/98/96
f 33/99/97 10/161/158 9/100/98
f 56/102/100 33/99/97 32/101/99
f 79/104/102 56/102/100 55/103/101
f 102/106/104 79/104/102 78/105/103
f 125/108/106 102/106/104 101/107/105
f 148/110/108 125/108/106 124/109/107
f 171/112/110 148/110/108 147/111/109
f 194/114/112 171/112/110 170/113/111
f 217/116/114 194/114/112 193/115/113
f 240/118/116 217/339/114 216/119/115
f 263/121/118 240/118/116 239/120/117
f 286/123/120 263/121/118 262/122/119
f 309/125/122 286/123/120 285/124/121
f 332/127/124 309/125/122 308/126/123
f 355/129/126 332/127/124 331/128/125
f 378/131/128 355/129/126 354/130/127
f 401/133/130 378/131/128 377/132/129
f 424/135/132 401/133/130 400/134/131
f 446/137/134 447/348/338 424/135/132
f 470/138/135 447/348/338 446/137/134
f 493/140/137 470/138/135 469/139/136
f 516/142/139 493/140/137 492/141/138
f 539/144/141 516/142/139 515/143/140
f 562/146/143 539/144/141 538/145/142
f 585/148/145 562/146/143 561/147/144
f 607/150/147 608/356/346 585/148/145
f 631/151/148 608/356/346 607/150/147
f 654/153/150 631/151/148 630/152/149
f 677/155/152 654/153/150 653/154/151
f 700/157/154 677/155/152 676/156/153
f 723/159/156 700/157/154 699/158/155
f 10/161/158 723/159/156 722/160/157
f 27/162/159 28/224/220 5/163/160
f 51/165/162 28/224/220 27/162/159
f 74/167/164 51/165/162 50/166/163
f 97/169/166 74/167/164 73/168/165
f 120/171/168 97/169/166 96/170/167
f 143/173/170 120/171/168 119/172/169
f 166/175/172 143/173/170 142/174/171
f 189/177/174 166/175/172 165/176/173
f 212/179/176 189/177/174 188/178/175
f 235/181/178 212/233/176 211/182/177
f 258/184/180 235/181/178 234/183/179
f 281/186/182 258/184/180 257/185/181
f 304/188/184 281/186/182 280/187/183
f 326/190/186 327/192/188 304/188/184
f 349/191/187 350/238/233 327/192/188
f 373/193/189 350/238/233 349/191/187
f 396/195/191 373/193/189 372/194/190
f 419/197/193 396/195/191 395/196/192
f 441/199/195 442/243/238 419/197/193
f 465/200/196 442/243/238 441/199/195
f 488/202/198 465/200/196 464/201/197
f 511/204/200 488/202/198 487/203/199
f 534/206/202 511/204/200 510/205/201
f 557/208/204 534/206/202 533/207/203
f 580/210/206 557/208/204 556/209/205
f 603/212/208 580/210/206 579/211/207
f 626/214/210 603/212/208 602/213/209
f 649/216/212 626/214/210 625/215/211
f 671/218/214 672/220/216 649/216/212
f 694/219/215 695/254/249 672/220/216
f 718/221/217 695/254/249 694/219/215
f 4/164/161 5/163/160 718/221/217
f 51/165/162 52/259/254 29/223/219
f 75/225/221 52/259/254 51/165/162
f 98/226/222 75/225/221 74/167/164
f 121/227/223 98/226/222 97/169/166
f 144/228/224 121/227/223 120/171/168
f 167/229/225 144/228/224 143/173/170
f 190/230/226 167/229/225 166/175/172
f 213/231/227 190/230/226 189/177/174
f 236/232/228 213/267/227 212/233/176
f 259/234/229 236/232/228 235/181/178
f 282/235/230 259/234/229 258/184/180
f 305/236/231 282/235/230 281/186/182
f 328/237/232 305/236/231 304/188/184
f 350/238/233 351/239/234 328/237/232
f 373/193/189 374/240/235 351/239/234
f 396/195/191 397/274/268 374/240/235
f 420/241/236 397/274/268 396/195/191
f 443/242/237 420/241/236 419/197/193
f 466/244/239 443/242/237 442/243/238
f 489/245/240 466/244/239 465/200/196
f 512/246/241 489/245/240 488/202/198
f 535/247/242 512/246/241 511/204/200
f 558/248/243 535/247/242 534/206/202
f 581/249/244 558/248/243 557/208/204
f 604/250/245 581/249/244 580/210/206
f 627/251/246 604/250/245 603/212/208
f 650/252/247 627/251/246 626/214/210
f 673/253/248 650/252/247 649/216/212
f 695/254/249 696/286/280 673/253/248
f 719/255/250 696/286/280 695/254/249
f 5/163/160 6/257/252 719/255/250
f 30/256/251 7/318/311 6/257/252
f 53/258/253 30/256/251 29/223/219
f 76/260/255 53/258/253 52/259/254
f 98/226/222 99/261/256 76/260/255
f 121/227/223 122/292/286 99/261/256
f 145/262/257 122/292/286 121/227/223
f 168/263/258 145/262/257 144/228/224
f 191/264/259 168/263/258 167/229/225
f 214/265/260 191/264/259 190/230/226
f 237/266/261 214/296/260 213/267/227
f 260/268/262 237/266/261 236/232/228
f 283/269/263 260/268/262 259/234/229
f 306/270/264 283/269/263 282/235/230
f 329/271/265 306/270/264 305/236/231
f 352/272/266 329/271/265 328/237/232
f 375/273/267 352/272/266 351/239/234
f 397/274/268 398/304/297 375/273/267
f 421/275/269 398/304/297 397/274/268
f 443/242/237 444/276/270 421/275/269
f 466/244/239 467/277/271 444/276/270
f 489/245/240 490/308/301 467/277/271
f 513/278/272 490/308/301 489/245/240
f 536/279/273 513/278/272 512/246/241
f 559/280/274 536/279/273 535/247/242
f 582/281/275 559/280/274 558/248/243
f 605/282/276 582/281/275 581/249/244
f 628/283/277 605/282/276 604/250/245
f 651/284/278 628/283/277 627/251/246
f 674/285/279 651/284/278 650/252/247
f 696/286/280 697/287/281 674/285/279
f 719/255/250 720/288/282 697/287/281
f 6/257/252 7/318/311 720/288/282
f 54/289/283 31/319/312 30/256/251
f 77/290/284 54/289/283 53/258/253
f 99/261/256 100/320/313 77/290/284
f 123/291/285 100/320/313 99/261/256
f 145/262/257 146/293/287 123/291/285
f 168/263/258 169/321/314 146/293/287
f 192/294/288 169/321/314 168/263/258
f 214/265/260 215/322/289 192/294/288
f 237/266/261 238/297/290 215/295/289
f 260/268/262 261/323/315 238/297/290
f 284/298/291 261/323/315 260/268/262
f 307/299/292 284/298/291 283/269/263
f 330/300/293 307/299/292 306/270/264
f 353/301/294 330/300/293 329/271/265
f 376/302/295 353/301/294 352/272/266
f 399/303/296 376/302/295 375/273/267
f 422/305/298 399/303/296 398/304/297
f 445/306/299 422/305/298 421/275/269
f 467/277/271 468/324/316 445/306/299
f 491/307/300 468/324/316 467/277/271
f 514/309/302 491/307/300 490/308/301
f 536/279/273 537/310/303 514/309/302
f 559/280/274 560/311/304 537/310/303
f 582/281/275 583/312/305 560/311/304
f 605/282/276 606/313/306 583/312/305
f 628/283/277 629/314/307 606/313/306
f 651/284/278 652/315/308 629/314/307
f 674/285/279 675/325/317 652/315/308
f 698/316/309 675/325/317 674/285/279
f 721/317/310 698/316/309 697/287/281
f 7/318/311 8/326/318 721/317/310
f 28/224/220 29/223/219 6/257/252
f 55/103/101 32/101/99 31/319/312
f 78/105/103 55/103/101 54/289/283
f 100/320/313 101/107/105 78/105/103
f 123/291/285 124/109/107 101/107/105
f 146/293/287 147/111/109 124/109/107
f 169/321/314 170/113/111 147/111/109
f 192/294/288 193/115/113 170/113/111
f 215/322/289 216/117/115 193/115/113
f 238/297/290 239/120/117 216/119/115
f 261/323/315 262/122/119 239/120/117
f 284/298/291 285/124/121 262/122/119
f 307/299/292 308/126/123 285/124/121
f 331/128/125 308/126/123 307/299/292
f 353/301/294 354/130/127 331/128/125
f 377/132/129 354/130/127 353/301/294
f 400/134/131 377/132/129 376/302/295
f 423/136/133 400/134/131 399/303/296
f 445/306/299 446/137/134 423/136/133
f 468/324/316 469/139/136 446/137/134
f 491/307/300 492/141/138 469/139/136
f 514/309/302 515/143/140 492/141/138
f 537/310/303 538/145/142 515/143/140
f 560/311/304 561/147/144 538/145/142
f 583/312/305 584/149/146 561/147/144
f 606/313/306 607/150/147 584/149/146
f 629/314/307 630/152/149 607/150/147
f 652/315/308 653/154/151 630/152/149
f 675/325/317 676/156/153 653/154/151
f 699/158/155 676/156/153 675/325/317
f 722/160/157 699/158/155 698/316/309
f 9/100/98 722/160/157 721/317/310
f 50/166/163 27/162/159 26/67/66
f 73/168/165 50/166/163 49/68/67
f 96/170/167 73/168/165 72/69/68
f 119/172/169 96/170/167 95/70/69
f 142/174/171 119/172/169 118/71/70
f 165/176/173 142/174/171 141/72/71
f 188/178/175 165/176/173 164/73/72
f 211/180/177 188/178/175 187/75/73
f 234/183/179 211/182/177 210/76/74
f 257/185/181 234/183/179 233/77/75
f 280/187/183 257/185/181 256/78/76
f 303/189/185 280/187/183 279/79/77
f 326/190/186 303/189/185 302/80/78
f 349/191/187 326/190/186 325/81/79
f 372/194/190 349/191/187 348/82/80
f 395/196/192 372/194/190 371/83/81
f 418/198/194 395/196/192 394/84/82
f 441/199/195 418/198/194 417/85/83
f 464/201/197 441/199/195 440/86/84
f 487/203/199 464/201/197 463/87/85
f 510/205/201 487/203/199 486/88/86
f 533/207/203 510/205/201 509/89/87
f 556/209/205 533/207/203 532/90/88
f 579/211/207 556/209/205 555/91/89
f 602/213/209 579/211/207 578/92/90
f 625/215/211 602/213/209 601/93/91
f 648/217/213 625/215/211 624/94/92
f 671/218/214 648/217/213 647/95/93
f 694/219/215 671/218/214 670/96/94
f 717/222/218 694/219/215 693/97/95
f 3/66/65 4/164/161 717/222/218
f 41/328/319 18/621/574 17/329/320
f 34/331/322 11/361/351 10/161/158
f 56/102/100 57/363/353 34/331/322
f 80/332/323 57/363/353 56/102/100
f 102/106/104 103/367/357 80/332/323
f 126/333/324 103/367/357 102/106/104
f 149/334/325 126/333/324 125/108/106
f 172/335/326 149/334/325 148/110/108
f 195/336/327 172/335/326 171/112/110
f 218/337/328 195/336/327 194/114/112
f 241/338/329 218/374/328 217/339/114
f 264/340/330 241/338/329 240/118/116
f 287/341/331 264/340/330 263/121/118
f 310/342/332 287/341/331 286/123/120
f 333/343/333 310/342/332 309/125/122
f 355/129/126 356/344/334 333/343/333
f 378/131/128 379/379/368 356/344/334
f 402/345/335 379/379/368 378/131/128
f 425/346/336 402/345/335 401/133/130
f 448/347/337 425/346/336 424/135/132
f 471/349/339 448/347/337 447/348/338
f 494/350/340 471/349/339 470/138/135
f 517/351/341 494/350/340 493/140/137
f 540/352/342 517/351/341 516/142/139
f 563/353/343 540/352/342 539/144/141
f 586/354/344 563/353/343 562/146/143
f 609/355/345 586/354/344 585/148/145
f 632/357/347 609/355/345 608/356/346
f 655/358/348 632/357/347 631/151/148
f 677/155/152 678/359/349 655/358/348
f 700/157/154 701/360/350 678/359/349
f 723/159/156 724/396/385 701/360/350
f 11/361/351 724/396/385 723/159/156
f 34/331/322 35/364/354 12/362/352
f 57/363/353 58/2852/386 35/364/354
f 81/365/355 58/2852/386 57/363/353
f 104/366/356 81/365/355 80/332/323
f 127/368/358 104/366/356 103/367/357
f 150/369/359 127/368/358 126/333/324
f 173/370/360 150/369/359 149/334/325
f 196/371/361 173/370/360 172/335/326
f 219/372/362 196/371/361 195/336/327
f 242/373/363 219/2853/362 218/374/328
f 265/375/364 242/373/363 241/338/329
f 288/376/365 265/375/364 264/340/330
f 311/377/366 288/376/365 287/341/331
f 334/378/367 311/377/366 310/342/332
f 356/344/334 357/380/369 334/378/367
f 379/379/368 380/381/370 357/380/369
f 402/345/335 403/382/371 380/381/370
f 425/346/336 426/383/372 403/382/371
f 448/347/337 449/2854/404 426/383/372
f 472/384/373 449/2854/404 448/347/337
f 495/385/374 472/384/373 471/349/339
f 518/386/375 495/385/374 494/350/340
f 541/387/376 518/386/375 517/351/341
f 564/388/377 541/387/376 540/352/342
f 587/389/378 564/388/377 563/353/343
f 610/390/379 587/389/378 586/354/344
f 633/391/380 610/390/379 609/355/345
f 656/392/381 633/391/380 632/357/347
f 679/393/382 656/392/381 655/358/348
f 702/394/383 679/393/382 678/359/349
f 725/395/384 702/394/383 701/360/350
f 12/362/352 725/395/384 724/396/385
f 58/397/386 59/460/418 36/398/387
f 82/400/388 59/460/418 58/397/386
f 105/402/389 82/400/388 81/401/355
f 128/404/390 105/402/389 104/403/356
f 151/406/391 128/404/390 127/405/358
f 174/408/392 151/406/391 150/407/359
f 197/410/393 174/408/392 173/409/360
f 220/412/394 197/410/393 196/411/361
f 243/414/395 220/469/394 219/415/362
f 266/417/396 243/414/395 242/416/363
f 289/419/397 266/417/396 265/418/364
f 312/421/398 289/419/397 288/420/365
f 335/423/399 312/421/398 311/422/366
f 357/425/369 358/427/400 335/423/399
f 380/426/370 381/429/401 358/427/400
f 403/428/371 404/431/402 381/429/401
f 426/430/372 427/477/434 404/431/402
f 450/432/403 427/477/434 426/430/372
f 473/434/405 450/432/403 449/433/404
f 496/436/406 473/434/405 472/435/373
f 519/438/407 496/436/406 495/437/374
f 542/440/408 519/438/407 518/439/375
f 565/442/409 542/440/408 541/441/376
f 588/444/410 565/442/409 564/443/377
f 611/446/411 588/444/410 587/445/378
f 634/448/412 611/446/411 610/447/379
f 657/450/413 634/448/412 633/449/380
f 679/452/382 680/488/445 657/450/413
f 703/453/414 680/488/445 679/452/382
f 726/455/415 703/453/414 702/454/383
f 12/457/352 13/459/417 726/455/415
f 36/398/387 37/461/419 14/458/416
f 59/460/418 60/493/450 37/461/419
f 83/462/420 60/493/450 59/460/418
f 106/463/421 83/462/420 82/400/388
f 129/464/422 106/463/421 105/402/389
f 152/465/423 129/464/422 128/404/390
f 174/408/392 175/498/455 152/465/423
f 198/466/424 175/498/455 174/408/392
f 221/467/425 198/466/424 197/410/393
f 244/468/426 221/502/425 220/469/394
f 267/470/427 244/468/426 243/414/395
f 290/471/428 267/470/427 266/417/396
f 313/472/429 290/471/428 289/419/397
f 336/473/430 313/472/429 312/421/398
f 359/474/431 336/473/430 335/423/399
f 382/475/432 359/474/431 358/427/400
f 405/476/433 382/475/432 381/429/401
f 427/477/434 428/510/466 405/476/433
f 451/478/435 428/510/466 427/477/434
f 474/479/436 451/478/435 450/432/403
f 497/480/437 474/479/436 473/434/405
f 520/481/438 497/480/437 496/436/406
f 543/482/439 520/481/438 519/438/407
f 566/483/440 543/482/439 542/440/408
f 589/484/441 566/483/440 565/442/409
f 612/485/442 589/484/441 588/444/410
f 635/486/443 612/485/442 611/446/411
f 658/487/444 635/486/443 634/448/412
f 680/488/445 681/521/477 658/487/444
f 704/489/446 681/521/477 680/488/445
f 726/455/415 727/490/447 704/489/446
f 13/459/417 14/458/416 727/490/447
f 38/491/448 15/524/480 14/458/416
f 61/492/449 38/491/448 37/461/419
f 83/462/420 84/494/451 61/492/449
f 106/463/421 107/495/452 84/494/451
f 129/464/422 130/528/484 107/495/452
f 153/496/453 130/528/484 129/464/422
f 176/497/454 153/496/453 152/465/423
f 199/499/456 176/497/454 175/498/455
f 222/500/457 199/499/456 198/466/424
f 245/501/458 222/533/457 221/502/425
f 268/503/459 245/501/458 244/468/426
f 290/471/428 291/504/460 268/503/459
f 313/472/429 314/537/492 291/504/460
f 337/505/461 314/537/492 313/472/429
f 360/506/462 337/505/461 336/473/430
f 383/507/463 360/506/462 359/474/431
f 406/508/464 383/507/463 382/475/432
f 429/509/465 406/508/464 405/476/433
f 451/478/435 452/511/467 429/509/465
f 474/479/436 475/512/468 452/511/467
f 497/480/437 498/513/469 475/512/468
f 520/481/438 521/545/500 498/513/469
f 544/514/470 521/545/500 520/481/438
f 567/515/471 544/514/470 543/482/439
f 590/516/472 567/515/471 566/483/440
f 613/517/473 590/516/472 589/484/441
f 636/518/474 613/517/473 612/485/442
f 659/519/475 636/518/474 635/486/443
f 682/520/476 659/519/475 658/487/444
f 705/522/478 682/520/476 681/521/477
f 728/523/479 705/522/478 704/489/446
f 15/524/480 728/523/479 727/490/447
f 39/525/481 16/554/509 15/524/480
f 61/492/449 62/556/511 39/525/481
f 85/526/482 62/556/511 61/492/449
f 108/527/483 85/526/482 84/494/451
f 130/528/484 131/559/514 108/527/483
f 154/529/485 131/559/514 130/528/484
f 176/497/454 177/530/486 154/529/485
f 199/499/456 200/531/487 177/530/486
f 222/500/457 223/562/488 200/531/487
f 245/501/458 246/534/489 223/532/488
f 268/503/459 269/535/490 246/534/489
f 291/504/460 292/566/520 269/535/490
f 315/536/491 292/566/520 291/504/460
f 337/505/461 338/538/493 315/536/491
f 360/506/462 361/571/525 338/538/493
f 384/539/494 361/571/525 360/506/462
f 407/540/495 384/539/494 383/507/463
f 430/541/496 407/540/495 406/508/464
f 453/542/497 430/541/496 429/509/465
f 475/512/468 476/577/531 453/542/497
f 499/543/498 476/577/531 475/512/468
f 522/544/499 499/543/498 498/513/469
f 545/546/501 522/544/499 521/545/500
f 567/515/471 568/547/502 545/546/501
f 590/516/472 591/548/503 568/547/502
f 613/517/473 614/549/504 591/548/503
f 636/518/474 637/550/505 614/549/504
f 659/519/475 660/551/506 637/550/505
f 682/520/476 683/552/507 660/551/506
f 705/522/478 706/553/508 683/552/507
f 728/523/479 729/587/541 706/553/508
f 16/554/509 729/587/541 728/523/479
f 40/330/321 17/329/320 16/554/509
f 63/555/510 40/330/321 39/525/481
f 85/526/482 86/557/512 63/555/510
f 108/527/483 109/590/544 86/557/512
f 132/558/513 109/590/544 108/527/483
f 154/529/485 155/560/515 132/558/513
f 177/530/486 178/561/516 155/560/515
f 200/531/487 201/563/517 178/561/516
f 223/562/488 224/595/518 201/563/517
f 246/534/489 247/565/519 224/564/518
f 269/535/490 270/567/521 247/565/519
f 292/566/520 293/599/552 270/567/521
f 316/568/522 293/599/552 292/566/520
f 339/569/523 316/568/522 315/536/491
f 362/570/524 339/569/523 338/538/493
f 385/572/526 362/570/524 361/571/525
f 408/573/527 385/572/526 384/539/494
f 431/574/528 408/573/527 407/540/495
f 454/575/529 431/574/528 430/541/496
f 477/576/530 454/575/529 453/542/497
f 500/578/532 477/576/530 476/577/531
f 522/544/499 523/579/533 500/578/532
f 545/546/501 546/580/534 523/579/533
f 568/547/502 569/581/535 546/580/534
f 591/548/503 592/582/536 569/581/535
f 614/549/504 615/583/537 592/582/536
f 637/550/505 638/614/567 615/583/537
f 661/584/538 638/614/567 637/550/505
f 683/552/507 684/618/571 661/584/538
f 707/585/539 684/618/571 683/552/507
f 730/586/540 707/585/539 706/553/508
f 17/329/320 730/586/540 729/587/541
f 64/588/542 41/328/319 40/330/321
f 87/589/543 64/588/542 63/555/510
f 109/590/544 110/591/545 87/589/543
f 132/558/513 133/592/546 110/591/545
f 155/560/515 156/593/547 133/592/546
f 178/561/516 179/594/548 156/593/547
f 201/563/517 202/596/549 179/594/548
f 224/595/518 225/2855/550 202/596/549
f 247/565/519 248/598/551 225/597/550
f 270/567/521 271/600/553 248/598/551
f 293/599/552 294/2856/583 271/600/553
f 317/601/554 294/2856/583 293/599/552
f 340/602/555 317/601/554 316/568/522
f 363/603/556 340/602/555 339/569/523
f 386/604/557 363/603/556 362/570/524
f 409/605/558 386/604/557 385/572/526
f 432/606/559 409/605/558 408/573/527
f 455/607/560 432/606/559 431/574/528
f 478/608/561 455/607/560 454/575/529
f 500/578/532 501/609/562 478/608/561
f 523/579/533 524/610/563 501/609/562
f 546/580/534 547/611/564 524/610/563
f 569/581/535 570/612/565 547/611/564
f 592/582/536 593/613/566 570/612/565
f 615/583/537 616/615/568 593/613/566
f 638/614/567 639/616/569 616/615/568
f 661/584/538 662/2857/600 639/616/569
f 685/617/570 662/2857/600 661/584/538
f 708/619/572 685/617/570 684/618/571
f 731/620/573 708/619/572 707/585/539
f 18/621/574 731/620/573 730/586/540
f 42/622/575 19/682/604 18/623/574
f 65/625/576 42/622/575 41/624/319
f 88/627/577 65/625/576 64/626/542
f 110/629/545 111/631/578 88/627/577
f 133/630/546 134/688/610 111/631/578
f 157/632/579 134/688/610 133/630/546
f 180/634/580 157/632/579 156/633/547
f 202/636/549 203/638/581 180/634/580
f 225/637/550 226/692/614 203/638/581
f 249/639/582 226/694/614 225/640/550
f 271/642/553 272/644/584 249/639/582
f 294/643/583 295/697/618 272/644/584
f 318/645/585 295/697/618 294/643/583
f 341/647/586 318/645/585 317/646/554
f 364/649/587 341/647/586 340/648/555
f 387/651/588 364/649/587 363/650/556
f 410/653/589 387/651/588 386/652/557
f 433/655/590 410/653/589 409/654/558
f 456/657/591 433/655/590 432/656/559
f 479/659/592 456/657/591 455/658/560
f 502/661/593 479/659/592 478/660/561
f 525/663/594 502/661/593 501/662/562
f 548/665/595 525/663/594 524/664/563
f 571/667/596 548/665/595 547/666/564
f 593/669/566 594/671/597 571/667/596
f 616/670/568 617/711/632 594/671/597
f 640/672/598 617/711/632 616/670/568
f 663/674/599 640/672/598 639/673/569
f 686/676/601 663/674/599 662/675/600
f 709/678/602 686/676/601 685/677/570
f 732/680/603 709/678/602 708/679/572
f 19/682/604 732/680/603 731/681/573
f 43/683/605 20/717/638 19/682/604
f 66/684/606 43/683/605 42/622/575
f 89/685/607 66/684/606 65/625/576
f 112/686/608 89/685/607 88/627/577
f 135/687/609 112/686/608 111/631/578
f 158/689/611 135/687/609 134/688/610
f 181/690/612 158/689/611 157/632/579
f 204/691/613 181/690/612 180/634/580
f 226/692/614 227/726/647 204/691/613
f 250/693/615 227/728/647 226/694/614
f 273/695/616 250/693/615 249/639/582
f 296/696/617 273/695/616 272/644/584
f 318/645/585 319/731/651 296/696/617
f 342/698/619 319/731/651 318/645/585
f 365/699/620 342/698/619 341/647/586
f 388/700/621 365/699/620 364/649/587
f 411/701/622 388/700/621 387/651/588
f 434/702/623 411/701/622 410/653/589
f 457/703/624 434/702/623 433/655/590
f 480/704/625 457/703/624 456/657/591
f 503/705/626 480/704/625 479/659/592
f 526/706/627 503/705/626 502/661/593
f 549/707/628 526/706/627 525/663/594
f 572/708/629 549/707/628 548/665/595
f 595/709/630 572/708/629 571/667/596
f 618/710/631 595/709/630 594/671/597
f 641/712/633 618/710/631 617/711/632
f 664/713/634 641/712/633 640/672/598
f 687/714/635 664/713/634 663/674/599
f 710/715/636 687/714/635 686/676/601
f 733/716/637 710/715/636 709/678/602
f 20/717/638 733/716/637 732/680/603
f 43/683/605 44/719/640 21/718/639
f 66/684/606 67/720/641 44/719/640
f 89/685/607 90/721/642 67/720/641
f 112/686/608 113/751/671 90/721/642
f 136/722/643 113/751/671 112/686/608
f 158/689/611 159/753/673 136/722/643
f 182/723/644 159/753/673 158/689/611
f 205/724/645 182/723/644 181/690/612
f 228/725/646 205/724/645 204/691/613
f 251/727/648 228/758/646 227/728/647
f 273/695/616 274/759/677 251/727/648
f 297/729/649 274/759/677 273/695/616
f 320/730/650 297/729/649 296/696/617
f 342/698/619 343/732/652 320/730/650
f 365/699/620 366/765/683 343/732/652
f 389/733/653 366/765/683 365/699/620
f 412/734/654 389/733/653 388/700/621
f 435/735/655 412/734/654 411/701/622
f 457/703/624 458/736/656 435/735/655
f 480/704/625 481/771/689 458/736/656
f 504/737/657 481/771/689 480/704/625
f 527/738/658 504/737/657 503/705/626
f 550/739/659 527/738/658 526/706/627
f 573/740/660 550/739/659 549/707/628
f 595/709/630 596/776/694 573/740/660
f 619/741/661 596/776/694 595/709/630
f 642/742/662 619/741/661 618/710/631
f 665/743/663 642/742/662 641/712/633
f 688/744/664 665/743/663 664/713/634
f 710/715/636 711/745/665 688/744/664
f 733/716/637 734/746/666 711/745/665
f 20/717/638 21/718/639 734/746/666
f 45/747/667 22/782/700 21/718/639
f 68/748/668 45/747/667 44/719/640
f 91/749/669 68/748/668 67/720/641
f 114/750/670 91/749/669 90/721/642
f 137/752/672 114/750/670 113/751/671
f 159/753/673 160/754/674 137/752/672
f 182/723/644 183/755/675 160/754/674
f 205/724/645 206/789/707 183/755/675
f 229/756/676 206/789/707 205/724/645
f 251/727/648 252/760/678 229/757/676
f 274/759/677 275/761/679 252/760/678
f 297/729/649 298/794/712 275/761/679
f 321/762/680 298/794/712 297/729/649
f 344/763/681 321/762/680 320/730/650
f 367/764/682 344/763/681 343/732/652
f 390/766/684 367/764/682 366/765/683
f 413/767/685 390/766/684 389/733/653
f 436/768/686 413/767/685 412/734/654
f 459/769/687 436/768/686 435/735/655
f 482/770/688 459/769/687 458/736/656
f 504/737/657 505/772/690 482/770/688
f 527/738/658 528/773/691 505/772/690
f 550/739/659 551/774/692 528/773/691
f 573/740/660 574/805/723 551/774/692
f 597/775/693 574/805/723 573/740/660
f 620/777/695 597/775/693 596/776/694
f 642/742/662 643/778/696 620/777/695
f 665/743/663 666/779/697 643/778/696
f 688/744/664 689/812/730 666/779/697
f 712/780/698 689/812/730 688/744/664
f 735/781/699 712/780/698 711/745/665
f 22/782/700 735/781/699 734/746/666
f 46/783/701 23/814/732 22/782/700
f 69/784/702 46/783/701 45/747/667
f 91/749/669 92/785/703 69/784/702
f 114/750/670 115/786/704 92/785/703
f 137/752/672 138/787/705 115/786/704
f 160/754/674 161/788/706 138/787/705
f 183/755/675 184/790/708 161/788/706
f 206/789/707 207/791/709 184/790/708
f 229/756/676 230/821/710 207/791/709
f 252/760/678 253/823/740 230/792/710
f 276/793/711 253/823/740 252/760/678
f 298/794/712 299/826/743 276/793/711
f 322/795/713 299/826/743 298/794/712
f 345/796/714 322/795/713 321/762/680
f 368/797/715 345/796/714 344/763/681
f 391/798/716 368/797/715 367/764/682
f 414/799/717 391/798/716 390/766/684
f 437/800/718 414/799/717 413/767/685
f 460/801/719 437/800/718 436/768/686
f 482/770/688 483/802/720 460/801/719
f 505/772/690 506/803/721 483/802/720
f 528/773/691 529/804/722 506/803/721
f 551/774/692 552/806/724 529/804/722
f 574/805/723 575/807/725 552/806/724
f 597/775/693 598/808/726 575/807/725
f 620/777/695 621/809/727 598/808/726
f 643/778/696 644/810/728 621/809/727
f 666/779/697 667/842/759 644/810/728
f 690/811/729 667/842/759 666/779/697
f 713/813/731 690/811/729 689/812/730
f 735/781/699 736/847/764 713/813/731
f 23/814/732 736/847/764 735/781/699
f 737/815/733 738/848/765 23/814/732
f 739/816/734 737/815/733 46/783/701
f 740/817/735 739/816/734 69/784/702
f 115/786/704 755/818/736 740/817/735
f 138/787/705 741/819/737 755/818/736
f 161/788/706 742/2858/767 741/819/737
f 756/820/738 742/2858/767 161/788/706
f 207/791/709 743/822/739 756/820/738
f 230/821/710 744/2859/741 743/822/739
f 253/823/740 757/825/742 744/824/741
f 276/793/711 745/827/744 757/825/742
f 299/826/743 758/828/745 745/827/744
f 322/795/713 759/2860/768 758/828/745
f 760/829/746 759/2860/768 322/795/713
f 761/830/747 760/829/746 345/796/714
f 762/831/748 761/830/747 368/797/715
f 763/832/749 762/831/748 391/798/716
f 746/833/750 763/832/749 414/799/717
f 747/834/751 746/833/750 437/800/718
f 748/835/752 747/834/751 460/801/719
f 764/836/753 748/835/752 483/802/720
f 529/804/722 765/837/754 764/836/753
f 552/806/724 749/838/755 765/837/754
f 575/807/725 766/839/756 749/838/755
f 598/808/726 750/840/757 766/839/756
f 621/809/727 767/841/758 750/840/757
f 644/810/728 751/843/760 767/841/758
f 667/842/759 768/844/761 751/843/760
f 690/811/729 769/2861/769 768/844/761
f 752/845/762 769/2861/769 690/811/729
f 753/846/763 752/845/762 713/813/731
f 738/848/765 753/846/763 736/847/764
f 27/162/159 4/164/161 3/66/65
f 35/399/354 36/398/387 13/459/417
f 32/101/99 9/100/98 8/326/318
f 31/319/312 8/326/318 7/318/311
f 772/882/770 797/908/796 771/883/771
f 770/884/772 771/883/771 775/885/773
f 773/886/774 775/885/773 776/887/775
f 775/885/773 777/890/778 778/889/777
f 771/883/771 779/893/781 777/890/778
f 780/891/779 781/895/783 778/889/777
f 782/892/780 780/891/779 777/890/778
f 783/894/782 784/1029/911 781/895/783
f 785/896/784 783/894/782 780/891/779
f 787/897/785 784/1029/911 783/894/782
f 786/898/786 783/894/782 785/896/784
f 789/900/788 788/899/787 785/896/784
f 789/900/788 791/901/789 792/902/790
f 791/901/789 785/896/784 782/892/780
f 794/905/793 792/902/790 791/901/789
f 793/904/792 782/892/780 779/893/781
f 794/905/793 793/904/792 795/906/794
f 797/908/796 795/906/794 779/893/781
f 798/909/797 796/907/795 795/906/794
f 800/910/798 798/909/797 797/908/796
f 799/911/799 807/916/804 796/907/795
f 801/912/800 799/911/799 798/909/797
f 802/913/801 804/915/803 799/911/799
f 803/914/802 805/917/805 804/915/803
f 804/915/803 806/918/806 807/916/804
f 805/917/805 808/921/809 806/918/806
f 809/919/807 810/923/811 807/916/804
f 811/920/808 809/919/807 806/918/806
f 812/922/810 813/926/814 810/923/811
f 814/924/812 812/922/810 809/919/807
f 815/925/813 816/1030/912 813/926/814
f 815/925/813 812/922/810 814/924/812
f 818/928/816 817/927/815 814/924/812
f 818/928/816 820/929/817 821/930/818
f 820/929/817 814/924/812 811/920/808
f 821/930/818 820/929/817 822/932/820
f 822/932/820 811/920/808 808/921/809
f 823/933/821 822/932/820 824/934/822
f 826/936/824 824/934/822 808/921/809
f 827/937/825 825/935/823 824/934/822
f 828/938/826 826/936/824 805/917/805
f 829/939/827 827/937/825 826/936/824
f 830/940/828 832/942/830 827/937/825
f 831/941/829 833/943/831 832/942/830
f 832/942/830 834/944/832 825/935/823
f 833/943/831 835/947/835 834/944/832
f 836/945/833 823/933/821 825/935/823
f 837/946/834 836/945/833 834/944/832
f 836/945/833 838/949/837 821/930/818
f 839/948/836 838/949/837 836/945/833
f 819/931/819 821/930/818 838/949/837
f 840/950/838 838/949/837 839/948/836
f 841/951/839 839/948/836 844/952/840
f 842/953/841 844/952/840 845/954/842
f 844/952/840 839/948/836 837/946/834
f 845/954/842 844/952/840 846/956/844
f 848/958/846 846/956/844 837/946/834
f 849/959/847 847/957/845 846/956/844
f 850/960/848 848/958/846 835/947/835
f 851/961/849 849/959/847 848/958/846
f 852/962/850 850/960/848 833/943/831
f 853/963/851 851/961/849 850/960/848
f 854/964/852 856/966/854 851/961/849
f 855/965/853 857/967/855 856/966/854
f 856/966/854 858/968/856 849/959/847
f 857/967/855 859/971/858 858/968/856
f 860/969/634 847/957/845 849/959/847
f 861/970/857 860/969/634 858/968/856
f 862/972/859 845/954/842 847/957/845
f 863/973/860 862/972/859 860/969/634
f 843/955/843 845/954/842 862/972/859
f 864/974/861 862/972/859 863/973/860
f 865/975/862 863/973/860 868/976/863
f 867/978/865 866/977/864 868/976/863
f 868/976/863 863/973/860 861/970/857
f 869/979/866 868/976/863 870/980/867
f 870/980/867 861/970/857 859/971/858
f 873/983/870 871/981/868 870/980/867
f 874/984/871 872/982/869 859/971/858
f 875/985/872 873/983/870 872/982/869
f 876/986/873 874/984/871 857/967/855
f 877/987/874 875/985/872 874/984/871
f 878/988/875 880/990/877 875/985/872
f 879/989/876 881/991/878 880/990/877
f 880/990/877 882/992/879 873/983/870
f 881/991/878 883/994/881 882/992/879
f 882/992/879 884/996/883 871/981/868
f 885/993/880 884/996/883 882/992/879
f 886/995/882 869/979/866 871/981/868
f 887/997/884 886/995/882 884/996/883
f 888/998/885 867/978/865 869/979/866
f 889/999/886 888/998/885 886/995/882
f 890/1000/887 889/999/886 887/997/884
f 890/1002/887 892/2862/888 893/1003/889
f 892/1001/888 887/997/884 885/993/880
f 893/1003/889 892/2862/888 894/1006/891
f 894/1005/891 885/993/880 883/994/881
f 895/1007/892 894/1006/891 896/1009/893
f 898/1011/895 896/1008/893 883/994/881
f 899/1012/896 897/1010/894 896/1009/893
f 900/1014/897 898/1011/895 881/991/878
f 901/1015/898 899/1012/896 898/1013/895
f 902/1017/899 904/1019/901 899/1012/896
f 903/1018/900 905/1020/902 904/1019/901
f 904/1019/901 906/1021/903 897/1010/894
f 905/1020/902 907/1023/905 906/1021/903
f 906/1021/903 908/1025/907 895/1007/892
f 909/1022/904 908/1025/907 906/1021/903
f 910/1024/906 893/1003/889 895/1007/892
f 909/1022/904 911/1027/909 910/1024/906
f 891/1004/890 893/1003/889 910/1024/906
f 912/1026/908 910/1024/906 911/1027/909
f 913/1028/910 911/1027/909 784/1029/911
f 781/895/783 784/1029/911 911/1027/909
f 781/895/783 909/1022/904 907/1023/905
f 776/887/775 778/889/777 907/1023/905
f 774/888/776 776/887/775 905/1020/902
f 816/1030/912 790/903/791 792/902/790
f 810/923/811 813/926/814 792/902/790
f 810/923/811 794/905/793 796/907/795
f 914/1031/913 918/1036/917 919/1032/914
f 915/1033/766 935/1059/766 917/1034/766
f 916/1035/916 920/1039/919 918/1036/917
f 914/1031/766 917/1034/766 1197/1037/766
f 924/1041/766 921/1038/918 918/1036/917
f 923/1042/766 922/1040/766 920/1039/919
f 926/1044/921 924/1041/766 925/1045/766
f 929/1047/923 928/1048/924 926/1044/921
f 928/1048/924 930/1051/1155 921/1038/918
f 928/1048/766 929/1047/766 932/1049/766
f 930/1051/766 928/1048/766 931/1050/766
f 933/1053/925 931/1056/928 932/1054/926
f 931/1056/928 933/1053/925 936/1057/929
f 915/1033/766 930/1051/766 934/1052/766
f 934/1058/930 936/1057/929 937/1060/931
f 939/1062/933 937/1060/931 936/1057/929
f 938/1063/934 936/1057/929 933/1053/925
f 942/1065/936 939/1072/936 938/1066/936
f 940/1067/936 941/1285/936 943/1068/936
f 940/1064/935 933/1053/925 1099/1055/927
f 967/1094/936 1130/1321/936 948/1078/936
f 969/1096/936 967/1094/936 966/1079/936
f 968/1097/938 971/1105/943 972/1098/939
f 970/1100/936 968/1095/936 952/1076/936
f 974/1102/941 971/1107/943 968/1103/938
f 971/1105/943 973/2863/946 1124/1106/944
f 971/1107/943 974/1102/941 975/1108/945
f 974/1102/941 976/1111/948 978/1110/947
f 976/1111/948 974/1102/941 970/1104/942
f 977/1113/950 976/1111/948 979/1112/949
f 1114/1115/952 978/1110/947 976/1111/948
f 979/1101/936 952/1076/936 947/1073/936
f 981/1117/936 980/1116/936 947/1073/936
f 981/1118/953 983/1122/955 977/1113/950
f 982/1119/936 981/1117/936 946/1074/936
f 982/1121/954 985/1124/957 983/1122/955
f 984/1123/956 983/1122/955 985/1124/957
f 1114/1115/952 977/1113/950 983/1122/955
f 1010/1126/959 986/1127/960 985/1124/957
f 986/1127/960 988/1146/972 987/1125/958
f 990/1128/766 989/1131/766 987/1129/766
f 989/1131/766 991/1135/766 984/1132/766
f 989/1131/961 990/1128/968 993/1133/962
f 991/1135/964 989/1131/961 992/1134/963
f 995/1138/766 992/1134/963 996/1137/966
f 999/1140/967 996/1137/966 993/1133/962
f 1000/1141/969 997/1142/970 996/1137/966
f 990/1128/766 988/1130/766 1001/1143/766
f 999/1140/766 1001/1143/766 1003/1144/766
f 986/1127/960 1002/1147/973 1001/1145/971
f 1002/1147/973 1005/1152/976 1003/1148/974
f 1000/1141/766 1003/1144/766 1004/1149/766
f 1004/1151/975 1003/1148/974 1005/1152/976
f 1006/1153/977 1005/1152/976 1007/1154/978
f 1005/1152/976 1002/1147/973 1009/1156/980
f 1007/1157/936 964/1075/936 961/1093/936
f 1009/1159/981 1010/1120/936 964/1075/936
f 1002/1147/973 986/1127/960 1010/1126/959
f 1011/1160/936 1008/1158/936 961/1093/936
f 1011/1161/982 1013/1164/984 1006/1153/977
f 960/1092/936 1040/1202/936 1012/1162/936
f 1012/1163/983 1015/1166/986 1013/1164/984
f 1014/1165/985 1013/1164/984 1015/1166/986
f 1004/1151/975 1006/1153/977 1013/1164/984
f 1040/1168/988 1016/1169/989 1015/1166/986
f 1016/1169/989 1018/1188/1001 1017/1167/987
f 1020/1170/766 1019/1173/766 1017/1171/766
f 1019/1173/766 1021/1177/766 1014/1174/766
f 1019/1173/990 1020/1170/997 1023/1175/991
f 1021/1177/993 1019/1173/990 1022/1176/992
f 1022/1176/992 1026/1179/995 1028/1181/766
f 1029/1182/996 1026/1179/995 1023/1175/991
f 1030/1183/998 1027/1184/999 1026/1179/995
f 1020/1170/766 1018/1172/766 1031/1185/766
f 1029/1182/766 1031/1185/766 1033/1186/766
f 1016/1169/989 1032/1189/1002 1031/1187/1000
f 1032/1189/1002 1035/1194/1005 1033/1190/1003
f 1030/1183/766 1033/1186/766 1034/1191/766
f 1034/1193/1004 1033/1190/1003 1035/1194/1005
f 1036/1195/1006 1035/1194/1005 1037/1196/1007
f 1035/1194/1005 1032/1189/1002 1039/1198/1009
f 1037/1199/936 959/1090/936 957/1089/936
f 1039/1201/936 1040/1202/936 959/1090/936
f 1032/1189/1002 1016/1169/989 1040/1168/988
f 1041/1203/936 1038/1200/936 957/1089/936
f 1041/1204/1010 1043/1207/1012 1036/1195/1006
f 956/1087/936 1070/1245/936 1042/1205/936
f 1042/1206/1011 1045/1209/1014 1043/1207/1012
f 1044/1208/1013 1043/1207/1012 1045/1209/1014
f 1034/1193/1004 1036/1195/1006 1043/1207/1012
f 1070/1211/1016 1046/1212/1017 1045/1209/1014
f 1046/1212/1017 1048/1231/1029 1047/1210/1015
f 1050/1213/766 1049/1216/766 1047/1214/766
f 1049/1216/766 1051/1220/766 1044/1217/766
f 1049/1216/1018 1050/1213/1025 1053/1218/1019
f 1051/1220/1021 1049/1216/1018 1052/1219/1020
f 1052/1219/1020 1056/1222/1023 1058/1224/766
f 1059/1225/1024 1056/1222/1023 1053/1218/1019
f 1060/1226/1026 1057/1227/1027 1056/1222/1023
f 1050/1213/766 1048/1215/766 1061/1228/766
f 1059/1225/766 1061/1228/766 1063/1229/766
f 1046/1212/1017 1062/1232/1030 1061/1230/1028
f 1062/1232/1030 1065/1237/1033 1063/1233/1031
f 1060/1226/766 1063/1229/766 1064/1234/766
f 1064/1236/1032 1063/1233/1031 1065/1237/1033
f 1066/1238/1034 1065/1237/1033 1067/1239/1035
f 1065/1237/1033 1062/1232/1030 1069/1241/1037
f 1067/1242/936 962/1088/936 963/1091/936
f 1069/1244/936 1070/1245/936 962/1088/936
f 1062/1232/1030 1046/1212/1017 1070/1211/1016
f 1071/1246/936 1068/1243/936 963/1091/936
f 1071/1247/1038 1073/1250/1040 1066/1238/1034
f 958/1082/936 1097/1283/936 1072/1248/936
f 1072/1249/1039 1075/1252/1042 1073/1250/1040
f 1074/1251/1041 1073/1250/1040 1075/1252/1042
f 1064/1236/1032 1066/1238/1034 1073/1250/1040
f 1097/1254/1044 1076/1255/1045 1075/1252/1042
f 1077/1253/1043 1075/1252/1042 1076/1255/1045
f 1080/1257/766 1079/1260/766 1077/1258/766
f 1079/1260/766 1081/1264/766 1074/1261/766
f 1079/1260/1047 1080/1257/1063 1083/1262/1048
f 1081/1264/1050 1079/1260/1047 1082/1263/1049
f 1088/1268/766 1086/1267/766 1082/1263/1049
f 1084/1265/1051 1086/1267/766 1087/1269/766
f 925/1045/766 1088/1268/766 1089/1271/1054
f 929/1047/923 927/1046/922 1089/1271/1054
f 1090/1272/1055 1089/1271/1054 1085/1266/1052
f 1090/1272/766 1092/1274/766 932/1049/766
f 1091/1273/766 1094/1279/766 1092/1274/766
f 1095/1275/1057 1093/1278/1060 1092/1276/1058
f 1093/1278/1060 1099/1055/927 932/1054/926
f 1080/1257/766 1078/1259/766 1094/1279/766
f 1094/1277/1059 1078/1256/1046 1076/1255/1045
f 1095/1275/1057 1076/1255/1045 1097/1254/1044
f 1093/1278/1060 1095/1275/1057 1096/1280/1061
f 950/1081/936 1098/1284/936 1096/1282/936
f 1098/1284/936 950/1081/936 943/1068/936
f 1099/1055/927 1093/1278/1060 1098/1281/1062
f 1091/1273/1056 1085/1266/1052 1083/1262/1048
f 1087/1269/766 1058/1224/766 1057/1227/1027
f 1101/1235/1064 1081/1264/1050 1084/1265/1051
f 1101/1235/1064 1100/1270/1053 1057/1227/1027
f 1081/1264/766 1101/1235/766 1064/1234/766
f 1054/1221/1022 1055/1223/766 1102/1286/766
f 1102/1286/766 1028/1181/766 1027/1184/999
f 1104/1192/1066 1051/1220/1021 1054/1221/1022
f 1104/1192/1066 1103/1287/1065 1027/1184/999
f 1051/1220/766 1104/1192/766 1034/1191/766
f 1024/1178/994 1025/1180/766 1105/1288/766
f 1105/1288/766 998/1139/766 997/1142/970
f 1107/1150/1068 1021/1177/993 1024/1178/994
f 1107/1150/1068 1106/1289/1067 997/1142/970
f 1021/1177/766 1107/1150/766 1004/1149/766
f 994/1136/965 995/1138/766 1108/1290/766
f 1108/1290/766 1109/1303/766 1111/1292/1070
f 1112/1293/1071 991/1135/964 994/1136/965
f 1112/1293/1071 1110/1291/1069 1111/1292/1070
f 991/1135/766 1112/1293/766 1114/1295/766
f 1113/1294/766 978/1298/766 1114/1295/766
f 1113/1294/1072 1111/1292/1070 1117/1296/1073
f 1115/1297/766 975/1301/766 978/1298/766
f 1115/1297/1074 1117/1296/1073 1118/1299/1075
f 1116/1300/766 973/1309/766 975/1301/766
f 1121/1304/766 1119/1302/1077 1117/1296/1073
f 1122/1305/1078 1116/1300/1076 1118/1299/1075
f 1123/1307/1080 1122/1305/1078 1119/1302/1077
f 1116/1300/766 1122/1305/766 1124/1308/766
f 1122/1305/766 1123/1307/766 1125/1310/766
f 1125/1311/1081 1127/1314/1083 972/1098/939
f 1123/1307/766 1167/1369/766 1126/1312/766
f 1126/1313/1082 1128/1316/1085 1127/1314/1083
f 967/1315/1084 1127/1314/1083 1128/1316/1085
f 969/1099/940 972/1098/939 1127/1314/1083
f 1126/1313/1082 1168/1327/1092 1129/1318/1087
f 1128/1316/1085 1129/1318/1087 1131/1319/1088
f 1131/1320/936 949/1077/936 948/1078/936
f 949/1077/936 1131/1320/936 1132/1322/936
f 1129/1318/1087 1134/1325/1090 1132/1324/1089
f 1134/1325/1090 1136/1329/1094 1133/1326/1091
f 1134/1325/1090 1129/1318/1087 1168/1327/1092
f 1135/1328/1093 1137/1331/1096 1136/1329/1094
f 1139/1330/1095 1138/1332/1097 1136/1329/1094
f 1133/1326/1091 1136/1329/1094 1138/1332/1097
f 1149/1334/1099 1140/1335/1100 1138/1332/1097
f 1141/1333/1098 1138/1332/1097 1140/1335/1100
f 951/1080/936 1133/1323/936 1141/1337/936
f 1142/1338/936 1143/1342/936 955/1083/936
f 1142/1336/1101 1140/1335/1100 1145/1339/1102
f 1144/1341/936 953/1085/936 955/1083/936
f 1145/1339/1102 1146/1344/1105 1144/1343/1104
f 1146/1344/1105 1145/1339/1102 1147/1345/1106
f 1140/1335/1100 1149/1334/1099 1147/1345/1106
f 1151/1347/766 1148/1381/766 1147/1348/766
f 1152/1350/766 1150/1349/766 1147/1348/766
f 1150/1349/1108 1153/1354/1112 1154/1352/1109
f 1150/1349/1108 1152/1350/1117 1155/1353/1111
f 1156/1355/766 1157/1375/766 1154/1352/1109
f 1155/1353/1111 1158/1356/766 1156/1355/766
f 1158/1356/766 1160/1359/1114 1162/1357/1113
f 1163/1360/1115 1164/1362/1119 1161/1361/1116
f 1152/1350/1117 1163/1360/1115 1160/1359/1114
f 1164/1362/766 1163/1360/766 1139/1363/766
f 1163/1360/766 1152/1350/766 1149/1351/766
f 1165/1365/1118 1162/1357/1113 1161/1361/1116
f 1164/1362/766 1137/1364/766 1135/1366/766
f 1166/1367/1120 1169/1370/1122 1162/1357/1113
f 1165/1365/766 1135/1366/766 1168/1368/766
f 1167/1369/1121 1170/1372/1123 1169/1370/1122
f 1166/1367/766 1168/1368/766 1126/1312/766
f 1171/1371/766 1159/1358/766 1169/1370/1122
f 1167/1369/1121 1123/1307/1080 1120/1306/1079
f 1120/1306/1079 1121/1304/766 1171/1371/766
f 1172/1373/766 1175/1379/1128 1173/1374/1124
f 1176/1376/1125 1173/1374/1124 1174/1377/1126
f 1151/1347/1110 1154/1352/1109 1173/1374/1124
f 1177/1378/766 1179/1408/766 1178/1380/766
f 1176/1376/766 1178/1380/766 1148/1381/766
f 1178/1382/1129 1179/1396/1139 1181/1383/1130
f 1180/1384/1131 1146/1344/1105 1148/1346/1107
f 1180/1384/1131 1181/1383/1130 1183/1385/1132
f 1146/1344/1105 1180/1384/1131 1182/1386/1133
f 953/1085/936 1144/1341/936 1182/1387/936
f 954/1084/936 1183/1388/936 1184/1389/936
f 1183/1385/1132 1181/1383/1130 1186/1391/1134
f 1184/1392/1135 1186/1391/1134 1188/1393/1136
f 1187/1395/1138 1186/1391/1134 1181/1383/1130
f 1190/1397/1140 1188/1393/1136 1186/1391/1134
f 1185/1394/1137 1188/1393/1136 1189/1398/1141
f 1188/1393/1136 1190/1397/1140 1191/1400/1143
f 1192/1401/766 1193/1406/766 1191/1402/766
f 1194/1404/766 1192/1401/766 1190/1403/766
f 1193/1406/1144 1192/1401/1146 1195/1407/1145
f 1192/1401/1146 1194/1404/1147 1175/1379/1128
f 1195/1407/1145 1172/1373/766 923/1042/766
f 1193/1406/1144 1196/1043/920 920/1039/919
f 1194/1404/1147 1177/1378/1127 1174/1377/1126
f 1177/1378/766 1194/1404/766 1187/1405/766
f 916/1035/766 1197/1037/766 1191/1402/766
f 1198/1409/1148 1189/1398/1141 1191/1400/1143
f 1199/1411/1150 1198/1409/1148 1197/1410/1149
f 1189/1398/1141 1198/1409/1148 1200/1413/1152
f 1198/1409/1148 1199/1411/1150 1202/1414/1153
f 1200/1415/936 944/1071/936 965/1086/936
f 944/1071/936 1200/1415/936 1202/1417/1154
f 1199/1411/1150 937/1060/931 939/1062/933
f 1185/1390/936 1201/1416/936 965/1086/936
f 917/1412/1151 935/1061/932 937/1060/931
f 930/1051/1155 915/1033/915 919/1032/914
f 1215/1420/936 1216/1432/1157 1217/1431/1156
f 1204/1419/936 1219/1436/1161 1216/1432/1157
f 1228/1433/1158 1217/1431/1156 1216/1432/1157
f 1216/1432/1157 1219/1436/1161 1221/1435/1160
f 1205/1421/936 1220/1466/1179 1219/1436/1161
f 1219/1436/1161 1220/1466/1179 1222/1437/1162
f 1223/1438/766 1221/1435/1160 1222/1437/1162
f 1223/1438/766 1225/1441/766 1218/1434/1159
f 1226/1440/766 1228/1433/1158 1218/1434/1159
f 1227/1442/766 1229/1443/1163 1228/1433/1158
f 1229/1443/1163 1231/1446/1165 1217/1431/1156
f 1239/1444/766 1230/1445/1164 1229/1443/1163
f 1230/1445/1164 1232/1447/1166 1231/1446/1165
f 1212/1428/936 1213/1429/936 1231/1446/1165
f 1214/1430/936 1217/1431/1156 1231/1446/1165
f 1211/1427/936 1212/1428/936 1232/1447/1166
f 1235/1449/1168 1233/1448/1167 1232/1447/1166
f 1210/1426/936 1211/1427/936 1233/1448/1167
f 1236/1451/1170 1234/1450/1169 1233/1448/1167
f 1238/1452/766 1236/1451/1170 1235/1449/1168
f 1237/1453/766 1235/1449/1168 1230/1445/1164
f 1240/1454/766 1242/1456/1172 1236/1451/1170
f 1240/1454/766 1241/1465/766 1243/1455/1171
f 1245/1457/1173 1244/1458/1174 1242/1456/1172
f 1244/1458/1174 1234/1450/1169 1236/1451/1170
f 1209/1425/936 1244/1458/1174 1245/1457/1173
f 1210/1426/936 1234/1450/1169 1244/1458/1174
f 1207/1423/936 1208/1424/936 1245/1457/1173
f 1246/1459/1175 1245/1457/1173 1243/1455/1171
f 1207/1423/936 1246/1459/1175 1247/1461/1177
f 1247/1461/1177 1246/1459/1175 1248/1460/1176
f 1251/1463/766 1249/1462/1178 1248/1460/1176
f 1250/1464/766 1248/1460/1176 1243/1455/1171
f 1224/1439/766 1222/1437/1162 1249/1462/1178
f 1220/1466/1179 1247/1461/1177 1249/1462/1178
f 1206/1422/936 1247/1461/1177 1220/1466/1179
f 1254/1468/936 1264/1471/981 1265/1480/1180
f 1264/1471/981 1263/1479/936 1268/1482/1181
f 1266/1481/1161 1265/1480/1180 1267/1483/1162
f 1267/1483/1162 1265/1480/1180 1268/1482/1181
f 1268/1482/1181 1270/1487/1175 1271/1486/1176
f 1263/1479/936 1262/1478/936 1270/1487/1175
f 1270/1487/1175 1272/1489/1173 1273/1488/1171
f 1262/1478/936 1261/1477/936 1272/1489/1173
f 1272/1489/1173 1274/1491/1174 1275/1490/1172
f 1260/1476/936 1274/1491/1174 1272/1489/1173
f 1274/1491/1174 1276/1493/1169 1277/1492/1170
f 1259/1475/936 1276/1493/1169 1274/1491/1174
f 1276/1493/1169 1278/1495/1167 1279/1494/1168
f 1259/1475/936 1258/1474/936 1278/1495/1167
f 1278/1495/1167 1280/1497/1166 1281/1496/1183
f 1258/1474/936 1257/1473/936 1280/1497/1166
f 1280/1497/1166 1282/1499/1165 1283/1498/1163
f 1256/1472/936 1282/1499/1165 1280/1497/1166
f 1282/1499/1165 1284/1501/1156 1285/1500/1158
f 1255/1470/936 1284/1501/1156 1282/1499/1165
f 1284/1501/1156 1286/1503/1157 1287/1502/1184
f 1253/1469/936 1286/1503/1157 1284/1501/1156
f 1286/1503/1157 1266/1481/1161 1288/1484/1160
f 1254/1468/936 1266/1481/1161 1286/1503/1157
f 1289/1504/766 1290/1515/766 1285/1500/1158
f 1291/1505/766 1289/1504/766 1287/1502/1184
f 1291/1505/766 1288/1484/1160 1267/1483/1162
f 1292/1506/766 1267/1483/1162 1269/1485/1182
f 1293/1507/766 1269/1485/1182 1271/1486/1176
f 1294/1508/766 1271/1486/1176 1273/1488/1171
f 1296/1510/766 1295/1509/766 1273/1488/1171
f 1297/1511/766 1296/1510/766 1275/1490/1172
f 1297/1511/766 1277/1492/1170 1279/1494/1168
f 1298/1512/766 1279/1494/1168 1281/1496/1183
f 1300/1514/766 1299/1513/766 1281/1496/1183
f 1290/1515/766 1300/1514/766 1283/1498/1163
f 1302/1516/1185 1301/1522/1189 1304/1517/1186
f 1308/1519/1188 1305/1524/1191 1301/1520/1189
f 1301/1522/1189 1303/1779/1192 1334/1523/1190
f 1305/1524/1191 1306/1778/1361 1303/1525/1192
f 1342/1526/1193 1306/1778/1361 1305/1524/1191
f 1307/1527/1194 1305/1524/1191 1308/1519/1188
f 1317/1536/1203 1319/1543/1207 1310/1537/1197
f 1318/1539/1204 1317/1536/1203 1316/1538/1198
f 1318/1539/1204 1322/2864/1209 1320/1541/1205
f 1317/1536/1203 1320/1541/1205 1321/1542/1206
f 1330/1548/1210 1332/1559/1217 1324/1549/1211
f 1324/1549/1211 1339/1567/1225 1329/1550/1212
f 1331/1518/1187 1304/1517/1186 1332/1555/1217
f 1327/1557/1214 1478/1781/1362 1331/1518/1187
f 1333/1558/1218 1332/1555/1217 1304/1517/1186
f 1332/1559/1217 1333/1563/1218 1336/1560/1219
f 1335/1561/1220 1333/1558/1218 1334/1523/1190
f 1333/1563/1218 1335/1593/1220 1337/1564/1222
f 1338/1565/1223 1336/1560/1219 1337/1564/1222
f 1339/1567/1225 1324/1549/1211 1336/1560/1219
f 1344/1568/1226 1339/1578/1225 1338/1569/1223
f 1341/1570/1227 1338/1569/1223 1340/1571/1224
f 1307/1573/1194 1344/1568/1226 1341/1570/1227
f 1342/1574/1193 1341/1570/1227 1343/1572/1228
f 1312/1576/1195 1345/1577/1230 1344/1568/1226
f 1345/1577/1230 1329/2865/1212 1339/1578/1225
f 1309/1579/1196 1346/1581/1231 1345/1577/1230
f 1326/1580/1216 1329/2865/1212 1345/1577/1230
f 1319/1543/1207 1321/1542/1206 1326/1580/1216
f 1309/1579/1196 1310/1537/1197 1319/1543/1207
f 1349/1582/1232 1347/1575/1229 1343/1572/1228
f 1340/1571/1224 1351/1586/1236 1348/1583/1233
f 1475/1584/1234 1349/1582/1232 1348/1583/1233
f 1351/1586/1236 1352/2866/1238 1350/1585/1235
f 1351/1587/1236 1340/1566/1224 1337/1564/1222
f 1352/1589/1238 1351/1587/1236 1353/1588/1237
f 1353/1588/1237 1355/1592/1241 1357/1591/1240
f 1355/1592/1241 1353/1588/1237 1337/1564/1222
f 1335/1561/1220 1474/1562/1221 1356/1594/1242
f 1355/1595/1241 1356/1594/1242 1358/1596/1243
f 1359/1598/1244 1357/1597/1240 1358/1596/1243
f 1357/1591/1240 1359/1602/1244 1362/1600/1246
f 1361/1599/1245 1476/1756/1350 1360/1601/1247
f 1359/1602/1244 1360/2867/1247 1363/1603/1248
f 1364/1604/1249 1362/1600/1246 1363/1603/1248
f 1352/1589/1238 1354/1590/1239 1362/1600/1246
f 1350/1585/1235 1352/2866/1238 1364/1606/1249
f 1366/1607/1251 1364/1606/1249 1365/1608/1250
f 1475/1584/1234 1350/1585/1235 1366/1607/1251
f 1367/1610/1253 1366/1607/1251 1368/1609/1252
f 1372/1612/1255 1369/1611/1254 1368/1609/1252
f 1365/1608/1250 1373/1616/1259 1370/1613/1256
f 1370/1613/1256 1371/1615/1258 1457/1614/1257
f 1371/1615/1258 1370/1613/1256 1373/1616/1259
f 1363/1603/1248 1375/1619/1261 1373/1618/1259
f 1375/1619/1261 1376/1623/1264 1374/1620/1260
f 1363/1603/1248 1360/2867/1247 1377/1621/1262
f 1375/1619/1261 1377/1621/1262 1379/1622/1263
f 1360/1601/1247 1476/1756/1350 1378/1624/1265
f 1377/1625/1262 1378/1624/1265 1380/1626/1266
f 1380/1626/1266 1382/1630/1269 1381/1628/1267
f 1379/1622/1263 1381/1632/1267 1384/1629/1268
f 1382/1630/1269 1477/1734/1338 1383/1631/1270
f 1381/1632/1267 1383/1648/1270 1385/1633/1271
f 1374/1620/1260 1376/1623/1264 1384/1629/1268
f 1386/1634/1272 1384/1629/1268 1385/1633/1271
f 1387/1636/1274 1386/1639/1272 1388/1637/1273
f 1371/1615/1258 1374/1617/1260 1386/1639/1272
f 1391/1640/1276 1389/1638/1275 1388/1637/1273
f 1388/1635/1273 1385/1633/1271 1393/1642/1278
f 1455/1644/1279 1391/1640/1276 1390/1641/1277
f 1390/1643/1277 1393/1642/1278 1394/1646/1281
f 1383/1648/1270 1395/1649/1282 1393/1642/1278
f 1395/1649/1282 1397/2868/1284 1394/1646/1281
f 1395/1650/1282 1396/1653/1285 1398/1651/1283
f 1383/1631/1270 1477/1734/1338 1396/1653/1285
f 1397/1652/1284 1398/1651/1283 1400/1654/1286
f 1394/1646/1281 1397/2868/1284 1399/1656/1287
f 1400/1654/1286 1438/1716/1327 1401/1658/1289
f 1399/1656/1287 1401/1715/1289 1403/1659/1290
f 1394/1646/1281 1402/1657/1288 1404/1660/1291
f 1404/1660/1291 1402/1657/1288 1403/1659/1290
f 1405/1662/1293 1404/1665/1291 1406/1663/1292
f 1405/1662/1293 1455/1644/1279 1392/1645/1280
f 1408/1664/1294 1406/1663/1292 1407/1666/1295
f 1406/1661/1292 1403/1659/1290 1434/1668/1297
f 1408/1664/1294 1409/1671/1299 1445/1670/1298
f 1409/1671/1299 1408/1664/1294 1410/1667/1296
f 1411/1672/1300 1410/1667/1296 1412/1673/1301
f 1410/1667/1296 1407/1666/1295 1414/1675/1303
f 1413/1674/1302 1412/1673/1301 1415/1676/1304
f 1414/1675/1303 1417/1679/1307 1415/1676/1304
f 1416/1678/1306 1420/1686/1310 1418/1677/1305
f 1416/1678/1306 1415/1676/1304 1417/1679/1307
f 1422/1685/1311 1421/2869/1312 1420/1686/1310
f 1422/1688/1311 1424/1692/1314 1423/1689/1313
f 1424/1692/1314 1427/1696/1317 1425/1693/1315
f 1426/1695/1316 1425/1693/1315 1427/1696/1317
f 1424/1692/1314 1436/1714/1326 1428/1699/1319
f 1427/1696/1317 1428/1699/1319 1431/1700/1320
f 1430/1701/1321 1429/1697/1318 1431/1700/1320
f 1439/1703/1323 1426/1695/1316 1429/1697/1318
f 1433/1704/1324 1434/1668/1297 1432/1705/1322
f 1433/1704/1324 1414/1708/1303 1407/1669/1295
f 1422/1685/1311 1416/1678/1306 1437/1680/1308
f 1422/1688/1311 1435/2870/1325 1436/1714/1326
f 1401/1715/1289 1432/1705/1322 1434/1668/1297
f 1432/1702/1322 1401/1658/1289 1438/1716/1327
f 1440/1717/1328 1439/1703/1323 1430/1701/1321
f 1442/1718/1329 1441/1721/1330 1439/1719/1323
f 1426/1698/1316 1439/1719/1323 1441/1721/1330
f 1411/1722/1300 1441/1721/1330 1442/1718/1329
f 1441/1721/1330 1411/1722/1300 1413/1683/1302
f 1409/1723/1299 1442/1718/1329 1443/1724/1331
f 1443/1724/1331 1442/1718/1329 1440/1720/1328
f 1443/1724/1331 1446/1726/1332 1447/1727/1333
f 1443/1724/1331 1444/1728/1334 1454/1729/1335
f 1438/1716/1327 1400/1654/1286 1446/1730/1332
f 1398/1651/1283 1447/1731/1333 1446/1730/1332
f 1396/1653/1285 1448/1735/1337 1447/1731/1333
f 1450/1732/1336 1444/1728/1334 1447/1727/1333
f 1477/1734/1338 1449/1751/1339 1448/1735/1337
f 1450/1732/1336 1448/1733/1337 1449/1736/1339
f 1450/1732/1336 1451/1737/1340 1453/1738/1341
f 1454/1729/1335 1444/1728/1334 1450/1732/1336
f 1391/1640/1276 1455/1644/1279 1454/1740/1335
f 1389/1638/1275 1391/1640/1276 1452/1741/1342
f 1455/1644/1279 1405/1662/1293 1445/1670/1298
f 1389/1638/1275 1453/1742/1341 1456/1743/1343
f 1451/1737/1340 1458/1749/1347 1456/1744/1343
f 1387/1636/1274 1456/1743/1343 1457/1614/1257
f 1456/1744/1343 1458/1749/1347 1459/1745/1344
f 1459/1745/1344 1458/1749/1347 1460/1747/1345
f 1451/1737/1340 1449/1736/1339 1460/1747/1345
f 1477/1734/1338 1382/1630/1269 1460/1750/1345
f 1382/1630/1269 1380/1626/1266 1461/1752/1346
f 1378/1624/1265 1462/1755/1348 1461/1752/1346
f 1459/1745/1344 1461/1748/1346 1462/1753/1348
f 1462/1755/1348 1378/1624/1265 1476/1756/1350
f 1464/1754/1349 1462/1753/1348 1463/1758/1351
f 1369/1760/1254 1372/1761/1255 1464/1754/1349
f 1459/1745/1344 1464/1754/1349 1372/1761/1255
f 1466/1762/1353 1465/1759/1352 1463/1758/1351
f 1369/1760/1254 1465/1759/1352 1466/1762/1353
f 1367/1764/1253 1466/1762/1353 1467/1765/1355
f 1467/1765/1355 1466/1762/1353 1468/1763/1354
f 1469/1768/1356 1468/1769/1354 1361/1599/1245
f 1468/1769/1354 1463/1757/1351 1476/1756/1350
f 1469/1768/1356 1358/1596/1243 1356/1594/1242
f 1467/1765/1355 1469/1767/1356 1470/1771/1357
f 1470/1770/1357 1356/1594/1242 1474/1562/1221
f 1472/1772/1358 1470/1771/1357 1471/1774/1359
f 1349/1776/1232 1475/1766/1234 1467/1765/1355
f 1472/1772/1358 1473/1775/1360 1347/1777/1229
f 1306/1778/1361 1473/1775/1360 1471/1774/1359
f 1347/1777/1229 1473/1775/1360 1306/1778/1361
f 1303/1779/1192 1471/1773/1359 1474/1562/1221
f 1311/1780/1199 1302/1516/1185 1331/1518/1187
f 1311/1780/1199 1478/1781/1362 1479/1782/1363
f 1327/1557/1214 1325/1785/1213 1479/1782/1363
f 1480/1784/1364 1315/1789/1201 1313/1783/1200
f 1480/1784/1364 1479/1782/1363 1325/1785/1213
f 1318/1787/1204 1480/1784/1364 1328/1786/1215
f 1318/1787/1204 1314/2871/1202 1315/1789/1201
f 1492/1802/1365 1493/1792/1365 1494/1803/1366
f 1482/1791/1365 1497/1811/1370 1494/1803/1366
f 1495/1805/1367 1494/2872/1366 1496/1806/1368
f 1496/1806/1368 1494/2872/1366 1497/1808/1370
f 1482/1791/1365 1483/1793/1365 1498/1810/1372
f 1497/1808/1370 1498/1850/1372 1500/1812/1373
f 1502/1813/1374 1501/1815/1374 1499/1809/1371
f 1503/1814/1374 1496/1806/1368 1499/1809/1371
f 1503/1814/1374 1504/1816/1374 1506/1807/1369
f 1504/1816/1374 1505/1818/1374 1507/1817/1375
f 1507/1817/1375 1509/1820/1377 1495/1805/1367
f 1505/1818/1374 1517/1831/1374 1508/1819/1376
f 1508/1819/1376 1510/2873/1378 1509/1820/1377
f 1491/1801/1365 1509/1822/1377 1510/1821/1378
f 1492/1802/1365 1495/1804/1367 1509/1822/1377
f 1490/1800/1365 1510/1821/1378 1511/1823/1379
f 1511/1824/1379 1510/2873/1378 1508/1819/1376
f 1488/1798/1365 1489/1799/1365 1511/1823/1379
f 1512/1827/1381 1511/1824/1379 1513/1825/1380
f 1516/1829/1374 1514/1828/1382 1513/1825/1380
f 1517/1831/1374 1515/1830/1374 1513/1825/1380
f 1516/1832/1374 1518/1836/1374 1520/1833/1383
f 1519/1835/1374 1521/1837/1384 1520/1833/1383
f 1521/1837/1384 1523/2874/1386 1522/1838/1385
f 1520/1833/1383 1522/1838/1385 1512/1839/1381
f 1487/1797/1365 1522/1841/1385 1523/1840/1386
f 1488/1798/1365 1512/1826/1381 1522/1841/1385
f 1486/1796/1365 1523/1840/1386 1524/1842/1387
f 1524/1843/1387 1523/2874/1386 1521/1837/1384
f 1485/1795/1365 1524/1842/1387 1525/1845/1389
f 1525/1846/1389 1524/1843/1387 1526/1844/1388
f 1529/1848/1374 1527/1847/1390 1526/1844/1388
f 1519/1835/1374 1528/1849/1374 1526/1844/1388
f 1502/1813/1374 1500/1812/1373 1527/1847/1390
f 1498/1850/1372 1525/1846/1389 1527/1847/1390
f 1484/1794/1365 1525/1845/1389 1498/1810/1372
f 1542/1853/1391 1543/1865/1394 1544/1864/1393
f 1531/1852/1391 1546/1872/1397 1543/1865/1394
f 1555/1866/1395 1544/1880/1393 1543/1867/1394
f 1545/1868/1396 1543/1867/1394 1546/1869/1397
f 1531/1852/1391 1532/1854/1392 1547/1871/1399
f 1548/1870/1398 1546/1869/1397 1547/1873/1399
f 1550/1875/1401 1548/1870/1398 1549/1874/1400
f 1550/1875/1401 1552/1877/1401 1545/1868/1396
f 1552/1877/1401 1553/1878/1401 1555/1866/1395
f 1553/1878/1401 1554/1882/1403 1556/1879/1402
f 1556/1879/1402 1558/2875/1406 1544/1880/1393
f 1566/1881/1401 1557/1884/1405 1556/1879/1402
f 1559/1883/1404 1558/2875/1406 1556/1879/1402
f 1539/1861/1391 1540/1862/1391 1558/1885/1406
f 1541/1863/1391 1544/1864/1393 1558/1885/1406
f 1538/1860/1392 1539/1861/1391 1559/1886/1404
f 1560/1888/1407 1559/1883/1404 1557/1884/1405
f 1537/1859/1391 1538/1860/1392 1560/1887/1407
f 1561/1891/1409 1560/1888/1407 1562/1889/1408
f 1565/1893/1401 1563/1892/1410 1562/1889/1408
f 1564/1894/1401 1562/1889/1408 1557/1884/1405
f 1565/1895/1401 1567/1898/1401 1569/1896/1411
f 1567/1898/1401 1568/1911/1401 1570/1899/1412
f 1572/1900/1413 1571/1901/1414 1569/1896/1411
f 1571/1901/1414 1561/2876/1409 1563/1897/1410
f 1536/1858/1391 1571/1903/1414 1572/1902/1413
f 1537/1859/1391 1561/1890/1409 1571/1903/1414
f 1535/1857/1391 1572/1902/1413 1573/1904/1415
f 1573/1905/1415 1572/1900/1413 1570/1899/1412
f 1533/1855/1391 1534/1856/1391 1573/1904/1415
f 1576/1908/1418 1574/1912/1417 1573/1905/1415
f 1578/1909/1401 1576/1908/1418 1575/1906/1416
f 1568/1911/1401 1577/1910/1401 1575/1906/1416
f 1551/1876/1401 1549/1874/1400 1576/1908/1418
f 1549/1874/1400 1547/1873/1399 1574/1912/1417
f 1532/1854/1392 1533/1855/1391 1574/1907/1417
f 1590/1925/1419 1591/1915/1419 1592/1926/1420
f 1580/1914/1419 1595/1933/1425 1592/1926/1420
f 1593/1928/1421 1592/1931/1420 1594/1929/1422
f 1592/1931/1420 1595/1934/1425 1597/1932/1424
f 1581/1916/1419 1596/1974/1444 1595/1933/1425
f 1595/1934/1425 1596/1973/1444 1598/1935/1426
f 1599/1936/1427 1597/1932/1424 1598/1935/1426
f 1601/1938/1427 1594/1929/1422 1597/1932/1424
f 1602/1939/1427 1604/1930/1423 1594/1929/1422
f 1603/1940/1427 1605/1942/1429 1604/1930/1423
f 1607/1941/1428 1593/1928/1421 1604/1930/1423
f 1603/1940/1427 1615/1954/1427 1606/1943/1430
f 1606/1943/1430 1608/2877/1431 1607/1941/1428
f 1589/1924/1419 1607/1945/1428 1608/1944/1431
f 1590/1925/1419 1593/1927/1421 1607/1945/1428
f 1588/1923/1419 1608/1944/1431 1609/1946/1432
f 1609/1947/1432 1608/2877/1431 1606/1943/1430
f 1586/1921/1419 1587/1922/1419 1609/1946/1432
f 1610/1950/1434 1609/1947/1432 1611/1948/1433
f 1614/1952/1427 1612/1951/1435 1611/1948/1433
f 1613/1953/1427 1611/1948/1433 1606/1943/1430
f 1616/1955/1427 1618/1959/1437 1612/1956/1435
f 1616/1955/1427 1617/1972/1427 1619/1958/1436
f 1619/1958/1436 1621/1966/1439 1620/1960/1438
f 1618/1959/1437 1620/1960/1438 1610/1961/1434
f 1584/1919/1419 1585/1920/1419 1620/1962/1438
f 1586/1921/1419 1610/1949/1434 1620/1962/1438
f 1583/1918/1419 1584/1919/1419 1621/1963/1439
f 1624/1965/1441 1622/2878/1440 1621/1966/1439
f 1582/1917/1419 1583/1918/1419 1622/1964/1440
f 1623/1968/1442 1622/2878/1440 1624/1965/1441
f 1627/1970/1427 1625/1969/1443 1624/1965/1441
f 1626/1971/1427 1624/1965/1441 1619/1958/1436
f 1600/1937/1427 1598/1935/1426 1625/1969/1443
f 1596/1973/1444 1623/1968/1442 1625/1969/1443
f 1582/1917/1419 1623/1967/1442 1596/1974/1444
f 1630/1976/1445 1640/1979/1445 1641/1988/1446
f 1639/1987/1445 1644/1998/1451 1641/1988/1446
f 1642/1990/1447 1641/1993/1446 1643/1991/1448
f 1641/1993/1446 1644/1995/1451 1645/1994/1450
f 1644/1995/1451 1646/2879/1453 1647/1996/1452
f 1639/1987/1445 1638/1986/1445 1646/1997/1453
f 1647/1996/1452 1646/2879/1453 1648/1999/1454
f 1637/1985/1445 1648/2004/1454 1646/1997/1453
f 1649/2000/1455 1648/1999/1454 1650/2001/1456
f 1637/1985/1445 1636/1984/1445 1650/2003/1456
f 1651/2002/1457 1650/2001/1456 1652/2005/1458
f 1636/1984/1445 1635/1983/1445 1652/2007/1458
f 1653/2008/1459 1652/2880/1458 1654/2009/1460
f 1634/1982/1445 1654/2013/1460 1652/2007/1458
f 1654/2009/1460 1656/2881/1463 1657/2011/1462
f 1634/1982/1445 1633/1981/1445 1656/2012/1463
f 1657/2011/1462 1656/2881/1463 1658/2014/1464
f 1633/1981/1445 1632/1980/1445 1658/2016/1464
f 1658/2014/1464 1660/2018/1467 1661/2017/1466
f 1631/1978/1445 1660/2020/1467 1658/2016/1464
f 1660/2018/1467 1662/2021/1469 1663/2019/1468
f 1629/1977/1445 1662/2022/1469 1660/2020/1467
f 1662/2021/1469 1642/1990/1447 1664/1992/1449
f 1630/1976/1445 1642/1989/1447 1662/2022/1469
f 1665/2023/1470 1666/2034/1470 1661/2017/1466
f 1667/2024/1470 1665/2023/1470 1663/2019/1468
f 1667/2024/1470 1664/1992/1449 1643/1991/1448
f 1668/2025/1470 1643/1991/1448 1645/1994/1450
f 1669/2026/1470 1645/1994/1450 1647/1996/1452
f 1671/2028/1470 1670/2027/1470 1647/1996/1452
f 1672/2029/1470 1671/2028/1470 1649/2000/1455
f 1672/2029/1470 1651/2002/1457 1653/2006/1459
f 1674/2031/1470 1673/2882/1471 1653/2008/1459
f 1674/2031/1470 1655/2010/1461 1657/2011/1462
f 1675/2032/1470 1657/2011/1462 1659/2015/1465
f 1666/2034/1470 1676/2033/1470 1659/2015/1465
f 1683/2035/1472 1678/2039/1476 1677/2036/1473
f 1767/2038/1475 1680/2042/1479 1677/2036/1473
f 1679/2040/1477 1684/2047/1484 1681/2037/1474
f 1761/2041/1478 1679/2040/1477 1677/2036/1473
f 1681/2037/1474 1684/2047/1484 1685/2043/1480
f 1805/2045/1482 1683/2035/1472 1681/2037/1474
f 1686/2046/1483 1687/2166/1592 1685/2043/1480
f 1688/2048/1485 1686/2046/1483 1684/2047/1484
f 1690/2049/1486 1687/2166/1592 1686/2046/1483
f 1689/2050/1487 1686/2046/1483 1688/2048/1485
f 1689/2050/1487 1692/2054/1491 1693/2052/1489
f 1694/2053/1490 1692/2054/1491 1689/2050/1487
f 1692/2054/1491 1695/2883/2211 1696/2055/1492
f 1697/2056/1493 1695/2883/2211 1692/2054/1491
f 1696/2055/1492 1695/2883/2211 1698/2057/1494
f 1698/2057/1494 1695/2883/2211 1697/2056/1493
f 1701/2060/1491 1702/2063/1489 1699/2058/1495
f 1703/2061/1490 1701/2060/1491 1698/2057/1494
f 1701/2060/1491 1704/2065/1499 1705/2062/1497
f 1706/2064/1498 1704/2065/1499 1701/2060/1491
f 1704/2065/1499 1707/2067/1501 1708/2066/1500
f 1706/2064/1498 1709/2070/1504 1707/2067/1501
f 1710/2068/1502 1711/2072/1506 1708/2066/1500
f 1712/2069/1503 1710/2068/1502 1707/2067/1501
f 1710/2068/1502 1713/2073/1507 1714/2071/1505
f 1712/2069/1503 1715/2076/1510 1713/2073/1507
f 1713/2073/1507 1716/2077/1511 1717/2074/1508
f 1718/2075/1509 1716/2077/1511 1713/2073/1507
f 1716/2077/1511 1719/2080/1514 1720/2078/1512
f 1721/2079/1513 1719/2080/1514 1716/2077/1511
f 1719/2080/1514 1722/2082/1516 1723/2081/1515
f 1721/2079/1513 1724/2084/1518 1722/2082/1516
f 1722/2082/1516 1725/2085/1519 1726/2083/1517
f 1724/2084/1518 1727/2089/1520 1725/2085/1519
f 1729/2086/936 1726/2083/1517 1725/2085/1519
f 1730/2088/936 1728/2087/936 1725/2085/1519
f 1730/2088/936 1727/2089/1520 1733/2090/1521
f 1732/2092/936 1731/2091/936 1733/2090/1521
f 1735/2094/1523 1733/2090/1521 1727/2089/1520
f 1734/2093/1522 1733/2090/1521 1735/2094/1523
f 1735/2094/1523 1724/2084/1518 1721/2079/1513
f 1736/2095/1524 1735/2094/1523 1737/2096/1525
f 1737/2096/1525 1721/2079/1513 1718/2075/1509
f 1738/2097/1526 1737/2096/1525 1739/2098/1527
f 1739/2098/1527 1718/2075/1509 1715/2076/1510
f 1742/2101/1530 1740/2099/1528 1739/2098/1527
f 1741/2100/1529 1715/2076/1510 1712/2069/1503
f 1742/2101/1530 1741/2100/1529 1743/2102/1531
f 1745/2104/1533 1743/2102/1531 1712/2069/1503
f 1744/2103/1532 1743/2102/1531 1745/2104/1533
f 1745/2104/1533 1709/2070/1504 1706/2064/1498
f 1746/2105/1534 1745/2104/1533 1747/2106/1535
f 1747/2106/1535 1706/2064/1498 1703/2061/1490
f 1750/2109/1538 1748/2107/1536 1747/2106/1535
f 1749/2108/1537 1703/2061/1490 1700/2059/1496
f 1750/2109/1538 1749/2108/1537 1751/2110/1539
f 1700/2059/1496 1697/2056/1493 1753/2112/1541
f 1753/2112/1541 1754/2114/1542 1752/2111/1540
f 1753/2112/1541 1697/2056/1493 1694/2053/1490
f 1754/2114/1542 1753/2112/1541 1755/2113/1537
f 1757/2116/1543 1755/2113/1537 1694/2053/1490
f 1756/2115/1538 1755/2113/1537 1757/2116/1543
f 1757/2116/1543 1691/2051/1488 1688/2048/1485
f 1758/2117/1544 1757/2116/1543 1759/2118/1545
f 1759/2118/1545 1688/2048/1485 1679/2040/1477
f 1760/2119/1546 1759/2118/1545 1761/2041/1478
f 1764/2121/1548 1762/2120/1547 1761/2041/1478
f 1763/2122/1549 2108/2481/1855 1760/2119/1546
f 1765/2123/1550 1763/2122/1549 1762/2120/1547
f 1766/2124/1551 1764/2121/1548 1680/2042/1479
f 1768/2125/1552 1765/2123/1550 1764/2121/1548
f 1769/2126/1553 1770/2128/1555 1765/2123/1550
f 1771/2127/1554 1772/2130/1557 1770/2128/1555
f 1773/2129/1556 1774/2132/1559 1772/2130/1557
f 1773/2129/1556 1775/2133/1560 1776/2131/1558
f 1775/2133/1560 1777/2135/1562 1778/2134/1561
f 1777/2135/1562 1779/2137/1564 1780/2136/1563
f 1779/2137/1564 1781/2139/1566 1782/2138/1565
f 1781/2139/1566 1783/2142/1569 1784/2140/1567
f 1785/2141/1568 1786/2144/1571 1784/2140/1567
f 1787/2143/1570 1788/2146/1573 1786/2144/1571
f 1789/2145/1572 1790/2148/1575 1788/2146/1573
f 1791/2147/1574 1792/2150/1577 1790/2148/1575
f 1793/2149/1576 1794/2152/1579 1792/2150/1577
f 1795/2151/1578 1796/2154/1581 1794/2152/1579
f 1795/2151/1578 1797/2884/1582 1798/2153/1580
f 1797/2155/1582 1799/2158/1584 1800/2156/1583
f 1799/2158/1584 1801/2160/1586 1802/2159/1585
f 1801/2160/1586 1803/2162/1588 1804/2161/1587
f 1803/2162/1588 1805/2045/1482 1682/2044/1481
f 1806/2163/1589 1807/2165/1591 1802/2159/1585
f 1685/2043/1480 1806/2163/1589 1804/2161/1587
f 1808/2164/1590 1809/2225/1643 1807/2165/1591
f 1687/2166/1592 1808/2164/1590 1806/2163/1589
f 1811/2167/1593 1809/2225/1643 1808/2164/1590
f 1810/2168/1594 1808/2164/1590 1687/2166/1592
f 1812/2169/1595 1813/2171/1597 1811/2167/1593
f 1693/2052/1489 1812/2169/1595 1810/2168/1594
f 1814/2170/1596 1815/2220/1638 1813/2171/1597
f 1696/2055/1492 1814/2170/1596 1812/2169/1595
f 1817/2172/1598 1815/2220/1638 1814/2170/1596
f 1814/2170/1596 1696/2055/1492 1699/2058/1495
f 1818/2174/1595 1819/2176/1597 1817/2172/1598
f 1702/2063/1489 1818/2174/1595 1816/2173/1599
f 1820/2175/1600 1821/2178/1602 1819/2176/1597
f 1702/2063/1489 1705/2062/1497 1820/2175/1600
f 1822/2177/1601 1823/2180/1604 1821/2178/1602
f 1705/2062/1497 1708/2066/1500 1822/2177/1601
f 1822/2177/1601 1824/2181/1605 1825/2179/1603
f 1711/2072/1506 1824/2181/1605 1822/2177/1601
f 1824/2181/1605 1826/2184/1608 1827/2182/1606
f 1714/2071/1505 1826/2184/1608 1824/2181/1605
f 1828/2183/1607 1829/2186/1610 1827/2182/1606
f 1714/2071/1505 1717/2074/1508 1828/2183/1607
f 1830/2185/1609 1831/2188/1612 1829/2186/1610
f 1720/2078/1512 1830/2185/1609 1828/2183/1607
f 1830/2185/1609 1832/2189/1613 1833/2187/1611
f 1720/2078/1512 1723/2081/1515 1832/2189/1613
f 1832/2189/1613 1834/2191/1615 1835/2190/1614
f 1723/2081/1515 1726/2083/1517 1834/2191/1615
f 1837/2192/936 1835/2190/1614 1834/2191/1615
f 1836/2193/936 1834/2191/1615 1726/2083/1517
f 1838/2194/936 1840/2196/1616 1835/2190/1614
f 1839/2195/936 1841/2198/1618 1840/2196/1616
f 1842/2197/1617 1840/2196/1616 1841/2198/1618
f 1833/2187/1611 1835/2190/1614 1840/2196/1616
f 1844/2200/1620 1842/2197/1617 1843/2199/1619
f 1831/2188/1612 1833/2187/1611 1842/2197/1617
f 1846/2202/1622 1844/2200/1620 1845/2201/1621
f 1829/2186/1610 1831/2188/1612 1844/2200/1620
f 1846/2202/1622 1847/2203/1623 1849/2204/1624
f 1829/2186/1610 1846/2202/1622 1848/2205/1625
f 1848/2205/1625 1849/2204/1624 1851/2206/1626
f 1825/2179/1603 1827/2182/1606 1848/2205/1625
f 1850/2207/1627 1851/2206/1626 1853/2208/1628
f 1825/2179/1603 1850/2207/1627 1852/2209/1629
f 1852/2209/1629 1853/2208/1628 1855/2210/1630
f 1823/2180/1604 1852/2209/1629 1854/2211/1631
f 1856/2212/1632 1854/2211/1631 1855/2210/1630
f 1819/2176/1597 1821/2178/1602 1854/2211/1631
f 1856/2212/1632 1857/2213/1633 1859/2214/1634
f 1819/2176/1597 1856/2212/1632 1858/2215/1635
f 1861/2216/1636 1860/2217/1637 1858/2215/1635
f 1860/2217/1637 1815/2220/1638 1817/2172/1598
f 1862/2218/1632 1860/2217/1637 1861/2216/1636
f 1815/2220/1638 1860/2217/1637 1862/2218/1632
f 1862/2218/1632 1863/2219/1633 1865/2221/1639
f 1813/2171/1597 1862/2218/1632 1864/2222/1640
f 1864/2222/1640 1865/2221/1639 1867/2223/1641
f 1811/2167/1593 1864/2222/1640 1866/2224/1642
f 1866/2224/1642 1867/2223/1641 1869/2226/1644
f 1809/2225/1643 1866/2224/1642 1868/2227/1645
f 1868/2227/1645 1869/2226/1644 1798/2157/1580
f 1807/2165/1591 1868/2227/1645 1800/2156/1583
f 1867/2228/1641 1872/2234/1650 1870/2229/1646
f 1869/2230/1644 1870/2229/1646 1796/2154/1581
f 1870/2229/1646 1872/2234/1650 1873/2231/1647
f 1870/2229/1646 1871/2232/1648 1794/2152/1579
f 1874/2233/1649 1875/2237/1652 1873/2231/1647
f 1865/2235/1639 1874/2233/1649 1872/2234/1650
f 1876/2236/1651 1877/2240/1654 1875/2237/1652
f 1863/2238/1633 1876/2236/1651 1874/2233/1649
f 1878/2239/1653 1879/2241/1655 1877/2240/1654
f 1863/2238/1633 1861/2885/1636 1878/2239/1653
f 1879/2241/1655 1878/2239/1653 1880/2242/1656
f 1878/2239/1653 1861/2885/1636 1859/2244/1634
f 1880/2242/1656 1882/2246/1651 1883/2245/1654
f 1859/2244/1634 1857/2248/1633 1882/2246/1651
f 1884/2247/1658 1885/2250/1660 1883/2245/1654
f 1857/2248/1633 1855/2252/1630 1884/2247/1658
f 1886/2249/1659 1887/2254/1662 1885/2250/1660
f 1853/2251/1628 1886/2249/1659 1884/2247/1658
f 1888/2253/1661 1889/2257/1664 1887/2254/1662
f 1851/2255/1626 1888/2253/1661 1886/2249/1659
f 1890/2256/1663 1891/2260/1666 1889/2257/1664
f 1849/2258/1624 1890/2256/1663 1888/2253/1661
f 1892/2259/1665 1893/2263/1668 1891/2260/1666
f 1847/2261/1623 1892/2259/1665 1890/2256/1663
f 1892/2259/1665 1894/2265/1669 1895/2262/1667
f 1845/2264/1621 1894/2265/1669 1892/2259/1665
f 1894/2265/1669 1896/2267/1671 1897/2266/1670
f 1845/2264/1621 1843/2270/1619 1896/2267/1671
f 1898/2268/1672 1899/2272/1673 1897/2266/1670
f 1841/2269/1618 1898/2268/1672 1896/2267/1671
f 1900/2271/936 1901/2274/936 1899/2272/1673
f 1900/2271/936 1898/2268/1672 1841/2269/1618
f 1901/2274/936 1902/2276/936 1904/2275/1674
f 1902/2276/936 1903/2337/936 1905/2277/1675
f 1904/2275/1674 1905/2277/1675 1907/2278/1676
f 1899/2272/1673 1904/2275/1674 1906/2279/1677
f 1908/2280/1678 1906/2279/1677 1907/2278/1676
f 1895/2262/1667 1897/2266/1670 1906/2279/1677
f 1908/2280/1678 1909/2281/1679 1911/2282/1680
f 1895/2262/1667 1908/2280/1678 1910/2283/1681
f 1910/2283/1681 1911/2282/1680 1913/2284/1682
f 1893/2263/1668 1910/2283/1681 1912/2285/1683
f 1914/2286/1684 1912/2285/1683 1913/2284/1682
f 1891/2260/1666 1912/2285/1683 1914/2286/1684
f 1914/2286/1684 1915/2287/1685 1917/2288/1686
f 1889/2257/1664 1914/2286/1684 1916/2289/1687
f 1916/2289/1687 1917/2288/1686 1919/2290/1688
f 1885/2250/1660 1887/2254/1662 1916/2289/1687
f 1918/2291/1689 1919/2290/1688 1921/2292/1690
f 1883/2245/1654 1885/2250/1660 1918/2291/1689
f 1922/2294/1692 1920/2293/1691 1921/2292/1690
f 1883/2245/1654 1920/2293/1691 1922/2294/1692
f 1923/2295/1693 1925/2314/1710 1924/2296/1694
f 1924/2296/1694 1879/2241/1655 1881/2243/1657
f 1924/2296/1694 1925/2314/1710 1927/2297/1690
f 1879/2241/1655 1924/2296/1694 1926/2298/1691
f 1928/2299/1695 1926/2298/1691 1927/2297/1690
f 1875/2237/1652 1877/2240/1654 1926/2298/1691
f 1929/2300/1696 1931/2304/1700 1930/2301/1697
f 1875/2237/1652 1928/2299/1695 1930/2301/1697
f 1930/2301/1697 1931/2304/1700 1933/2302/1698
f 1873/2231/1647 1930/2301/1697 1932/2303/1699
f 1932/2303/1699 1933/2302/1698 1790/2148/1575
f 1871/2232/1648 1932/2303/1699 1792/2150/1577
f 1931/2304/1700 1936/2309/1705 1934/2305/1701
f 1933/2302/1698 1934/2305/1701 1788/2146/1573
f 1934/2305/1701 1936/2309/1705 1937/2306/1702
f 1934/2305/1701 1935/2307/1703 1786/2144/1571
f 1938/2308/1704 1939/2311/1707 1937/2306/1702
f 1929/2300/1696 1938/2308/1704 1936/2309/1705
f 1940/2310/1706 1941/2313/1709 1939/2311/1707
f 1929/2300/1696 1927/2297/1690 1940/2310/1706
f 1942/2312/1708 1943/2316/1712 1941/2313/1709
f 1925/2314/1710 1942/2312/1708 1940/2310/1706
f 1944/2315/1711 1945/2318/1713 1943/2316/1712
f 1944/2315/1711 1942/2312/1708 1925/2314/1710
f 1946/2317/1706 1947/2320/1709 1945/2318/1713
f 1923/2295/1693 1921/2292/1690 1946/2317/1706
f 1948/2319/1714 1949/2322/1716 1947/2320/1709
f 1919/2290/1688 1948/2319/1714 1946/2317/1706
f 1950/2321/1715 1951/2324/1718 1949/2322/1716
f 1919/2290/1688 1917/2288/1686 1950/2321/1715
f 1952/2323/1717 1953/2326/1720 1951/2324/1718
f 1915/2287/1685 1952/2323/1717 1950/2321/1715
f 1954/2325/1719 1955/2328/1722 1953/2326/1720
f 1913/2284/1682 1954/2325/1719 1952/2323/1717
f 1956/2327/1721 1957/2330/1724 1955/2328/1722
f 1911/2282/1680 1956/2327/1721 1954/2325/1719
f 1956/2327/1721 1958/2331/1725 1959/2329/1723
f 1911/2282/1680 1909/2281/1679 1958/2331/1725
f 1958/2331/1725 1960/2333/1727 1961/2332/1726
f 1907/2278/1676 1960/2333/1727 1958/2331/1725
f 1960/2333/1727 1962/2336/1729 1963/2334/1728
f 1905/2277/1675 1962/2336/1729 1960/2333/1727
f 1964/2335/936 1965/2339/936 1963/2334/1728
f 1903/2337/936 1964/2335/936 1962/2336/1729
f 1966/2338/936 1968/2341/1730 1963/2334/1728
f 1967/2340/936 1969/2343/1732 1968/2341/1730
f 1970/2342/1731 1968/2341/1730 1969/2343/1732
f 1961/2332/1726 1963/2334/1728 1968/2341/1730
f 1972/2345/1734 1970/2342/1731 1971/2344/1733
f 1959/2329/1723 1961/2332/1726 1970/2342/1731
f 1972/2345/1734 1973/2346/1735 1975/2347/1736
f 1959/2329/1723 1972/2345/1734 1974/2348/1737
f 1976/2349/1738 1974/2348/1737 1975/2347/1736
f 1955/2328/1722 1957/2330/1724 1974/2348/1737
f 1978/2351/1740 1976/2349/1738 1977/2350/1739
f 1955/2328/1722 1976/2349/1738 1978/2351/1740
f 1978/2351/1740 1979/2352/1741 1981/2353/1742
f 1953/2326/1720 1978/2351/1740 1980/2354/1743
f 1980/2354/1743 1981/2353/1742 1983/2355/1744
f 1951/2324/1718 1980/2354/1743 1982/2356/1745
f 1984/2357/1746 1982/2356/1745 1983/2355/1744
f 1947/2320/1709 1949/2322/1716 1982/2356/1745
f 1984/2357/1746 1985/2358/1747 1987/2359/1748
f 1947/2320/1709 1984/2357/1746 1986/2360/1749
f 1989/2361/1750 1988/2362/1751 1986/2360/1749
f 1988/2362/1751 1943/2316/1712 1945/2318/1713
f 1990/2363/1752 1988/2362/1751 1989/2361/1750
f 1943/2316/1712 1988/2362/1751 1990/2363/1752
f 1990/2363/1752 1991/2364/1747 1993/2365/1753
f 1939/2311/1707 1941/2313/1709 1990/2363/1752
f 1992/2366/1754 1993/2365/1753 1995/2367/1755
f 1939/2311/1707 1992/2366/1754 1994/2368/1756
f 1996/2369/1757 1994/2368/1756 1995/2367/1755
f 1937/2306/1702 1994/2368/1756 1996/2369/1757
f 1996/2369/1757 1997/2370/1758 1782/2138/1565
f 1935/2307/1703 1996/2369/1757 1784/2140/1567
f 1995/2367/1755 2000/2372/1760 1998/2371/1759
f 1997/2370/1758 1998/2371/1759 1780/2136/1563
f 2000/2372/1760 2001/2375/1763 1999/2373/1761
f 1998/2371/1759 1999/2373/1761 1778/2134/1561
f 2002/2374/1762 2003/2377/1765 2001/2375/1763
f 2002/2374/1762 2000/2372/1760 1995/2367/1755
f 2004/2376/1764 2005/2379/1767 2003/2377/1765
f 1991/2364/1747 2004/2376/1764 2002/2374/1762
f 2006/2378/1766 2007/2380/1768 2005/2379/1767
f 1991/2364/1747 1989/2361/1750 2006/2378/1766
f 2007/2380/1768 2006/2378/1766 2008/2381/1769
f 2008/2381/1769 2006/2378/1766 1989/2361/1750
f 2010/2383/1764 2011/2385/1767 2009/2382/1770
f 1985/2358/1747 2010/2383/1764 2008/2381/1769
f 2010/2383/1764 2012/2386/1772 2013/2384/1771
f 1985/2358/1747 1983/2355/1744 2012/2386/1772
f 2014/2387/1773 2015/2389/1775 2013/2384/1771
f 1983/2355/1744 1981/2353/1742 2014/2387/1773
f 2016/2388/1774 2017/2391/1777 2015/2389/1775
f 1979/2352/1741 2016/2388/1774 2014/2387/1773
f 2016/2388/1774 2018/2392/1778 2019/2390/1776
f 1979/2352/1741 1977/2350/1739 2018/2392/1778
f 2020/2393/1779 2021/2395/1781 2019/2390/1776
f 1977/2350/1739 1975/2347/1736 2020/2393/1779
f 2022/2394/1780 2023/2397/1783 2021/2395/1781
f 1973/2346/1735 2022/2394/1780 2020/2393/1779
f 2022/2394/1780 2024/2398/1784 2025/2396/1782
f 1973/2346/1735 1971/2344/1733 2024/2398/1784
f 2024/2398/1784 2026/2400/1786 2027/2399/1785
f 1971/2344/1733 1969/2343/1732 2026/2400/1786
f 2029/2401/936 2027/2399/1785 2026/2400/1786
f 2028/2402/936 2026/2400/1786 1969/2343/1732
f 2030/2403/936 2032/2405/1787 2027/2399/1785
f 2031/2404/936 2033/2407/1789 2032/2405/1787
f 2034/2406/1788 2032/2405/1787 2033/2407/1789
f 2025/2396/1782 2027/2399/1785 2032/2405/1787
f 2036/2409/1791 2034/2406/1788 2035/2408/1790
f 2023/2397/1783 2025/2396/1782 2034/2406/1788
f 2038/2411/1793 2036/2409/1791 2037/2410/1792
f 2021/2395/1781 2023/2397/1783 2036/2409/1791
f 2040/2413/1795 2038/2411/1793 2039/2412/1794
f 2019/2390/1776 2021/2395/1781 2038/2411/1793
f 2040/2413/1795 2041/2414/1796 2043/2415/1797
f 2017/2391/1777 2019/2390/1776 2040/2413/1795
f 2042/2416/1798 2043/2415/1797 2045/2417/1799
f 2017/2391/1777 2042/2416/1798 2044/2418/1800
f 2044/2418/1800 2045/2417/1799 2047/2419/1801
f 2015/2389/1775 2044/2418/1800 2046/2420/1802
f 2046/2420/1802 2047/2419/1801 2049/2421/1803
f 2011/2385/1767 2013/2384/1771 2046/2420/1802
f 2048/2422/1804 2049/2421/1803 2051/2423/1805
f 2009/2382/1770 2011/2385/1767 2048/2422/1804
f 2053/2425/1807 2052/2426/1808 2050/2424/1806
f 2052/2426/1808 2007/2380/1768 2009/2382/1770
f 2052/2426/1808 2053/2425/1807 2055/2427/1803
f 2007/2380/1768 2052/2426/1808 2054/2428/1804
f 2054/2428/1804 2055/2427/1803 2057/2429/1809
f 2005/2379/1767 2054/2428/1804 2056/2430/1810
f 2056/2430/1810 2057/2429/1809 2059/2431/1811
f 2003/2377/1765 2056/2430/1810 2058/2432/1812
f 2058/2432/1812 2059/2431/1811 2061/2433/1813
f 2001/2375/1763 2058/2432/1812 2060/2434/1814
f 2060/2434/1814 2061/2433/1813 1774/2132/1559
f 1999/2373/1761 2060/2434/1814 1776/2131/1558
f 2059/2431/1811 2064/2439/1819 2062/2435/1815
f 2061/2433/1813 2062/2435/1815 1772/2130/1557
f 2062/2435/1815 2064/2439/1819 2065/2436/1816
f 2062/2435/1815 2063/2437/1817 1770/2128/1555
f 2066/2438/1818 2067/2441/1821 2065/2436/1816
f 2057/2429/1809 2066/2438/1818 2064/2439/1819
f 2066/2438/1818 2068/2443/1823 2069/2440/1820
f 2055/2427/1803 2068/2443/1823 2066/2438/1818
f 2070/2442/1822 2071/2479/1853 2069/2440/1820
f 2053/2425/1807 2070/2442/1822 2068/2443/1823
f 2073/2444/1824 2071/2479/1853 2070/2442/1822
f 2070/2442/1822 2053/2425/1807 2051/2423/1805
f 2074/2446/1823 2075/2448/1820 2073/2444/1824
f 2051/2423/1805 2049/2421/1803 2074/2446/1823
f 2076/2447/1826 2077/2450/1828 2075/2448/1820
f 2047/2419/1801 2076/2447/1826 2074/2446/1823
f 2078/2449/1827 2079/2452/1830 2077/2450/1828
f 2045/2417/1799 2078/2449/1827 2076/2447/1826
f 2078/2449/1827 2080/2454/1832 2081/2451/1829
f 2043/2415/1797 2080/2454/1832 2078/2449/1827
f 2082/2453/1831 2083/2456/1834 2081/2451/1829
f 2041/2414/1796 2082/2453/1831 2080/2454/1832
f 2084/2455/1833 2085/2458/1836 2083/2456/1834
f 2039/2412/1794 2084/2455/1833 2082/2453/1831
f 2084/2455/1833 2086/2459/1837 2087/2457/1835
f 2039/2412/1794 2037/2410/1792 2086/2459/1837
f 2088/2460/1838 2089/2462/1840 2087/2457/1835
f 2035/2408/1790 2088/2460/1838 2086/2459/1837
f 2090/2461/1839 2091/2464/1841 2089/2462/1840
f 2035/2408/1790 2033/2407/1789 2090/2461/1839
f 2092/2463/936 2093/2465/936 2091/2464/1841
f 2031/2404/936 2092/2463/936 2090/2461/1839
f 2093/2465/936 2094/2467/936 2095/2466/1842
f 2094/2467/936 1732/2092/936 1734/2093/1522
f 2095/2466/1842 1734/2093/1522 1736/2095/1524
f 2091/2464/1841 2095/2466/1842 2096/2468/1843
f 2096/2468/1843 1736/2095/1524 1738/2097/1526
f 2089/2462/1840 2096/2468/1843 2097/2469/1844
f 2098/2470/1845 2097/2469/1844 1738/2097/1526
f 2085/2458/1836 2087/2457/1835 2097/2469/1844
f 2098/2470/1845 1740/2099/1528 1742/2101/1530
f 2085/2458/1836 2098/2470/1845 2099/2471/1846
f 2100/2472/1847 2099/2471/1846 1742/2101/1530
f 2083/2456/1834 2099/2471/1846 2100/2472/1847
f 2100/2472/1847 1744/2103/1532 1746/2105/1534
f 2079/2452/1830 2081/2451/1829 2100/2472/1847
f 2102/2474/1849 2101/2473/1848 1746/2105/1534
f 2077/2450/1828 2079/2452/1830 2101/2473/1848
f 2102/2474/1849 1748/2107/1536 1750/2109/1538
f 2077/2450/1828 2102/2474/1849 2103/2475/1850
f 2104/2476/1851 2103/2475/1850 1750/2109/1538
f 2075/2448/1820 2103/2475/1850 2104/2476/1851
f 1754/2114/1542 2105/2477/1852 2104/2476/1851
f 2105/2477/1852 2071/2479/1853 2073/2444/1824
f 2105/2477/1852 1754/2114/1542 1756/2115/1538
f 2071/2479/1853 2105/2477/1852 2106/2478/1850
f 2107/2480/1854 2106/2478/1850 1756/2115/1538
f 2069/2440/1820 2106/2478/1850 2107/2480/1854
f 2107/2480/1854 1758/2117/1544 1760/2119/1546
f 2067/2441/1821 2107/2480/1854 2108/2481/1855
f 2063/2437/1817 2065/2436/1816 2108/2481/1855
f 2063/2437/1817 1763/2122/1549 1765/2123/1550
f 2110/2482/1856 2114/2486/1860 2112/2483/1857
f 2111/2485/1859 2186/2558/1932 2110/2482/1856
f 2114/2486/1860 2115/2489/1863 2113/2487/1861
f 2114/2486/1860 2116/2490/1864 2117/2488/1862
f 2110/2482/1856 2118/2492/1866 2116/2490/1864
f 2116/2490/1864 2119/2493/1867 2120/2491/1865
f 2118/2492/1866 2121/2495/1869 2119/2493/1867
f 2119/2493/1867 2122/2496/1870 2123/2494/1868
f 2121/2495/1869 2124/2498/1872 2122/2496/1870
f 2122/2496/1870 2125/2499/1873 2126/2497/1871
f 2124/2498/1872 2127/2501/1875 2125/2499/1873
f 2125/2499/1873 2128/2502/1876 2129/2500/1874
f 2127/2501/1875 2130/2505/1879 2128/2502/1876
f 2131/2503/1877 2132/2507/1881 2129/2500/1874
f 2133/2504/1878 2131/2503/1877 2128/2502/1876
f 2134/2506/1880 2135/2510/1884 2132/2507/1881
f 2136/2508/1882 2134/2506/1880 2131/2503/1877
f 2137/2509/1883 2138/2513/1887 2135/2510/1884
f 2139/2511/1885 2137/2509/1883 2134/2506/1880
f 2140/2512/1886 2141/2516/1890 2138/2513/1887
f 2142/2514/1888 2140/2512/1886 2137/2509/1883
f 2143/2515/1889 2144/2519/1893 2141/2516/1890
f 2145/2517/1891 2143/2515/1889 2140/2512/1886
f 2146/2518/1892 2147/2522/1896 2144/2519/1893
f 2148/2520/1894 2146/2518/1892 2143/2515/1889
f 2149/2521/1895 2150/2524/1898 2147/2522/1896
f 2148/2520/1894 2151/2525/1899 2149/2521/1895
f 2149/2521/1895 2152/2526/1900 2153/2523/1897
f 2151/2525/1899 2154/2529/1903 2152/2526/1900
f 2155/2527/1901 2156/2886/2212 2153/2523/1897
f 2157/2528/1902 2155/2527/1901 2152/2526/1900
f 2158/2530/1904 2157/2528/1902 2154/2529/1903
f 2159/2532/1906 2158/2530/1904 2160/2531/1905
f 2160/2531/1905 2154/2529/1903 2151/2525/1899
f 2161/2533/1907 2160/2531/1905 2162/2534/1908
f 2164/2536/1910 2162/2534/1908 2151/2525/1899
f 2163/2535/1909 2162/2534/1908 2164/2536/1910
f 2164/2536/1910 2148/2520/1894 2145/2517/1891
f 2165/2537/1911 2164/2536/1910 2166/2538/1912
f 2166/2538/1912 2145/2517/1891 2142/2514/1888
f 2169/2541/1915 2167/2539/1913 2166/2538/1912
f 2168/2540/1914 2142/2514/1888 2139/2511/1885
f 2169/2541/1915 2168/2540/1914 2170/2542/1916
f 2172/2544/1918 2170/2542/1916 2139/2511/1885
f 2173/2545/1919 2171/2543/1917 2170/2542/1916
f 2172/2544/1918 2136/2508/1882 2133/2504/1878
f 2173/2545/1919 2172/2544/1918 2174/2546/1920
f 2174/2546/1920 2133/2504/1878 2130/2505/1879
f 2175/2547/1921 2174/2546/1920 2176/2548/1922
f 2178/2550/1924 2176/2548/1922 2130/2505/1879
f 2177/2549/1923 2176/2548/1922 2178/2550/1924
f 2180/2552/1926 2178/2550/1924 2127/2501/1875
f 2179/2551/1925 2178/2550/1924 2180/2552/1926
f 2182/2554/1928 2180/2552/1926 2124/2498/1872
f 2183/2555/1929 2181/2553/1927 2180/2552/1926
f 2184/2556/1930 2182/2554/1928 2121/2495/1869
f 2185/2557/1931 2183/2555/1929 2182/2554/1928
f 2186/2558/1932 2184/2556/1930 2118/2492/1866
f 2187/2559/1933 2185/2557/1931 2184/2556/1930
f 2189/2560/1934 2187/2559/1933 2186/2558/1932
f 2188/2561/1935 2196/2567/1941 2185/2557/1931
f 2190/2562/1936 2188/2561/1935 2187/2559/1933
f 2191/2563/1937 2193/2566/1940 2188/2561/1935
f 2194/2564/1938 2193/2566/1940 2191/2563/1937
f 2193/2566/1940 2195/2568/1942 2196/2567/1941
f 2194/2564/1938 2197/2570/1944 2195/2568/1942
f 2195/2568/1942 2198/2571/1945 2199/2569/1943
f 2197/2570/1944 2200/2573/1947 2198/2571/1945
f 2198/2571/1945 2201/2574/1948 2202/2572/1946
f 2200/2573/1947 2203/2576/1950 2201/2574/1948
f 2204/2575/1949 2205/2578/1952 2202/2572/1946
f 2203/2576/1950 2206/2579/1953 2204/2575/1949
f 2204/2575/1949 2207/2580/1954 2208/2577/1951
f 2206/2579/1953 2209/2583/1957 2207/2580/1954
f 2210/2581/1955 2211/2585/1959 2208/2577/1951
f 2212/2582/1956 2210/2581/1955 2207/2580/1954
f 2213/2584/1958 2214/2588/1962 2211/2585/1959
f 2215/2586/1960 2213/2584/1958 2210/2581/1955
f 2216/2587/1961 2217/2591/1965 2214/2588/1962
f 2218/2589/1963 2216/2587/1961 2213/2584/1958
f 2219/2590/1964 2220/2594/1968 2217/2591/1965
f 2221/2592/1966 2219/2590/1964 2216/2587/1961
f 2222/2593/1967 2223/2597/1971 2220/2594/1968
f 2224/2595/1969 2222/2593/1967 2219/2590/1964
f 2225/2596/1970 2226/2599/1973 2223/2597/1971
f 2224/2595/1969 2227/2600/1974 2225/2596/1970
f 2228/2598/1972 2229/2602/1976 2226/2599/1973
f 2227/2600/1974 2230/2603/1977 2228/2598/1972
f 2231/2601/1975 2232/2605/1979 2229/2602/1976
f 2230/2603/1977 2233/2607/1981 2231/2601/1975
f 2234/2604/1978 2235/2751/2110 2232/2605/1979
f 2236/2606/1980 2234/2604/1978 2231/2601/1975
f 2237/2608/1982 2236/2606/1980 2233/2607/1981
f 2238/2610/1984 2237/2608/1982 2239/2609/1983
f 2241/2612/1986 2239/2609/1983 2233/2607/1981
f 2242/2613/1987 2240/2611/1985 2239/2609/1983
f 2243/2614/1988 2241/2612/1986 2230/2603/1977
f 2244/2615/1989 2242/2613/1987 2241/2612/1986
f 2243/2614/1988 2227/2600/1974 2224/2595/1969
f 2244/2615/1989 2243/2614/1988 2245/2616/1990
f 2245/2616/1990 2224/2595/1969 2221/2592/1966
f 2246/2617/1991 2245/2616/1990 2247/2618/1992
f 2247/2618/1992 2221/2592/1966 2218/2589/1963
f 2248/2619/1993 2247/2618/1992 2249/2620/1994
f 2249/2620/1994 2218/2589/1963 2215/2586/1960
f 2250/2621/1995 2249/2620/1994 2251/2622/1996
f 2251/2622/1996 2215/2586/1960 2212/2582/1956
f 2252/2623/1997 2251/2622/1996 2253/2624/1998
f 2255/2626/2000 2253/2624/1998 2212/2582/1956
f 2254/2625/1999 2253/2624/1998 2255/2626/2000
f 2257/2628/2002 2255/2626/2000 2209/2583/1957
f 2258/2629/2003 2256/2627/2001 2255/2626/2000
f 2259/2630/2004 2257/2628/2002 2206/2579/1953
f 2260/2631/2005 2258/2629/2003 2257/2628/2002
f 2261/2632/2006 2259/2630/2004 2203/2576/1950
f 2262/2633/2007 2260/2631/2005 2259/2630/2004
f 2263/2634/2008 2261/2632/2006 2200/2573/1947
f 2264/2635/2009 2262/2633/2007 2261/2632/2006
f 2265/2636/2010 2263/2634/2008 2197/2570/1944
f 2266/2637/2011 2264/2635/2009 2263/2634/2008
f 2265/2636/2010 2194/2564/1938 2192/2565/1939
f 2266/2637/2011 2265/2636/2010 2267/2638/2012
f 2271/2640/2014 2266/2637/2011 2268/2639/2013
f 2270/2642/2016 2272/2643/2017 2271/2640/2014
f 2271/2640/2014 2273/2644/2018 2264/2635/2009
f 2272/2643/2017 2274/2645/2019 2273/2644/2018
f 2273/2644/2018 2275/2646/2020 2262/2633/2007
f 2274/2645/2019 2276/2648/2022 2275/2646/2020
f 2275/2646/2020 2277/2650/2024 2260/2631/2005
f 2278/2647/2021 2277/2650/2024 2275/2646/2020
f 2279/2649/2023 2258/2629/2003 2260/2631/2005
f 2280/2651/2025 2279/2649/2023 2277/2650/2024
f 2281/2652/2026 2256/2627/2001 2258/2629/2003
f 2282/2653/2027 2281/2652/2026 2279/2649/2023
f 2283/2654/2028 2254/2625/1999 2256/2627/2001
f 2284/2655/2029 2283/2654/2028 2281/2652/2026
f 2285/2656/2030 2252/2623/1997 2254/2625/1999
f 2286/2657/2031 2285/2656/2030 2283/2654/2028
f 2287/2658/2032 2250/2621/1995 2252/2623/1997
f 2288/2659/2033 2287/2658/2032 2285/2656/2030
f 2289/2660/2034 2248/2619/1993 2250/2621/1995
f 2290/2661/2035 2289/2660/2034 2287/2658/2032
f 2291/2662/2036 2246/2617/1991 2248/2619/1993
f 2292/2663/2037 2291/2662/2036 2289/2660/2034
f 2293/2664/2038 2244/2615/1989 2246/2617/1991
f 2294/2665/2039 2293/2664/2038 2291/2662/2036
f 2295/2666/2040 2242/2613/1987 2244/2615/1989
f 2296/2667/2041 2295/2666/2040 2293/2664/2038
f 2297/2668/2042 2240/2611/1985 2242/2613/1987
f 2296/2667/2041 2298/2671/2045 2297/2668/2042
f 2299/2669/2043 2238/2610/1984 2240/2611/1985
f 2300/2670/2044 2299/2669/2043 2297/2668/2042
f 2301/2672/2046 2300/2670/2044 2298/2671/2045
f 2302/2674/2048 2301/2672/2046 2303/2673/2047
f 2305/2676/2050 2303/2673/2047 2298/2671/2045
f 2304/2675/2049 2303/2673/2047 2305/2676/2050
f 2305/2676/2050 2296/2667/2041 2294/2665/2039
f 2306/2677/2051 2305/2676/2050 2307/2678/2052
f 2307/2678/2052 2294/2665/2039 2292/2663/2037
f 2308/2679/2053 2307/2678/2052 2309/2680/2054
f 2309/2680/2054 2292/2663/2037 2290/2661/2035
f 2310/2681/2055 2309/2680/2054 2311/2682/2056
f 2311/2682/2056 2290/2661/2035 2288/2659/2033
f 2312/2683/2057 2311/2682/2056 2313/2684/2058
f 2313/2684/2058 2288/2659/2033 2286/2657/2031
f 2314/2685/2059 2313/2684/2058 2315/2686/2060
f 2315/2686/2060 2286/2657/2031 2284/2655/2029
f 2316/2687/2061 2315/2686/2060 2317/2688/2062
f 2317/2688/2062 2284/2655/2029 2282/2653/2027
f 2318/2689/2063 2317/2688/2062 2319/2690/2064
f 2319/2690/2064 2282/2653/2027 2280/2651/2025
f 2320/2691/2065 2319/2690/2064 2321/2692/2066
f 2323/2694/2068 2321/2692/2066 2280/2651/2025
f 2322/2693/2067 2321/2692/2066 2323/2694/2068
f 2323/2694/2068 2278/2647/2021 2276/2648/2022
f 2324/2695/2069 2323/2694/2068 2325/2696/2070
f 2327/2698/2072 2325/2696/2070 2276/2648/2022
f 2328/2699/2073 2326/2697/2071 2325/2696/2070
f 2329/2700/2074 2327/2698/2072 2274/2645/2019
f 2330/2701/2075 2328/2699/2073 2327/2698/2072
f 2331/2702/2076 2329/2700/2074 2272/2643/2017
f 2330/2701/2075 2329/2700/2074 2331/2702/2076
f 2335/2704/2078 2330/2701/2075 2332/2703/2077
f 2336/2706/2080 2335/2710/2078 2333/2707/2079
f 2335/2704/2078 2337/2711/2082 2328/2699/2073
f 2336/2706/2080 2338/2712/2083 2337/2709/2082
f 2337/2711/2082 2339/2714/2084 2326/2697/2071
f 2338/2712/2083 2340/2715/2085 2339/2713/2084
f 2339/2714/2084 2341/2717/2086 2324/2695/2069
f 2340/2715/2085 2342/2718/2087 2341/2716/2086
f 2341/2717/2086 2343/2720/2088 2322/2693/2067
f 2342/2718/2087 2344/2722/2090 2343/2719/2088
f 2343/2720/2088 2345/2724/2092 2320/2691/2065
f 2346/2721/2089 2345/2726/2092 2343/2719/2088
f 2347/2723/2091 2318/2689/2063 2320/2691/2065
f 2348/2725/2093 2347/2729/2091 2345/2726/2092
f 2349/2727/2094 2316/2687/2061 2318/2689/2063
f 2350/2728/2095 2349/2732/2094 2347/2729/2091
f 2351/2730/2096 2314/2685/2059 2316/2687/2061
f 2352/2731/2097 2351/2735/2096 2349/2732/2094
f 2353/2733/2098 2312/2683/2057 2314/2685/2059
f 2354/2734/2099 2353/2738/2098 2351/2735/2096
f 2355/2736/2100 2310/2681/2055 2312/2683/2057
f 2356/2737/2101 2355/2741/2100 2353/2738/2098
f 2357/2739/2102 2308/2679/2053 2310/2681/2055
f 2358/2740/2103 2357/2744/2102 2355/2741/2100
f 2359/2742/2104 2306/2677/2051 2308/2679/2053
f 2358/2740/2103 2360/2746/2106 2359/2743/2104
f 2361/2745/2105 2304/2675/2049 2306/2677/2051
f 2360/2746/2106 2362/2750/2109 2361/2747/2105
f 2363/2748/2107 2302/2674/2048 2304/2675/2049
f 2364/2749/2108 2363/2887/2107 2361/2747/2105
f 2153/2523/1897 2156/2886/2212 2364/2749/2108
f 2150/2524/1898 2153/2523/1897 2362/2750/2109
f 2150/2524/1898 2360/2746/2106 2358/2740/2103
f 2147/2522/1896 2358/2740/2103 2356/2737/2101
f 2141/2516/1890 2144/2519/1893 2356/2737/2101
f 2141/2516/1890 2354/2734/2099 2352/2731/2097
f 2138/2513/1887 2352/2731/2097 2350/2728/2095
f 2135/2510/1884 2350/2728/2095 2348/2725/2093
f 2132/2507/1881 2348/2725/2093 2346/2721/2089
f 2126/2497/1871 2129/2500/1874 2346/2721/2089
f 2123/2494/1868 2126/2497/1871 2344/2722/2090
f 2120/2491/1865 2123/2494/1868 2342/2718/2087
f 2117/2488/1862 2120/2491/1865 2340/2715/2085
f 2115/2489/1863 2117/2488/1862 2338/2712/2083
f 2115/2489/1863 2336/2706/2080 2334/2708/2081
f 2235/2751/2110 2159/2532/1906 2161/2533/1907
f 2232/2605/1979 2161/2533/1907 2163/2535/1909
f 2229/2602/1976 2163/2535/1909 2165/2537/1911
f 2226/2599/1973 2165/2537/1911 2167/2539/1913
f 2220/2594/1968 2223/2597/1971 2167/2539/1913
f 2220/2594/1968 2169/2541/1915 2171/2543/1917
f 2217/2591/1965 2171/2543/1917 2173/2545/1919
f 2211/2585/1959 2214/2588/1962 2173/2545/1919
f 2211/2585/1959 2175/2547/1921 2177/2549/1923
f 2208/2577/1951 2177/2549/1923 2179/2551/1925
f 2205/2578/1952 2179/2551/1925 2181/2553/1927
f 2199/2569/1943 2202/2572/1946 2181/2553/1927
f 2196/2567/1941 2199/2569/1943 2183/2555/1929
f 2365/2752/2111 2366/2756/2115 2370/2753/2112
f 2367/2755/2114 2386/2776/2135 2366/2756/2115
f 2367/2755/2114 2365/2752/2111 2368/2757/2116
f 2365/2752/2111 2369/2754/2113 2371/2759/2118
f 2374/2760/2119 2368/2757/2116 2371/2759/2118
f 2374/2760/2119 2372/2761/2120 2373/2762/2121
f 2375/2764/2123 2389/2758/2117 2368/2757/2116
f 2375/2764/2123 2374/2760/2119 2376/2763/2122
f 2376/2763/2122 2378/2767/2126 2379/2766/2125
f 2378/2767/2126 2376/2763/2122 2373/2762/2121
f 2380/2769/2128 2387/2774/2133 2379/2766/2125
f 2378/2767/2126 2381/2768/2127 2382/2770/2129
f 2384/2771/2130 2380/2769/2128 2382/2770/2129
f 2384/2771/2130 2383/2772/2131 2370/2753/2112
f 2366/2756/2115 2386/2776/2135 2385/2773/2132
f 2380/2769/2128 2384/2771/2130 2385/2773/2132
f 2388/2775/2134 2387/2774/2133 2385/2773/2132
f 2388/2775/2134 2377/2765/2124 2379/2766/2125
f 2375/2764/2123 2377/2765/2124 2388/2775/2134
f 2367/2755/2114 2389/2758/2117 2388/2775/2134
f 2390/2777/2136 2391/2781/2140 2395/2778/2137
f 2392/2780/2139 2411/2801/2160 2391/2781/2140
f 2392/2780/2139 2390/2777/2136 2393/2782/2141
f 2390/2777/2136 2394/2779/2138 2396/2784/2143
f 2399/2785/2144 2393/2782/2141 2396/2784/2143
f 2399/2785/2144 2397/2786/2145 2398/2787/2146
f 2400/2789/2148 2414/2783/2142 2393/2782/2141
f 2400/2789/2148 2399/2785/2144 2401/2788/2147
f 2401/2788/2147 2403/2792/2151 2404/2791/2150
f 2403/2792/2151 2401/2788/2147 2398/2787/2146
f 2405/2794/2153 2412/2799/2158 2404/2791/2150
f 2403/2792/2151 2406/2793/2152 2407/2795/2154
f 2409/2796/2155 2405/2794/2153 2407/2795/2154
f 2409/2796/2155 2408/2797/2156 2395/2778/2137
f 2391/2781/2140 2411/2801/2160 2410/2798/2157
f 2405/2794/2153 2409/2796/2155 2410/2798/2157
f 2413/2800/2159 2412/2799/2158 2410/2798/2157
f 2413/2800/2159 2402/2790/2149 2404/2791/2150
f 2400/2789/2148 2402/2790/2149 2413/2800/2159
f 2392/2780/2139 2414/2783/2142 2413/2800/2159
f 2415/2802/2161 2416/2806/2165 2420/2803/2162
f 2417/2805/2164 2436/2826/2185 2416/2806/2165
f 2417/2805/2164 2415/2802/2161 2418/2807/2166
f 2418/2807/2166 2415/2802/2161 2419/2804/2163
f 2424/2810/2169 2418/2807/2166 2421/2809/2168
f 2424/2810/2169 2422/2811/2170 2423/2812/2171
f 2425/2814/2173 2439/2808/2167 2418/2807/2166
f 2425/2814/2173 2424/2810/2169 2426/2813/2172
f 2426/2813/2172 2428/2817/2176 2429/2816/2175
f 2428/2817/2176 2426/2813/2172 2423/2812/2171
f 2430/2819/2178 2437/2824/2183 2429/2816/2175
f 2428/2817/2176 2431/2818/2177 2432/2820/2179
f 2430/2819/2178 2432/2820/2179 2433/2821/2180
f 2434/2822/2181 2433/2821/2180 2420/2803/2162
f 2416/2806/2165 2436/2826/2185 2435/2823/2182
f 2430/2819/2178 2434/2822/2181 2435/2823/2182
f 2438/2825/2184 2437/2824/2183 2435/2823/2182
f 2438/2825/2184 2427/2815/2174 2429/2816/2175
f 2425/2814/2173 2427/2815/2174 2438/2825/2184
f 2417/2805/2164 2439/2808/2167 2438/2825/2184
f 2440/2827/2186 2441/2831/2190 2445/2828/2187
f 2442/2830/2189 2461/2851/2210 2441/2831/2190
f 2442/2830/2189 2440/2827/2186 2443/2832/2191
f 2440/2827/2186 2444/2829/2188 2446/2834/2193
f 2443/2832/2191 2446/2834/2193 2447/2835/2194
f 2449/2836/2195 2447/2835/2194 2448/2837/2196
f 2450/2839/2198 2464/2833/2192 2443/2832/2191
f 2450/2839/2198 2449/2836/2195 2451/2838/2197
f 2451/2838/2197 2453/2842/2201 2454/2841/2200
f 2453/2842/2201 2451/2838/2197 2448/2837/2196
f 2455/2844/2203 2462/2849/2208 2454/2841/2200
f 2455/2844/2203 2453/2842/2201 2456/2843/2202
f 2459/2846/2205 2455/2844/2203 2457/2845/2204
f 2459/2846/2205 2458/2847/2206 2445/2828/2187
f 2441/2831/2190 2461/2851/2210 2460/2848/2207
f 2455/2844/2203 2459/2846/2205 2460/2848/2207
f 2463/2850/2209 2462/2849/2208 2460/2848/2207
f 2463/2850/2209 2452/2840/2199 2454/2841/2200
f 2450/2839/2198 2452/2840/2199 2463/2850/2209
f 2442/2830/2189 2464/2833/2192 2463/2850/2209
o stick_grenade_LOD1
v -0.033335 0.133154 -0.026326
v -0.031659 0.132382 -0.027993
v -0.027981 0.132349 -0.031664
v -0.026314 0.133149 -0.033347
v -0.024172 0.142889 -0.034416
v -0.034400 0.142889 -0.024188
v -0.024209 0.143860 -0.034454
v -0.034438 0.143860 -0.024226
v -0.024364 0.144970 -0.034608
v -0.034592 0.144970 -0.024380
v -0.030144 0.160922 -0.040392
v -0.040376 0.160922 -0.030160
v -0.030483 0.162118 -0.040729
v -0.040713 0.162118 -0.030499
v -0.030713 0.164102 -0.040961
v -0.040945 0.164102 -0.030729
v -0.031782 0.199442 -0.042029
v -0.042013 0.199442 -0.031798
v -0.031646 0.203048 -0.041893
v -0.041877 0.203048 -0.031662
v -0.030881 0.206313 -0.041126
v -0.041110 0.206313 -0.030897
v -0.029208 0.208739 -0.039452
v -0.039436 0.208739 -0.029224
v -0.027035 0.210213 -0.037279
v -0.037263 0.210213 -0.027051
v -0.024631 0.210570 -0.034876
v -0.034860 0.210570 -0.024647
v -0.022492 0.209854 -0.032736
v -0.032720 0.209854 -0.022508
v -0.020495 0.208088 -0.030732
v -0.030716 0.208088 -0.020511
v -0.019454 0.205143 -0.029695
v -0.029679 0.205143 -0.019470
v -0.019208 0.201334 -0.029452
v -0.029436 0.201334 -0.019224
v -0.034854 0.135191 -0.024714
v -0.024698 0.135191 -0.034870
v -0.022203 0.123023 -0.026241
v -0.024214 0.122659 -0.024230
v -0.026228 0.123024 -0.022217
v -0.029284 0.125378 -0.019162
v -0.027933 0.124057 -0.020512
v -0.020494 0.124059 -0.027951
v -0.019146 0.125378 -0.029300
v -0.032828 0.142946 -0.023556
v -0.023540 0.142946 -0.032844
v -0.032874 0.144065 -0.023607
v -0.023591 0.144065 -0.032890
v -0.033076 0.145468 -0.023814
v -0.023798 0.145468 -0.033092
v -0.038891 0.161539 -0.029614
v -0.029598 0.161539 -0.038907
v -0.039183 0.162537 -0.029895
v -0.029879 0.162537 -0.039199
v -0.039378 0.164272 -0.030097
v -0.030081 0.164272 -0.039394
v -0.040439 0.199455 -0.031161
v -0.031145 0.199455 -0.040455
v -0.040336 0.202757 -0.031056
v -0.031040 0.202757 -0.040352
v -0.039692 0.205576 -0.030409
v -0.030393 0.205576 -0.039708
v -0.038304 0.207535 -0.029029
v -0.029013 0.207535 -0.038321
v -0.036495 0.208733 -0.027216
v -0.027200 0.208733 -0.036511
v -0.034497 0.209012 -0.025215
v -0.025199 0.209012 -0.034513
v -0.032671 0.208405 -0.023391
v -0.023375 0.208405 -0.032687
v -0.031080 0.207034 -0.021787
v -0.021771 0.207034 -0.031096
v -0.030292 0.204756 -0.021003
v -0.020987 0.204756 -0.030308
v -0.030074 0.201264 -0.020795
v -0.020779 0.201264 -0.030091
v -0.035038 0.142832 -0.025761
v -0.025745 0.142832 -0.035054
v -0.035071 0.143657 -0.025789
v -0.025772 0.143657 -0.035087
v -0.035182 0.144470 -0.025891
v -0.025875 0.144470 -0.035198
v -0.040918 0.160307 -0.031647
v -0.031631 0.160307 -0.040934
v -0.041298 0.161702 -0.032034
v -0.032018 0.161702 -0.041314
v -0.041567 0.163932 -0.032299
v -0.032282 0.163932 -0.041583
v -0.042643 0.199431 -0.033375
v -0.033358 0.199431 -0.042659
v -0.042470 0.203348 -0.033206
v -0.033190 0.203348 -0.042486
v -0.041581 0.207040 -0.032322
v -0.032306 0.207040 -0.041597
v -0.039625 0.209933 -0.030365
v -0.030349 0.209933 -0.039641
v -0.037093 0.211685 -0.027830
v -0.027814 0.211685 -0.037109
v -0.034285 0.212121 -0.025018
v -0.025002 0.212121 -0.034301
v -0.031830 0.211297 -0.022562
v -0.022546 0.211297 -0.031846
v -0.029430 0.209133 -0.020170
v -0.020154 0.209133 -0.029446
v -0.028141 0.205534 -0.018879
v -0.018863 0.205534 -0.028157
v -0.027863 0.201405 -0.018594
v -0.018578 0.201405 -0.027879
v -0.026199 0.135374 -0.035514
v -0.035498 0.135374 -0.026215
v -0.027634 0.133419 -0.034101
v -0.029141 0.132635 -0.032538
v -0.032535 0.132671 -0.029154
v -0.034090 0.133425 -0.027646
v -0.024039 0.135125 -0.033406
v -0.033390 0.135125 -0.024055
v -0.032016 0.133187 -0.025536
v -0.030476 0.132440 -0.027077
v -0.027067 0.132405 -0.030481
v -0.025525 0.133181 -0.032028
v -0.025047 0.123197 -0.021320
v -0.023183 0.122830 -0.023199
v -0.021306 0.123197 -0.025061
v -0.019704 0.124243 -0.026614
v -0.026598 0.124240 -0.019723
v -0.027811 0.125436 -0.018508
v -0.018492 0.125436 -0.027827
v -0.023385 0.123190 -0.027140
v -0.025247 0.122823 -0.025263
v -0.027126 0.123190 -0.023399
v -0.028724 0.124233 -0.021848
v -0.020618 0.125429 -0.029954
v -0.021831 0.124236 -0.028742
v -0.029938 0.125429 -0.020635
v -0.029804 0.132207 -0.029810
v -0.028758 0.132258 -0.028764
v -0.030814 0.132483 -0.030820
v -0.029290 0.128681 -0.019165
v -0.019149 0.128681 -0.029307
v -0.018496 0.128739 -0.027829
v -0.029944 0.128726 -0.020642
v -0.020625 0.128726 -0.029960
v -0.027813 0.128739 -0.018512
v 0.010305 0.084717 0.013861
v 0.011648 0.087591 0.015670
v 0.011827 0.097372 0.015911
v 0.012920 0.100578 0.017383
v 0.013521 0.102644 0.018192
v 0.013068 0.103920 0.017583
v 0.011601 0.104103 0.015607
v 0.011630 0.109019 0.015646
v 0.013175 0.111336 0.017727
v 0.022203 0.111960 0.029885
v 0.023082 0.114253 0.031068
v 0.022226 0.116641 0.029916
v 0.020810 0.116902 0.028009
v 0.020344 0.121125 0.027380
v 0.020567 0.213550 0.027681
v 0.020166 0.217248 0.027141
v 0.018450 0.218969 0.024831
v 0.000006 0.220196 -0.000004
v 0.014828 0.084717 0.008866
v 0.016760 0.087591 0.010023
v 0.017018 0.097372 0.010177
v 0.018591 0.100578 0.011119
v 0.019456 0.102644 0.011636
v 0.018804 0.103920 0.011246
v 0.016693 0.104103 0.009982
v 0.016734 0.109019 0.010007
v 0.018959 0.111336 0.011338
v 0.031952 0.111960 0.019116
v 0.033217 0.114253 0.019873
v 0.031985 0.116641 0.019136
v 0.029947 0.116902 0.017916
v 0.029275 0.121125 0.017514
v 0.029597 0.213550 0.017706
v 0.029020 0.217248 0.017361
v 0.026551 0.218969 0.015883
v 0.017094 0.084717 0.002519
v 0.019323 0.087591 0.002849
v 0.019620 0.097372 0.002892
v 0.021434 0.100578 0.003160
v 0.022431 0.102644 0.003308
v 0.021679 0.103920 0.003197
v 0.019245 0.104103 0.002837
v 0.019292 0.109019 0.002844
v 0.021857 0.111336 0.003223
v 0.036838 0.111960 0.005436
v 0.038296 0.114253 0.005652
v 0.036876 0.116641 0.005442
v 0.034526 0.116902 0.005095
v 0.033752 0.121125 0.004980
v 0.034122 0.213550 0.005035
v 0.033457 0.217248 0.004937
v 0.030610 0.218969 0.004516
v 0.016759 0.084717 -0.004211
v 0.018944 0.087591 -0.004760
v 0.019235 0.097372 -0.004833
v 0.021014 0.100578 -0.005280
v 0.021992 0.102644 -0.005525
v 0.021255 0.103920 -0.005340
v 0.018868 0.104103 -0.004741
v 0.018915 0.109019 -0.004752
v 0.021429 0.111336 -0.005384
v 0.036116 0.111960 -0.009072
v 0.037546 0.114253 -0.009431
v 0.036154 0.116641 -0.009081
v 0.033850 0.116902 -0.008503
v 0.033091 0.121125 -0.008312
v 0.033454 0.213550 -0.008403
v 0.032802 0.217248 -0.008240
v 0.030011 0.218969 -0.007539
v 0.000086 0.220195 -0.000024
v 0.013875 0.084717 -0.010301
v 0.015683 0.087591 -0.011644
v 0.015924 0.097372 -0.011823
v 0.017396 0.100578 -0.012916
v 0.018206 0.102644 -0.013517
v 0.017596 0.103920 -0.013065
v 0.015620 0.104103 -0.011597
v 0.015659 0.109019 -0.011626
v 0.017740 0.111336 -0.013172
v 0.029898 0.111960 -0.022200
v 0.031082 0.114253 -0.023078
v 0.029929 0.116641 -0.022223
v 0.028022 0.116902 -0.020806
v 0.027394 0.121125 -0.020340
v 0.027694 0.213550 -0.020563
v 0.027154 0.217248 -0.020162
v 0.024844 0.218969 -0.018447
v 0.008879 0.084717 -0.014824
v 0.010036 0.087591 -0.016757
v 0.010190 0.097372 -0.017014
v 0.011132 0.100578 -0.018588
v 0.011649 0.102644 -0.019453
v 0.011259 0.103920 -0.018801
v 0.009995 0.104103 -0.016689
v 0.010020 0.109019 -0.016731
v 0.011352 0.111336 -0.018955
v 0.019129 0.111960 -0.031948
v 0.019886 0.114253 -0.033213
v 0.019149 0.116641 -0.031982
v 0.017929 0.116902 -0.029943
v 0.017527 0.121125 -0.029272
v 0.017720 0.213550 -0.029593
v 0.017374 0.217248 -0.029016
v 0.015896 0.218969 -0.026547
v 0.002533 0.084717 -0.017090
v 0.002862 0.087591 -0.019319
v 0.002906 0.097372 -0.019616
v 0.003174 0.100578 -0.021430
v 0.003321 0.102644 -0.022427
v 0.003210 0.103920 -0.021676
v 0.002850 0.104103 -0.019241
v 0.002857 0.109019 -0.019289
v 0.003236 0.111336 -0.021853
v 0.005449 0.111960 -0.036834
v 0.005665 0.114253 -0.038292
v 0.005455 0.116641 -0.036872
v 0.005108 0.116902 -0.034522
v 0.004994 0.121125 -0.033748
v 0.005048 0.213550 -0.034119
v 0.004950 0.217248 -0.033453
v 0.004529 0.218969 -0.030606
v -0.004198 0.084717 -0.016756
v -0.004747 0.087591 -0.018941
v -0.004820 0.097372 -0.019232
v -0.005266 0.100578 -0.021010
v -0.005512 0.102644 -0.021988
v -0.005327 0.103920 -0.021251
v -0.004727 0.104103 -0.018864
v -0.004739 0.109019 -0.018911
v -0.005371 0.111336 -0.021426
v -0.009059 0.111960 -0.036113
v -0.009418 0.114253 -0.037542
v -0.009068 0.116641 -0.036150
v -0.008489 0.116902 -0.033846
v -0.008299 0.121125 -0.033087
v -0.008390 0.213550 -0.033451
v -0.008226 0.217248 -0.032798
v -0.007525 0.218969 -0.030007
v -0.010288 0.084717 -0.013871
v -0.011631 0.087591 -0.015680
v -0.011810 0.097372 -0.015921
v -0.012903 0.100578 -0.017393
v -0.013504 0.102644 -0.018202
v -0.013051 0.103920 -0.017592
v -0.011584 0.104103 -0.015616
v -0.011613 0.109019 -0.015655
v -0.013158 0.111336 -0.017737
v -0.022186 0.111960 -0.029894
v -0.023065 0.114253 -0.031078
v -0.022209 0.116641 -0.029925
v -0.020793 0.116902 -0.028018
v -0.020327 0.121125 -0.027390
v -0.020550 0.213550 -0.027691
v -0.020149 0.217248 -0.027151
v -0.018433 0.218969 -0.024840
v -0.014811 0.084717 -0.008875
v -0.016744 0.087591 -0.010032
v -0.017001 0.097372 -0.010186
v -0.018574 0.100578 -0.011128
v -0.019439 0.102644 -0.011646
v -0.018788 0.103920 -0.011256
v -0.016676 0.104103 -0.009992
v -0.016717 0.109019 -0.010017
v -0.018942 0.111336 -0.011348
v -0.031935 0.111960 -0.019126
v -0.033200 0.114253 -0.019883
v -0.031968 0.116641 -0.019145
v -0.029930 0.116902 -0.017925
v -0.029259 0.121125 -0.017523
v -0.029580 0.213550 -0.017716
v -0.029003 0.217248 -0.017370
v -0.026534 0.218969 -0.015892
v -0.017077 0.084717 -0.002529
v -0.019306 0.087591 -0.002858
v -0.019603 0.097372 -0.002902
v -0.021417 0.100578 -0.003170
v -0.022414 0.102644 -0.003317
v -0.021662 0.103920 -0.003206
v -0.019228 0.104103 -0.002847
v -0.019275 0.109019 -0.002854
v -0.021840 0.111336 -0.003233
v -0.036821 0.111960 -0.005446
v -0.038279 0.114253 -0.005661
v -0.036859 0.116641 -0.005451
v -0.034509 0.116902 -0.005104
v -0.033735 0.121125 -0.004990
v -0.034105 0.213550 -0.005045
v -0.033440 0.217248 -0.004946
v -0.030593 0.218969 -0.004526
v -0.016743 0.084717 0.004202
v -0.018927 0.087591 0.004750
v -0.019219 0.097372 0.004823
v -0.020997 0.100578 0.005270
v -0.021975 0.102644 0.005515
v -0.021238 0.103920 0.005330
v -0.018851 0.104103 0.004731
v -0.018898 0.109019 0.004743
v -0.021412 0.111336 0.005374
v -0.036099 0.111960 0.009062
v -0.037529 0.114253 0.009421
v -0.036137 0.116641 0.009072
v -0.033833 0.116902 0.008493
v -0.033074 0.121125 0.008303
v -0.033437 0.213550 0.008394
v -0.032785 0.217248 0.008230
v -0.029994 0.218969 0.007529
v -0.013858 0.084717 0.010292
v -0.015666 0.087591 0.011635
v -0.015907 0.097372 0.011814
v -0.017380 0.100578 0.012907
v -0.018189 0.102644 0.013508
v -0.017579 0.103920 0.013055
v -0.015603 0.104103 0.011588
v -0.015642 0.109019 0.011617
v -0.017723 0.111336 0.013162
v -0.029881 0.111960 0.022190
v -0.031065 0.114253 0.023069
v -0.029912 0.116641 0.022213
v -0.028005 0.116902 0.020797
v -0.027377 0.121125 0.020330
v -0.027677 0.213550 0.020554
v -0.027137 0.217248 0.020153
v -0.024827 0.218969 0.018437
v -0.008862 0.084717 0.014814
v -0.010019 0.087591 0.016747
v -0.010173 0.097372 0.017005
v -0.011115 0.100578 0.018578
v -0.011633 0.102644 0.019443
v -0.011242 0.103920 0.018791
v -0.009978 0.104103 0.016680
v -0.010003 0.109019 0.016721
v -0.011335 0.111336 0.018945
v -0.019112 0.111960 0.031939
v -0.019869 0.114253 0.033204
v -0.019132 0.116641 0.031972
v -0.017912 0.116902 0.029934
v -0.017510 0.121125 0.029262
v -0.017703 0.213550 0.029584
v -0.017357 0.217248 0.029007
v -0.015879 0.218969 0.026537
v -0.002516 0.084717 0.017081
v -0.002845 0.087591 0.019309
v -0.002889 0.097372 0.019606
v -0.003157 0.100578 0.021420
v -0.003304 0.102644 0.022417
v -0.003193 0.103920 0.021666
v -0.002833 0.104103 0.019231
v -0.002840 0.109019 0.019279
v -0.003219 0.111336 0.021844
v -0.005433 0.111960 0.036824
v -0.005648 0.114253 0.038283
v -0.005438 0.116641 0.036863
v -0.005091 0.116902 0.034513
v -0.004977 0.121125 0.033738
v -0.005031 0.213550 0.034109
v -0.004933 0.217248 0.033444
v -0.004512 0.218969 0.030597
v 0.004215 0.084717 0.016746
v 0.004763 0.087591 0.018931
v 0.004837 0.097372 0.019222
v 0.005283 0.100578 0.021001
v 0.005529 0.102644 0.021978
v 0.005344 0.103920 0.021242
v 0.004744 0.104103 0.018855
v 0.004756 0.109019 0.018901
v 0.005387 0.111336 0.021416
v 0.009076 0.111960 0.036103
v 0.009435 0.114253 0.037533
v 0.009085 0.116641 0.036141
v 0.008506 0.116902 0.033837
v 0.008316 0.121125 0.033078
v 0.008407 0.213550 0.033441
v 0.008243 0.217248 0.032789
v 0.007542 0.218969 0.029997
v 0.000001 -0.139612 0.018216
v 0.000001 -0.137923 0.018602
v 0.000001 -0.133119 0.018643
v 0.000001 -0.094696 0.014644
v 0.000001 -0.065987 0.015350
v 0.000001 -0.008101 0.018712
v 0.000001 0.038387 0.019172
v 0.000001 0.083641 0.017946
v 0.000001 0.084822 0.017052
v 0.000001 0.087946 0.017065
v -0.012748 -0.118393 0.012748
v 0.012882 -0.139612 0.012880
v 0.013155 -0.137923 0.013153
v 0.013184 -0.133119 0.013183
v 0.010356 -0.094696 0.010355
v 0.010855 -0.065987 0.010854
v 0.013233 -0.008101 0.013231
v 0.013558 0.038387 0.013556
v 0.012691 0.083641 0.012689
v 0.012059 0.084822 0.012057
v 0.012068 0.087946 0.012067
v -0.018029 -0.118393 -0.000001
v 0.018218 -0.139612 -0.000001
v 0.018604 -0.137923 -0.000001
v 0.018645 -0.133119 -0.000001
v 0.014646 -0.094696 -0.000001
v 0.015351 -0.065987 -0.000001
v 0.018713 -0.008101 -0.000001
v 0.019173 0.038387 -0.000001
v 0.017947 0.083641 -0.000001
v 0.017053 0.084822 -0.000001
v 0.017067 0.087946 -0.000001
v -0.012748 -0.118393 -0.012750
v 0.012882 -0.139612 -0.012882
v 0.013155 -0.137923 -0.013155
v 0.013184 -0.133119 -0.013185
v 0.010356 -0.094696 -0.010357
v 0.010855 -0.065987 -0.010856
v 0.013233 -0.008101 -0.013233
v 0.013558 0.038387 -0.013558
v 0.012691 0.083641 -0.012691
v 0.012059 0.084822 -0.012059
v 0.012068 0.087946 -0.012069
v 0.000001 -0.118393 -0.018031
v 0.000001 -0.139612 -0.018218
v 0.000001 -0.137923 -0.018604
v 0.000001 -0.133119 -0.018645
v 0.000001 -0.094696 -0.014646
v 0.000001 -0.065987 -0.015352
v 0.000001 -0.008101 -0.018714
v 0.000001 0.038387 -0.019174
v 0.000001 0.083641 -0.017948
v 0.000001 0.084822 -0.017054
v 0.000001 0.087946 -0.017068
v 0.012749 -0.118393 -0.012750
v -0.012881 -0.139612 -0.012882
v -0.013154 -0.137923 -0.013155
v -0.013183 -0.133119 -0.013185
v -0.010355 -0.094696 -0.010357
v -0.010854 -0.065987 -0.010856
v -0.013231 -0.008101 -0.013233
v -0.013557 0.038387 -0.013558
v -0.012689 0.083641 -0.012691
v -0.012058 0.084822 -0.012059
v -0.012067 0.087946 -0.012069
v 0.018030 -0.118393 -0.000001
v -0.018216 -0.139612 -0.000001
v -0.018602 -0.137923 -0.000001
v -0.018644 -0.133119 -0.000001
v -0.014644 -0.094696 -0.000001
v -0.015350 -0.065987 -0.000001
v -0.018712 -0.008101 -0.000001
v -0.019172 0.038387 -0.000001
v -0.017946 0.083641 -0.000001
v -0.017052 0.084822 -0.000001
v -0.017066 0.087946 -0.000001
v 0.000001 -0.118393 0.018029
v -0.012881 -0.139612 0.012880
v -0.013154 -0.137923 0.013153
v -0.013183 -0.133119 0.013183
v -0.010355 -0.094696 0.010355
v -0.010854 -0.065987 0.010854
v -0.013231 -0.008101 0.013231
v -0.013556 0.038387 0.013556
v -0.012689 0.083641 0.012689
v -0.012057 0.084822 0.012057
v -0.012067 0.087946 0.012067
v 0.012749 -0.118393 0.012748
v 0.000328 -0.156134 0.022610
v -0.000326 -0.156134 0.022610
v 0.000001 -0.156134 0.022748
v -0.015757 -0.156134 0.016219
v -0.016219 -0.156134 0.015757
v -0.016085 -0.156134 0.016085
v -0.022611 -0.156134 0.000326
v -0.022611 -0.156134 -0.000328
v -0.022748 -0.156134 -0.000001
v -0.016219 -0.156134 -0.015759
v -0.015757 -0.156134 -0.016221
v -0.016085 -0.156134 -0.016087
v -0.000326 -0.156134 -0.022612
v 0.000328 -0.156134 -0.022612
v 0.000001 -0.156134 -0.022750
v 0.015758 -0.156134 -0.016221
v 0.016220 -0.156134 -0.015759
v 0.016086 -0.156134 -0.016087
v 0.022612 -0.156134 -0.000328
v 0.022612 -0.156134 0.000326
v 0.022749 -0.156134 -0.000001
v 0.016220 -0.156134 0.015757
v 0.015758 -0.156134 0.016219
v 0.016086 -0.156134 0.016085
v -0.016167 -0.156134 0.008516
v -0.017454 -0.156134 0.005408
v -0.016538 -0.156134 0.006850
v -0.005409 -0.156134 0.017454
v -0.008517 -0.156134 0.016166
v -0.006850 -0.156134 0.016538
v 0.008518 -0.156134 0.016166
v 0.005410 -0.156134 0.017454
v 0.006851 -0.156134 0.016538
v 0.017455 -0.156134 0.005408
v 0.016168 -0.156134 0.008516
v 0.016540 -0.156134 0.006850
v 0.016168 -0.156134 -0.008518
v 0.017455 -0.156134 -0.005410
v 0.016540 -0.156134 -0.006852
v 0.005410 -0.156134 -0.017456
v 0.008518 -0.156134 -0.016168
v 0.006851 -0.156134 -0.016540
v -0.008517 -0.156134 -0.016168
v -0.005409 -0.156134 -0.017456
v -0.006850 -0.156134 -0.016540
v -0.017454 -0.156134 -0.005410
v -0.016167 -0.156134 -0.008518
v -0.016538 -0.156134 -0.006852
v 0.006005 -0.159017 -0.017897
v 0.007120 -0.159017 -0.017188
v 0.008409 -0.159017 -0.016901
v 0.016546 -0.159017 -0.016547
v 0.016953 -0.159017 -0.015551
v 0.015551 -0.159017 -0.016953
v 0.022983 -0.159017 -0.000992
v 0.023400 -0.159017 -0.000001
v 0.022983 -0.159017 0.000990
v 0.017188 -0.159017 0.007118
v 0.016901 -0.159017 0.008407
v 0.017896 -0.159017 0.006004
v -0.008407 -0.159017 -0.016901
v -0.007119 -0.159017 -0.017188
v -0.006004 -0.159017 -0.017897
v 0.000001 -0.159017 -0.023400
v 0.000992 -0.159017 -0.022983
v -0.000991 -0.159017 -0.022983
v 0.016953 -0.159017 0.015549
v 0.016546 -0.159017 0.016545
v 0.015551 -0.159017 0.016951
v 0.007120 -0.159017 0.017186
v 0.006005 -0.159017 0.017894
v 0.008409 -0.159017 0.016899
v 0.000992 -0.159017 0.022981
v 0.000001 -0.159017 0.023398
v -0.000991 -0.159017 0.022981
v -0.007119 -0.159017 0.017186
v -0.008407 -0.159017 0.016899
v -0.006004 -0.159017 0.017894
v -0.017895 -0.159017 -0.006006
v -0.017187 -0.159017 -0.007120
v -0.016899 -0.159017 -0.008409
v -0.016545 -0.159017 -0.016547
v -0.015550 -0.159017 -0.016953
v -0.016951 -0.159017 -0.015551
v -0.016899 -0.159017 0.008407
v -0.017187 -0.159017 0.007118
v -0.017895 -0.159017 0.006004
v -0.023398 -0.159017 -0.000001
v -0.022982 -0.159017 -0.000992
v -0.022982 -0.159017 0.000990
v -0.015550 -0.159017 0.016951
v -0.016545 -0.159017 0.016545
v -0.016951 -0.159017 0.015549
v 0.016901 -0.159017 -0.008409
v 0.017188 -0.159017 -0.007120
v 0.017896 -0.159017 -0.006006
v 0.005309 -0.159858 -0.017034
v 0.006692 -0.159858 -0.016156
v 0.008291 -0.159858 -0.015799
v 0.015702 -0.159858 -0.015702
v 0.015850 -0.159858 -0.015339
v 0.015339 -0.159858 -0.015850
v 0.022053 -0.159858 -0.000362
v 0.022205 -0.159858 -0.000001
v 0.022053 -0.159858 0.000360
v 0.016155 -0.159858 0.006690
v 0.015799 -0.159858 0.008290
v 0.017034 -0.159858 0.005307
v -0.008290 -0.159858 -0.015799
v -0.006691 -0.159858 -0.016156
v -0.005308 -0.159858 -0.017034
v 0.000001 -0.159858 -0.022205
v 0.000362 -0.159858 -0.022054
v -0.000361 -0.159858 -0.022054
v 0.015850 -0.159858 0.015337
v 0.015702 -0.159858 0.015700
v 0.015339 -0.159858 0.015848
v 0.006692 -0.159858 0.016153
v 0.005309 -0.159858 0.017032
v 0.008291 -0.159858 0.015797
v 0.000362 -0.159858 0.022052
v 0.000001 -0.159858 0.022203
v -0.000361 -0.159858 0.022052
v -0.006691 -0.159858 0.016153
v -0.008290 -0.159858 0.015797
v -0.005308 -0.159858 0.017032
v -0.017033 -0.159858 -0.005309
v -0.016154 -0.159858 -0.006692
v -0.015797 -0.159858 -0.008292
v -0.015700 -0.159858 -0.015702
v -0.015337 -0.159858 -0.015850
v -0.015848 -0.159858 -0.015339
v -0.015797 -0.159858 0.008290
v -0.016154 -0.159858 0.006690
v -0.017033 -0.159858 0.005307
v -0.022204 -0.159858 -0.000001
v -0.022052 -0.159858 -0.000362
v -0.022052 -0.159858 0.000360
v -0.015337 -0.159858 0.015848
v -0.015700 -0.159858 0.015700
v -0.015848 -0.159858 0.015337
v 0.015799 -0.159858 -0.008292
v 0.016155 -0.159858 -0.006692
v 0.017034 -0.159858 -0.005309
v 0.001877 -0.159858 -0.014389
v 0.005512 -0.159858 -0.013418
v 0.008793 -0.159858 -0.011555
v 0.013427 -0.159858 0.005453
v 0.011549 -0.159858 0.008756
v 0.014379 -0.159858 0.001779
v -0.008795 -0.159858 -0.011559
v -0.005524 -0.159858 -0.013429
v -0.001885 -0.159858 -0.014393
v 0.005566 -0.159858 0.013355
v 0.001894 -0.159858 0.014371
v 0.008861 -0.159858 0.011445
v -0.005587 -0.159858 0.013383
v -0.008867 -0.159858 0.011455
v -0.001914 -0.159858 0.014388
v -0.014396 -0.159858 -0.001996
v -0.013392 -0.159858 -0.005646
v -0.011479 -0.159858 -0.008906
v -0.011531 -0.159858 0.008746
v -0.013409 -0.159858 0.005447
v -0.014395 -0.159858 0.001789
v 0.011468 -0.159858 -0.008900
v 0.013369 -0.159858 -0.005642
v 0.014363 -0.159858 -0.002000
v -0.000001 -0.159858 -0.000015
v 0.007322 -0.156134 -0.017675
v 0.006176 -0.156134 -0.018404
v 0.008647 -0.156134 -0.017380
v 0.017433 -0.156134 -0.015992
v 0.017015 -0.156134 -0.017016
v 0.015992 -0.156134 -0.017433
v 0.024063 -0.156134 -0.000001
v 0.023634 -0.156134 -0.001020
v 0.023634 -0.156134 0.001018
v 0.017380 -0.156134 0.008645
v 0.017675 -0.156134 0.007320
v 0.018403 -0.156134 0.006174
v -0.007320 -0.156134 -0.017675
v -0.008646 -0.156134 -0.017380
v -0.006174 -0.156134 -0.018404
v 0.001020 -0.156134 -0.023635
v 0.000001 -0.156134 -0.024063
v -0.001019 -0.156134 -0.023635
v 0.017015 -0.156134 0.017013
v 0.017433 -0.156134 0.015990
v 0.015992 -0.156134 0.017431
v 0.006176 -0.156134 0.018402
v 0.007322 -0.156134 0.017673
v 0.008647 -0.156134 0.017378
v 0.000001 -0.156134 0.024061
v 0.001020 -0.156134 0.023633
v -0.001019 -0.156134 0.023633
v -0.008646 -0.156134 0.017378
v -0.007320 -0.156134 0.017673
v -0.006174 -0.156134 0.018402
v -0.017674 -0.156134 -0.007322
v -0.018402 -0.156134 -0.006176
v -0.017378 -0.156134 -0.008647
v -0.015990 -0.156134 -0.017433
v -0.017014 -0.156134 -0.017016
v -0.017432 -0.156134 -0.015992
v -0.017674 -0.156134 0.007320
v -0.017378 -0.156134 0.008645
v -0.018402 -0.156134 0.006174
v -0.023633 -0.156134 -0.001020
v -0.024062 -0.156134 -0.000001
v -0.023633 -0.156134 0.001018
v -0.017014 -0.156134 0.017013
v -0.015990 -0.156134 0.017431
v -0.017432 -0.156134 0.015990
v 0.017675 -0.156134 -0.007322
v 0.017380 -0.156134 -0.008647
v 0.018403 -0.156134 -0.006176
v 0.005309 -0.157746 -0.017034
v 0.006692 -0.157746 -0.016156
v 0.008291 -0.157746 -0.015799
v 0.015702 -0.157746 -0.015702
v 0.015850 -0.157746 -0.015339
v 0.015339 -0.157746 -0.015850
v 0.022053 -0.157746 -0.000362
v 0.022205 -0.157746 -0.000001
v 0.022053 -0.157746 0.000360
v 0.016155 -0.157746 0.006690
v 0.015799 -0.157746 0.008290
v 0.017034 -0.157746 0.005307
v -0.008290 -0.157746 -0.015799
v -0.006691 -0.157746 -0.016156
v -0.005308 -0.157746 -0.017034
v 0.000001 -0.157746 -0.022205
v 0.000362 -0.157746 -0.022054
v -0.000361 -0.157746 -0.022054
v 0.015850 -0.157746 0.015337
v 0.015702 -0.157746 0.015700
v 0.015339 -0.157746 0.015848
v 0.006692 -0.157746 0.016153
v 0.005309 -0.157746 0.017032
v 0.008291 -0.157746 0.015797
v 0.000362 -0.157746 0.022052
v 0.000001 -0.157746 0.022203
v -0.000361 -0.157746 0.022052
v -0.006691 -0.157746 0.016153
v -0.008290 -0.157746 0.015797
v -0.005308 -0.157746 0.017032
v -0.017033 -0.157746 -0.005309
v -0.016154 -0.157746 -0.006692
v -0.015797 -0.157746 -0.008292
v -0.015700 -0.157746 -0.015702
v -0.015337 -0.157746 -0.015850
v -0.015848 -0.157746 -0.015339
v -0.015797 -0.157746 0.008290
v -0.016154 -0.157746 0.006690
v -0.017033 -0.157746 0.005307
v -0.022204 -0.157746 -0.000001
v -0.022052 -0.157746 -0.000362
v -0.022052 -0.157746 0.000360
v -0.015337 -0.157746 0.015848
v -0.015700 -0.157746 0.015700
v -0.015848 -0.157746 0.015337
v 0.015799 -0.157746 -0.008292
v 0.016155 -0.157746 -0.006692
v 0.017034 -0.157746 -0.005309
v 0.002035 -0.157746 -0.015592
v 0.005974 -0.157746 -0.014540
v 0.009528 -0.157746 -0.012521
v 0.014551 -0.157746 0.005909
v 0.012515 -0.157746 0.009489
v 0.015582 -0.157746 0.001928
v -0.009530 -0.157746 -0.012525
v -0.005985 -0.157746 -0.014551
v -0.002042 -0.157746 -0.015596
v 0.006032 -0.157746 0.014471
v 0.002053 -0.157746 0.015572
v 0.009602 -0.157746 0.012402
v -0.006053 -0.157746 0.014502
v -0.009607 -0.157746 0.012413
v -0.002073 -0.157746 0.015591
v -0.015599 -0.157746 -0.002163
v -0.014511 -0.157746 -0.006117
v -0.012438 -0.157746 -0.009650
v -0.012494 -0.157746 0.009477
v -0.014530 -0.157746 0.005902
v -0.015598 -0.157746 0.001939
v 0.012428 -0.157746 -0.009644
v 0.014487 -0.157746 -0.006114
v 0.015564 -0.157746 -0.002167
v 0.000001 -0.139747 0.016920
v 0.011966 -0.139747 0.011964
v 0.016922 -0.139747 -0.000001
v 0.011966 -0.139747 -0.011966
v 0.000001 -0.139747 -0.016922
v -0.011964 -0.139747 -0.011966
v -0.016921 -0.139747 -0.000001
v -0.011965 -0.139747 0.011964
v 0.013087 -0.145730 -0.013088
v 0.018508 -0.145730 -0.000001
v -0.013086 -0.145730 -0.013088
v 0.000001 -0.145730 -0.018508
v 0.013087 -0.145730 0.013086
v 0.000001 -0.145730 0.018506
v -0.018507 -0.145730 -0.000001
v -0.013086 -0.145730 0.013086
v 0.013679 -0.145210 -0.013679
v 0.013679 -0.140266 -0.013679
v -0.013677 -0.145210 -0.013679
v -0.013677 -0.140266 -0.013679
v 0.013679 -0.145210 0.013677
v 0.013679 -0.140266 0.013677
v -0.019343 -0.145210 -0.000001
v -0.019343 -0.140266 -0.000001
v -0.013677 -0.145210 0.013677
v -0.013677 -0.140266 0.013677
v 0.019344 -0.140266 -0.000001
v 0.019344 -0.145210 -0.000001
v 0.000001 -0.140266 -0.019345
v 0.000001 -0.145210 -0.019345
v 0.000001 -0.140266 0.019343
v 0.000001 -0.145210 0.019343
v 0.013087 -0.139747 0.013086
v 0.000001 -0.139747 0.018506
v 0.018508 -0.139747 -0.000001
v 0.013087 -0.139747 -0.013088
v 0.000001 -0.139747 -0.018508
v -0.013086 -0.139747 -0.013088
v -0.018507 -0.139747 -0.000001
v -0.013086 -0.139747 0.013086
v 0.000001 -0.159016 0.018852
v 0.013332 -0.159016 0.013330
v 0.018853 -0.159016 -0.000001
v 0.013332 -0.159016 -0.013332
v 0.000001 -0.159016 -0.018854
v -0.013330 -0.159016 -0.013332
v -0.018852 -0.159016 -0.000001
v -0.013330 -0.159016 0.013330
v 0.013332 -0.144774 -0.013332
v 0.018853 -0.144774 -0.000001
v -0.013330 -0.144774 -0.013332
v 0.000001 -0.144774 -0.018854
v 0.013332 -0.144774 0.013330
v 0.000001 -0.144774 0.018852
v -0.018852 -0.144774 -0.000001
v -0.013330 -0.144774 0.013330
v 0.014190 -0.157925 0.014188
v 0.000001 -0.157925 0.020066
v 0.020067 -0.157925 -0.000001
v 0.014190 -0.157925 -0.014190
v 0.000001 -0.157925 -0.020068
v -0.014189 -0.157925 -0.014190
v -0.020066 -0.157925 -0.000001
v -0.014189 -0.157925 0.014188
v 0.014190 -0.145865 0.014188
v 0.020067 -0.145865 -0.000001
v -0.014189 -0.145865 0.014188
v 0.000001 -0.145865 0.020066
v -0.020066 -0.145865 -0.000001
v -0.014189 -0.145865 -0.014190
v 0.014190 -0.145865 -0.014190
v 0.000001 -0.145865 -0.020068
vn 0.0437 0.9981 0.0437
vn -0.1968 0.9605 -0.1968
vn -0.4173 0.8073 -0.4173
vn -0.6046 0.5185 -0.6046
vn -0.6046 0.5186 -0.6046
vn -0.6938 0.1932 -0.6938
vn -0.7071 0.0094 -0.7071
vn 0.2758 0.9208 0.2758
vn 0.5242 0.6712 0.5242
vn 0.6791 0.2788 0.6791
vn 0.7063 0.0487 0.7063
vn -0.7061 -0.0039 -0.7081
vn -0.7081 -0.0038 -0.7061
vn -0.7071 -0.0076 -0.7071
vn -0.7032 -0.1049 -0.7032
vn -0.0468 -0.9978 -0.0468
vn 0.1871 -0.9644 0.1871
vn 0.4060 -0.8187 0.4060
vn 0.6033 -0.5217 0.6033
vn 0.6958 -0.1778 0.6958
vn 0.7071 -0.0009 0.7071
vn 0.7035 0.1013 0.7035
vn -0.2678 -0.9255 -0.2678
vn -0.5225 -0.6738 -0.5225
vn -0.6815 -0.2669 -0.6815
vn -0.7064 -0.0444 -0.7064
vn -0.7010 0.0067 -0.7132
vn -0.7132 0.0066 -0.7009
vn -0.7048 0.0647 -0.7064
vn -0.6837 0.0712 -0.7263
vn -0.6861 0.0378 -0.7265
vn -0.6631 0.0821 -0.7441
vn 0.7165 0.0006 -0.6976
vn 0.9147 0.0003 -0.4041
vn 0.7072 -0.0004 -0.7070
vn 0.3775 -0.0183 -0.9258
vn 0.3917 -0.1046 -0.9141
vn 0.7409 0.0168 -0.6714
vn 0.4554 -0.2558 -0.8528
vn 0.7444 0.0493 -0.6659
vn 0.7189 0.0394 -0.6940
vn 0.5469 -0.3582 -0.7567
vn 0.7073 0.0460 -0.7054
vn 0.6350 -0.3880 -0.6680
vn 0.6967 0.0450 -0.7160
vn 0.7227 -0.3804 -0.5771
vn 0.8102 -0.3252 -0.4876
vn 0.6871 0.0390 -0.7255
vn 0.8864 -0.2068 -0.4141
vn 0.6692 0.0347 -0.7422
vn 0.6814 0.0081 -0.7319
vn 0.9232 -0.0710 -0.3778
vn 0.6972 0.0008 -0.7168
vn 0.9270 -0.0007 -0.3750
vn 0.9281 0.0188 -0.3719
vn 0.9185 0.1096 -0.3800
vn 0.8569 0.2645 -0.4425
vn 0.7578 0.3635 -0.5419
vn 0.6674 0.3938 -0.6320
vn 0.5694 0.3859 -0.7258
vn 0.4764 0.3280 -0.8158
vn 0.4011 0.2085 -0.8920
vn 0.3696 0.0772 -0.9260
vn 0.3698 0.0026 -0.9291
vn -0.7319 0.0081 0.6814
vn -0.9291 0.0026 0.3698
vn -0.7168 0.0008 0.6972
vn -0.9260 0.0772 0.3696
vn -0.7422 0.0347 0.6692
vn -0.8920 0.2085 0.4011
vn -0.8158 0.3280 0.4764
vn -0.7255 0.0390 0.6871
vn -0.7258 0.3860 0.5694
vn -0.7160 0.0450 0.6967
vn -0.7054 0.0460 0.7073
vn -0.6320 0.3938 0.6674
vn -0.6940 0.0394 0.7189
vn -0.5419 0.3635 0.7578
vn -0.6659 0.0493 0.7444
vn -0.4425 0.2646 0.8569
vn -0.3800 0.1096 0.9185
vn -0.6714 0.0168 0.7409
vn -0.3719 0.0188 0.9281
vn -0.6976 0.0006 0.7165
vn -0.4041 0.0003 0.9147
vn -0.7070 -0.0004 0.7072
vn -0.3778 -0.0710 0.9232
vn -0.4141 -0.2068 0.8864
vn -0.4876 -0.3253 0.8102
vn -0.5771 -0.3804 0.7227
vn -0.6680 -0.3880 0.6350
vn -0.7567 -0.3583 0.5469
vn -0.8528 -0.2558 0.4554
vn -0.9141 -0.1046 0.3917
vn -0.9258 -0.0183 0.3775
vn -0.9144 -0.0008 0.4047
vn 0.6810 0.2694 0.6810
vn 0.6431 0.4159 0.6431
vn 0.6671 0.3315 0.6671
vn 0.7010 0.1316 0.7010
vn 0.7028 -0.0103 0.7113
vn 0.7114 -0.0102 0.7027
vn -0.7457 0.0827 -0.6612
vn -0.7251 0.0699 -0.6851
vn -0.6816 -0.2661 -0.6816
vn -0.6449 -0.4103 -0.6449
vn -0.6692 -0.3232 -0.6692
vn -0.7022 -0.1179 -0.7022
vn 0.7042 -0.0805 0.7054
vn 0.7189 -0.0840 0.6900
vn 0.6942 -0.0017 -0.7198
vn 0.9159 0.1032 -0.3879
vn 0.6852 -0.0080 -0.7283
vn 0.3715 -0.0415 -0.9275
vn 0.3949 -0.1610 -0.9045
vn 0.6984 -0.0059 -0.7157
vn 0.3960 -0.1269 -0.9094
vn 0.7336 0.0143 -0.6794
vn 0.9030 0.1602 -0.3987
vn 0.9137 0.1321 -0.3844
vn 0.9250 0.0406 -0.3777
vn -0.3777 0.0406 0.9250
vn -0.3750 -0.0007 0.9270
vn -0.7198 -0.0017 0.6942
vn -0.3879 0.1032 0.9159
vn -0.9275 -0.0415 0.3715
vn -0.7283 -0.0080 0.6852
vn -0.9045 -0.1610 0.3949
vn -0.7157 -0.0059 0.6984
vn -0.3987 0.1602 0.9030
vn -0.9094 -0.1269 0.3960
vn -0.6794 0.0143 0.7336
vn -0.6923 0.0029 0.7216
vn -0.3722 0.0537 0.9266
vn -0.3844 0.1321 0.9137
vn -0.9237 -0.0503 0.3798
vn -0.6939 -0.0026 0.7200
vn -0.3718 -0.0027 0.9283
vn -0.9262 0.0033 0.3771
vn -0.6836 -0.3783 0.6242
vn -0.3892 -0.4301 0.8146
vn 0.7216 0.0029 -0.6923
vn 0.3798 -0.0503 -0.9237
vn 0.7200 -0.0026 -0.6939
vn 0.3771 0.0033 -0.9262
vn 0.6242 -0.3783 -0.6836
vn 0.3331 -0.3729 -0.8660
vn 0.9266 0.0537 -0.3722
vn 0.9283 -0.0027 -0.3718
vn 0.8146 -0.4301 -0.3892
vn 0.3503 -0.8698 -0.3475
vn 0.3435 -0.4780 -0.8084
vn 0.6382 -0.4328 -0.6366
vn 0.1824 -0.8568 -0.4823
vn 0.2006 -0.9596 -0.1974
vn 0.0896 -0.9528 -0.2899
vn 0.0016 -1.0000 0.0017
vn -0.0791 -0.9937 -0.0792
vn -0.2896 -0.9529 0.0897
vn -0.1976 -0.9595 0.2006
vn -0.4820 -0.8568 0.1829
vn -0.3476 -0.8698 0.3503
vn -0.8084 -0.4779 0.3437
vn -0.6366 -0.4329 0.6382
vn 0.8101 -0.4764 -0.3417
vn 0.4849 -0.8560 -0.1794
vn 0.2930 -0.9522 -0.0864
vn 0.0825 -0.9932 0.0824
vn -0.0864 -0.9523 0.2927
vn -0.1800 -0.8560 0.4846
vn -0.3419 -0.4763 0.8101
vn -0.7301 0.0433 -0.6820
vn -0.0598 -0.9970 -0.0500
vn -0.0203 -0.9589 -0.2830
vn 0.0882 -0.9762 -0.1979
vn -0.0914 -0.9802 0.1757
vn -0.1983 -0.9762 0.0881
vn 0.1738 -0.9806 -0.0904
vn -0.2848 -0.9584 -0.0196
vn -0.5392 -0.8298 0.1439
vn -0.4241 -0.8454 0.3248
vn -0.8660 -0.3729 0.3331
vn -0.2479 -0.8626 0.4411
vn 0.1472 -0.8270 -0.5426
vn 0.3275 -0.8430 -0.4267
vn 0.4451 -0.8596 -0.2510
vn 0.7084 -0.0003 0.7058
vn -0.7056 -0.0028 -0.7086
vn -0.7165 0.0031 -0.6976
vn -0.7031 -0.0038 -0.7111
vn -0.6978 0.0028 -0.7163
vn -0.7080 -0.0028 -0.7062
vn 0.7058 -0.0003 0.7084
vn 0.7071 -0.0050 0.7071
vn -0.7113 -0.0035 -0.7029
vn 0.7081 0.0013 0.7061
vn 0.7176 0.0064 0.6965
vn 0.7115 -0.0009 0.7027
vn 0.7025 -0.0006 0.7117
vn 0.6963 0.0068 0.7177
vn 0.7066 0.0013 0.7076
vn 0.7228 -0.0645 0.6881
vn 0.7336 -0.0926 0.6732
vn 0.6745 -0.0922 0.7325
vn 0.6890 -0.0848 0.7198
vn 0.6911 -0.0603 0.7202
vn 0.5630 -0.3290 0.7582
vn 0.6753 -0.6169 0.4042
vn 0.8103 -0.3290 0.4850
vn 0.9885 0.0393 0.1460
vn 0.7592 -0.4660 0.4544
vn 0.8753 -0.4660 0.1293
vn 0.5482 0.8249 -0.1377
vn 0.6843 0.7221 0.1011
vn 0.5592 0.8249 0.0826
vn 0.4538 0.8249 -0.3370
vn 0.6709 0.7221 -0.1685
vn 0.2903 0.8249 -0.4850
vn 0.5554 0.7221 -0.4124
vn 0.0826 0.8249 -0.5592
vn 0.3553 0.7221 -0.5935
vn -0.1377 0.8249 -0.5482
vn 0.1011 0.7221 -0.6843
vn -0.3370 0.8249 -0.4538
vn -0.1685 0.7221 -0.6709
vn -0.4850 0.8249 -0.2903
vn -0.4124 0.7221 -0.5554
vn -0.5592 0.8249 -0.0826
vn -0.5935 0.7221 -0.3553
vn -0.5482 0.8249 0.1377
vn -0.6843 0.7221 -0.1011
vn -0.4538 0.8249 0.3370
vn -0.6709 0.7221 0.1685
vn -0.2903 0.8249 0.4850
vn -0.5554 0.7221 0.4124
vn -0.0826 0.8249 0.5592
vn -0.3553 0.7221 0.5935
vn 0.1377 0.8249 0.5482
vn -0.1011 0.7221 0.6843
vn 0.8238 -0.2798 0.4931
vn 0.5724 -0.2798 0.7708
vn 0.4850 0.8249 0.2903
vn 0.8574 0.0393 0.5132
vn 0.8742 -0.4331 -0.2195
vn 0.7237 -0.4331 -0.5374
vn 0.4629 -0.4331 -0.7734
vn 0.1317 -0.4331 -0.8917
vn -0.2195 -0.4331 -0.8742
vn -0.5374 -0.4331 -0.7237
vn -0.8917 -0.4331 -0.1317
vn -0.8742 -0.4331 0.2195
vn -0.7237 -0.4331 0.5374
vn -0.1317 -0.4331 0.8917
vn 0.2195 -0.4331 0.8742
vn 0.1685 0.7221 0.6709
vn 0.5275 -0.4660 0.7103
vn 0.5935 0.7221 0.3553
vn 0.3283 -0.9410 -0.0824
vn 0.8917 -0.4331 0.1317
vn 0.2718 -0.9410 -0.2018
vn 0.1738 -0.9410 -0.2904
vn 0.0495 -0.9410 -0.3348
vn -0.0824 -0.9410 -0.3283
vn -0.2018 -0.9410 -0.2718
vn -0.2904 -0.9410 -0.1738
vn -0.7734 -0.4331 -0.4629
vn -0.3348 -0.9410 -0.0495
vn -0.3283 -0.9410 0.0824
vn -0.2718 -0.9410 0.2018
vn -0.1738 -0.9410 0.2904
vn -0.4629 -0.4331 0.7734
vn -0.0495 -0.9410 0.3348
vn 0.0824 -0.9410 0.3283
vn 0.5957 0.0393 0.8022
vn 0.5219 -0.8429 -0.1310
vn 0.3348 -0.9410 0.0495
vn 0.4320 -0.8429 -0.3208
vn 0.2764 -0.8429 -0.4617
vn 0.0786 -0.8429 -0.5323
vn -0.1310 -0.8429 -0.5219
vn -0.3208 -0.8429 -0.4320
vn -0.4617 -0.8429 -0.2764
vn -0.5323 -0.8429 -0.0786
vn -0.5219 -0.8429 0.1310
vn -0.4320 -0.8429 0.3208
vn -0.2763 -0.8429 0.4617
vn -0.0786 -0.8429 0.5323
vn 0.1310 -0.8429 0.5219
vn 0.3370 0.8249 0.4538
vn 0.7734 -0.4331 0.4629
vn 0.9698 -0.0141 -0.2435
vn 0.5323 -0.8429 0.0786
vn 0.8028 -0.0141 -0.5961
vn 0.5135 -0.0141 -0.8579
vn 0.1461 -0.0141 -0.9892
vn -0.5961 -0.0141 -0.8028
vn -0.8579 -0.0141 -0.5135
vn -0.9892 -0.0141 -0.1461
vn -0.9698 -0.0141 0.2435
vn -0.8028 -0.0141 0.5961
vn -0.5135 -0.0141 0.8579
vn -0.1461 -0.0141 0.9892
vn 0.2435 -0.0141 0.9698
vn 0.4124 0.7221 0.5554
vn 0.2904 -0.9410 0.1738
vn 0.5701 0.8172 0.0842
vn 0.9892 -0.0141 0.1461
vn 0.4627 0.8172 -0.3436
vn 0.2960 0.8172 -0.4945
vn -0.1404 0.8172 -0.5589
vn -0.2435 -0.0141 -0.9698
vn -0.3436 0.8172 -0.4627
vn -0.4945 0.8172 -0.2960
vn -0.5589 0.8172 0.1404
vn -0.4627 0.8172 0.3436
vn -0.2960 0.8172 0.4945
vn -0.0842 0.8172 0.5701
vn 0.5374 -0.4331 0.7237
vn 0.4617 -0.8429 0.2764
vn 0.5589 0.8172 -0.1404
vn 0.6297 0.7713 0.0930
vn 0.6173 0.7713 -0.1550
vn 0.5110 0.7713 -0.3795
vn 0.0842 0.8172 -0.5701
vn 0.3269 0.7713 -0.5461
vn -0.1550 0.7713 -0.6173
vn -0.5461 0.7713 -0.3269
vn -0.6297 0.7713 -0.0930
vn -0.5701 0.8172 -0.0842
vn -0.6173 0.7713 0.1550
vn -0.5110 0.7713 0.3795
vn -0.0930 0.7713 0.6297
vn 0.1550 0.7713 0.6173
vn 0.1404 0.8172 0.5589
vn 0.2018 -0.9410 0.2718
vn 0.8579 -0.0141 0.5136
vn 0.9659 0.0905 -0.2426
vn 0.7996 0.0905 -0.5937
vn 0.0930 0.7713 -0.6297
vn 0.5115 0.0905 -0.8545
vn 0.1456 0.0905 -0.9852
vn -0.5937 0.0905 -0.7996
vn -0.3795 0.7713 -0.5110
vn -0.8545 0.0905 -0.5115
vn -0.9852 0.0905 -0.1456
vn -0.7996 0.0905 0.5937
vn -0.5115 0.0905 0.8545
vn -0.3269 0.7713 0.5461
vn -0.1455 0.0905 0.9852
vn 0.2426 0.0905 0.9659
vn 0.3208 -0.8429 0.4320
vn 0.4945 0.8172 0.2960
vn 0.7998 0.0868 -0.5939
vn 0.5117 0.0868 -0.8548
vn 0.1456 0.0868 -0.9855
vn -0.2426 0.0868 -0.9662
vn -0.2425 0.0905 -0.9659
vn -0.5939 0.0868 -0.7998
vn -0.8548 0.0868 -0.5117
vn -0.9855 0.0868 -0.1456
vn -0.9662 0.0868 0.2426
vn -0.9659 0.0905 0.2425
vn -0.7998 0.0868 0.5939
vn -0.5117 0.0868 0.8548
vn -0.1456 0.0868 0.9855
vn 0.2426 0.0868 0.9662
vn 0.5939 0.0868 0.7998
vn 0.5961 -0.0141 0.8028
vn 0.8545 0.0905 0.5115
vn 0.5461 0.7713 0.3269
vn 0.3436 0.8172 0.4627
vn 0.9662 0.0868 -0.2426
vn 0.9852 0.0905 0.1455
vn 0.8122 0.5466 -0.2039
vn 0.9855 0.0868 0.1456
vn 0.6723 0.5466 -0.4992
vn 0.1224 0.5466 -0.8284
vn -0.2039 0.5466 -0.8122
vn -0.4992 0.5466 -0.6723
vn -0.8284 0.5466 -0.1224
vn -0.8122 0.5466 0.2039
vn -0.6723 0.5466 0.4992
vn -0.1224 0.5466 0.8284
vn 0.2040 0.5466 0.8122
vn 0.3795 0.7713 0.5110
vn 0.3037 0.9497 -0.0763
vn 0.8284 0.5466 0.1224
vn 0.1608 0.9497 -0.2687
vn 0.4301 0.5466 -0.7185
vn 0.0458 0.9497 -0.3097
vn -0.1867 0.9497 -0.2514
vn -0.7185 0.5466 -0.4301
vn -0.2687 0.9497 -0.1608
vn -0.3097 0.9497 -0.0458
vn -0.3037 0.9497 0.0763
vn -0.1608 0.9497 0.2687
vn -0.4301 0.5466 0.7185
vn -0.0458 0.9497 0.3097
vn -0.0047 1.0000 0.0012
vn 0.0763 0.9497 0.3037
vn 0.1867 0.9497 0.2514
vn 0.5937 0.0905 0.7996
vn 0.7185 0.5466 0.4301
vn 0.8548 0.0868 0.5117
vn 0.2687 0.9497 0.1608
vn 0.3098 0.9497 0.0458
vn 0.4042 -0.6169 -0.6753
vn 0.7582 -0.3290 -0.5630
vn 0.6319 -0.6169 -0.4692
vn 0.1150 -0.6169 -0.7786
vn 0.4850 -0.3290 -0.8103
vn 0.2514 0.9497 -0.1867
vn -0.0763 0.9497 -0.3037
vn -0.2514 0.9497 0.1867
vn 0.0056 1.0000 -0.0014
vn -0.1917 -0.6169 -0.7633
vn 0.1380 -0.3290 -0.9342
vn -0.4692 -0.6169 -0.6319
vn -0.2300 -0.3290 -0.9159
vn -0.6753 -0.6169 -0.4042
vn -0.5630 -0.3290 -0.7582
vn -0.7786 -0.6169 -0.1150
vn -0.8103 -0.3290 -0.4850
vn -0.7633 -0.6169 0.1917
vn -0.9342 -0.3290 -0.1380
vn -0.6319 -0.6169 0.4692
vn -0.9159 -0.3290 0.2300
vn -0.4042 -0.6169 0.6753
vn -0.7582 -0.3290 0.5630
vn -0.1150 -0.6169 0.7786
vn -0.4850 -0.3290 0.8103
vn 0.1917 -0.6169 0.7633
vn -0.1380 -0.3290 0.9342
vn 0.7708 -0.2798 -0.5724
vn 0.9159 -0.3290 -0.2300
vn 0.4931 -0.2798 -0.8238
vn 0.1403 -0.2798 -0.9497
vn -0.2338 -0.2798 -0.9311
vn -0.5724 -0.2798 -0.7708
vn -0.8238 -0.2798 -0.4931
vn -0.9311 -0.2798 0.2338
vn -0.7708 -0.2798 0.5724
vn -0.4931 -0.2798 0.8238
vn -0.1403 -0.2798 0.9497
vn 0.2338 -0.2798 0.9311
vn 0.2300 -0.3290 0.9159
vn 0.7786 -0.6169 0.1150
vn 0.4992 0.5466 0.6723
vn 0.4692 -0.6169 0.6319
vn 0.9497 -0.2798 0.1403
vn 0.9342 -0.3290 0.1380
vn 0.8581 -0.4660 -0.2155
vn 0.8022 0.0393 -0.5957
vn 0.7104 -0.4660 -0.5275
vn 0.5132 0.0393 -0.8574
vn 0.4544 -0.4660 -0.7592
vn 0.1460 0.0393 -0.9885
vn 0.1293 -0.4660 -0.8753
vn -0.2434 0.0393 -0.9691
vn -0.2155 -0.4660 -0.8581
vn -0.5957 0.0393 -0.8022
vn -0.5275 -0.4660 -0.7104
vn -0.8574 0.0393 -0.5132
vn -0.7592 -0.4660 -0.4544
vn -0.9885 0.0393 -0.1460
vn -0.8753 -0.4660 -0.1293
vn -0.9691 0.0393 0.2434
vn -0.8581 -0.4660 0.2155
vn -0.8022 0.0393 0.5957
vn -0.7103 -0.4660 0.5275
vn -0.5132 0.0393 0.8574
vn -0.4544 -0.4660 0.7592
vn -0.1460 0.0393 0.9885
vn -0.1293 -0.4660 0.8753
vn 0.2434 0.0393 0.9691
vn 0.2155 -0.4660 0.8581
vn 0.7633 -0.6169 -0.1917
vn 0.9691 0.0393 -0.2434
vn 0.9311 -0.2798 -0.2338
vn -0.9497 -0.2798 -0.1403
vn -0.0000 -0.2229 0.9748
vn 0.7025 -0.1135 0.7025
vn -0.0000 -0.1135 0.9935
vn 0.7058 0.0598 -0.7058
vn 0.9900 0.1414 -0.0000
vn 0.7000 0.1414 -0.7000
vn -0.0000 0.0165 0.9999
vn 0.7070 0.0165 0.7070
vn -0.7067 -0.0338 0.7067
vn -0.0000 0.0086 1.0000
vn -0.7071 0.0086 0.7071
vn 0.7067 -0.0338 -0.7067
vn 0.9991 -0.0415 -0.0000
vn 0.7065 -0.0415 -0.7065
vn -0.0000 -0.0338 -0.9994
vn -0.0000 -0.0415 -0.9991
vn -0.7067 -0.0338 -0.7067
vn -0.7065 -0.0415 -0.7065
vn -0.9994 -0.0338 -0.0000
vn -0.9991 -0.0415 -0.0000
vn -0.7065 -0.0415 0.7065
vn 0.7071 0.0086 -0.7071
vn 0.9994 -0.0338 -0.0000
vn -0.0000 0.0086 -1.0000
vn -1.0000 0.0086 -0.0000
vn -0.6723 0.3099 0.6723
vn -0.0000 0.3099 0.9508
vn 0.9999 0.0165 -0.0000
vn 0.7065 0.0417 0.7065
vn 0.6723 0.3099 -0.6723
vn 1.0000 0.0086 -0.0000
vn -0.0000 0.3099 -0.9508
vn -0.6723 0.3099 -0.6723
vn -0.7071 0.0086 -0.7071
vn -0.9508 0.3099 -0.0000
vn 0.7058 0.0598 0.7058
vn 0.7000 0.1414 0.7000
vn -0.0000 0.0598 0.9982
vn 0.7065 -0.0415 0.7065
vn -0.0000 -0.0415 0.9991
vn 0.6723 0.3099 0.6723
vn 0.7071 0.0086 0.7071
vn 0.7071 -0.0044 -0.7071
vn 0.9396 0.3424 -0.0000
vn 0.6644 0.3424 -0.6644
vn -0.0000 -0.0044 -1.0000
vn -0.0000 0.3424 -0.9396
vn -0.7071 -0.0044 -0.7071
vn -0.6644 0.3424 -0.6644
vn -1.0000 -0.0044 -0.0000
vn -0.9396 0.3424 -0.0000
vn -0.7071 -0.0044 0.7071
vn -0.6644 0.3424 0.6644
vn -0.0000 0.1414 0.9900
vn 0.7067 -0.0338 0.7067
vn -0.0000 -0.0338 0.9994
vn 0.9508 0.3099 -0.0000
vn -0.0000 -0.1135 -0.9935
vn 0.6893 -0.2229 -0.6893
vn -0.0000 -0.2229 -0.9748
vn -0.7025 -0.1135 -0.7025
vn -0.6893 -0.2229 -0.6893
vn -0.9935 -0.1135 -0.0000
vn -0.9748 -0.2229 -0.0000
vn -0.7025 -0.1135 0.7025
vn -0.6893 -0.2229 0.6893
vn 1.0000 -0.0044 -0.0000
vn 0.6644 0.3424 0.6644
vn 0.7070 0.0165 -0.7070
vn 0.7025 -0.1135 -0.7025
vn -0.0000 0.0165 -0.9999
vn -0.7070 0.0165 -0.7070
vn -0.9999 0.0165 -0.0000
vn -0.7058 0.0598 -0.7058
vn -0.0000 0.1414 -0.9900
vn -0.7000 0.1414 -0.7000
vn 0.9748 -0.2229 -0.0000
vn -0.7065 0.0417 -0.7065
vn -0.7070 0.0165 0.7070
vn -0.9991 0.0417 -0.0000
vn -0.7065 0.0417 0.7065
vn -0.0000 0.3424 0.9396
vn -0.0000 0.0598 -0.9982
vn -0.9982 0.0598 -0.0000
vn -0.7058 0.0598 0.7058
vn -0.0000 0.0417 0.9991
vn 0.9991 0.0417 -0.0000
vn -0.0000 0.0417 -0.9991
vn 0.7065 0.0417 -0.7065
vn 0.9935 -0.1135 -0.0000
vn 0.6893 -0.2229 0.6893
vn 0.7071 -0.0044 0.7071
vn -0.0000 -0.0044 1.0000
vn -0.9900 0.1414 -0.0000
vn -0.7000 0.1414 0.7000
vn 0.9982 0.0598 -0.0000
vn 0.3764 -0.1799 -0.9088
vn 0.5301 -0.5322 -0.6601
vn 0.6226 -0.1711 -0.7636
vn 0.0919 -0.5322 -0.8416
vn 0.3210 -0.5442 -0.7751
vn 0.6039 -0.5202 -0.6039
vn 0.9613 -0.1906 -0.1990
vn 0.8460 -0.5103 -0.1543
vn 0.1990 -0.1906 -0.9613
vn 0.6891 -0.2242 -0.6891
vn 0.8204 -0.1906 -0.5390
vn 0.8541 -0.5202 -0.0000
vn 0.7073 -0.5103 -0.4891
vn 0.8204 -0.1906 0.5390
vn 0.9746 -0.2242 -0.0000
vn 0.8416 -0.5323 0.0919
vn 0.9088 -0.1799 0.3764
vn 0.9802 -0.1711 0.0997
vn 0.6601 -0.5323 0.5301
vn 0.7751 -0.5442 0.3210
vn -0.3764 -0.1799 -0.9088
vn -0.0919 -0.5322 -0.8416
vn -0.0997 -0.1711 -0.9802
vn -0.5301 -0.5322 -0.6601
vn -0.3210 -0.5442 -0.7751
vn -0.0000 -0.5202 -0.8541
vn 0.5390 -0.1906 -0.8204
vn 0.4891 -0.5103 -0.7073
vn -0.5390 -0.1906 -0.8204
vn -0.0000 -0.2242 -0.9746
vn 0.9613 -0.1906 0.1990
vn 0.6039 -0.5202 0.6039
vn 0.8460 -0.5103 0.1543
vn 0.1990 -0.1906 0.9613
vn 0.6891 -0.2242 0.6891
vn 0.5301 -0.5323 0.6601
vn 0.3764 -0.1799 0.9088
vn 0.6226 -0.1711 0.7636
vn 0.0919 -0.5323 0.8416
vn 0.3210 -0.5442 0.7751
vn 0.5390 -0.1906 0.8204
vn -0.0000 -0.5202 0.8541
vn 0.4891 -0.5103 0.7073
vn -0.5390 -0.1906 0.8204
vn -0.0000 -0.2242 0.9746
vn -0.0919 -0.5323 0.8416
vn -0.3764 -0.1799 0.9088
vn -0.0997 -0.1711 0.9802
vn -0.5301 -0.5323 0.6601
vn -0.3210 -0.5442 0.7751
vn -0.9088 -0.1799 -0.3764
vn -0.6601 -0.5322 -0.5301
vn -0.7636 -0.1711 -0.6226
vn -0.8416 -0.5322 -0.0919
vn -0.7751 -0.5442 -0.3210
vn -0.6039 -0.5202 -0.6039
vn -0.1990 -0.1906 -0.9613
vn -0.1543 -0.5103 -0.8460
vn -0.9613 -0.1906 -0.1990
vn -0.6891 -0.2242 -0.6891
vn -0.9088 -0.1799 0.3764
vn -0.8416 -0.5323 0.0919
vn -0.9802 -0.1711 0.0997
vn -0.6601 -0.5323 0.5301
vn -0.7751 -0.5443 0.3210
vn -0.8541 -0.5202 -0.0000
vn -0.8204 -0.1906 -0.5390
vn -0.7074 -0.5103 -0.4891
vn -0.8204 -0.1906 0.5390
vn -0.9746 -0.2242 -0.0000
vn -0.1990 -0.1906 0.9613
vn -0.6039 -0.5202 0.6039
vn -0.1543 -0.5103 0.8460
vn -0.9613 -0.1906 0.1990
vn -0.6891 -0.2242 0.6891
vn 0.9088 -0.1799 -0.3764
vn 0.8416 -0.5322 -0.0919
vn 0.9802 -0.1711 -0.0997
vn 0.6601 -0.5323 -0.5301
vn 0.7751 -0.5442 -0.3210
vn -0.6226 -0.1711 0.7636
vn -0.4891 -0.5103 0.7073
vn -0.8460 -0.5103 0.1543
vn -0.7074 -0.5103 0.4891
vn -0.7636 -0.1711 0.6226
vn -0.8460 -0.5103 -0.1543
vn -0.9802 -0.1711 -0.0997
vn -0.4891 -0.5103 -0.7073
vn -0.6226 -0.1711 -0.7636
vn 0.1543 -0.5103 -0.8460
vn 0.0997 -0.1711 -0.9802
vn 0.7636 -0.1711 0.6226
vn 0.7073 -0.5103 0.4891
vn 0.7636 -0.1711 -0.6226
vn 0.0997 -0.1711 0.9802
vn 0.1543 -0.5103 0.8460
vn 0.3798 -0.7966 -0.4703
vn 0.2301 -0.7991 -0.5554
vn 0.0640 -0.7966 -0.6011
vn 0.4071 -0.8177 -0.4071
vn 0.5886 -0.8004 -0.1133
vn 0.1133 -0.8004 -0.5886
vn 0.5757 -0.8177 -0.0000
vn 0.4963 -0.8004 -0.3361
vn 0.4964 -0.8004 0.3361
vn 0.6011 -0.7966 0.0640
vn 0.5554 -0.7991 0.2301
vn 0.4703 -0.7966 0.3798
vn -0.0640 -0.7966 -0.6011
vn -0.2301 -0.7991 -0.5554
vn -0.3798 -0.7966 -0.4703
vn -0.0000 -0.8177 -0.5757
vn 0.3361 -0.8004 -0.4963
vn -0.3361 -0.8004 -0.4963
vn 0.4071 -0.8177 0.4071
vn 0.5886 -0.8004 0.1133
vn 0.1133 -0.8004 0.5886
vn 0.3798 -0.7966 0.4703
vn 0.2301 -0.7991 0.5554
vn 0.0640 -0.7966 0.6011
vn -0.0000 -0.8177 0.5757
vn 0.3361 -0.8004 0.4963
vn -0.3361 -0.8004 0.4963
vn -0.0640 -0.7966 0.6011
vn -0.2301 -0.7991 0.5554
vn -0.3798 -0.7966 0.4703
vn -0.4703 -0.7966 -0.3798
vn -0.5554 -0.7991 -0.2301
vn -0.6011 -0.7966 -0.0640
vn -0.4071 -0.8177 -0.4071
vn -0.1133 -0.8004 -0.5886
vn -0.5886 -0.8004 -0.1133
vn -0.6011 -0.7966 0.0640
vn -0.5554 -0.7991 0.2301
vn -0.4703 -0.7966 0.3798
vn -0.5757 -0.8177 -0.0000
vn -0.4963 -0.8004 -0.3361
vn -0.4964 -0.8004 0.3361
vn -0.4071 -0.8177 0.4071
vn -0.1133 -0.8004 0.5886
vn -0.5886 -0.8004 0.1133
vn 0.6011 -0.7966 -0.0640
vn 0.5554 -0.7991 -0.2301
vn 0.4703 -0.7966 -0.3798
vn -0.0000 -1.0000 -0.0000
vn -0.9674 0.2349 0.0949
vn -0.6435 0.7581 0.1063
vn -0.5849 0.8083 0.0669
vn -0.0000 1.0000 -0.0000
vn 0.3663 0.8083 0.4609
vn 0.2169 0.8239 0.5236
vn 0.0669 0.8083 0.5849
vn -0.3663 0.8083 0.4609
vn -0.2169 0.8239 0.5236
vn -0.0669 0.8083 0.5849
vn -0.5236 0.8239 0.2169
vn -0.4609 0.8083 0.3663
vn -0.4609 0.8083 -0.3663
vn -0.5236 0.8239 -0.2169
vn -0.5849 0.8083 -0.0669
vn -0.0669 0.8083 -0.5849
vn -0.2169 0.8239 -0.5236
vn -0.3663 0.8083 -0.4609
vn 0.3663 0.8083 -0.4609
vn 0.2169 0.8239 -0.5236
vn 0.0669 0.8083 -0.5849
vn 0.5849 0.8083 -0.0669
vn 0.5236 0.8239 -0.2169
vn 0.4609 0.8083 -0.3663
vn 0.4609 0.8083 0.3663
vn 0.5236 0.8239 0.2169
vn 0.5849 0.8083 0.0669
vn 0.1063 0.7580 0.6435
vn 0.6435 0.7580 0.1063
vn 0.4701 0.7470 0.4701
vn 0.3799 0.7580 0.5302
vn -0.3799 0.7580 0.5302
vn -0.0000 0.7470 0.6648
vn -0.1063 0.7580 0.6435
vn -0.4701 0.7470 0.4701
vn -0.5302 0.7580 -0.3799
vn -0.6648 0.7470 -0.0000
vn -0.5302 0.7580 0.3799
vn -0.1063 0.7581 -0.6435
vn -0.4701 0.7470 -0.4701
vn -0.6435 0.7580 -0.1063
vn 0.3799 0.7580 -0.5302
vn -0.0000 0.7470 -0.6648
vn -0.3799 0.7580 -0.5302
vn 0.6435 0.7580 -0.1063
vn 0.4701 0.7470 -0.4701
vn 0.1063 0.7581 -0.6435
vn 0.5302 0.7580 0.3799
vn 0.5302 0.7580 -0.3798
vn 0.6648 0.7470 -0.0000
vn -0.8946 0.2498 0.3705
vn -0.7511 0.2349 0.6169
vn -0.8101 0.2696 0.5207
vn -0.9475 0.3199 -0.0000
vn -0.8101 0.2696 -0.5206
vn -0.7511 0.2349 -0.6169
vn -0.8946 0.2498 -0.3705
vn -0.9674 0.2349 -0.0949
vn -0.9410 0.2696 -0.2047
vn -0.6700 0.3199 -0.6700
vn -0.2047 0.2696 -0.9410
vn -0.0949 0.2349 -0.9674
vn -0.3705 0.2498 -0.8946
vn -0.6169 0.2349 -0.7511
vn -0.5207 0.2696 -0.8101
vn -0.0000 0.3199 -0.9475
vn 0.5207 0.2696 -0.8101
vn 0.6169 0.2349 -0.7511
vn 0.3705 0.2498 -0.8946
vn 0.0949 0.2349 -0.9674
vn 0.2047 0.2696 -0.9410
vn 0.6700 0.3199 -0.6700
vn 0.9410 0.2696 -0.2046
vn 0.9674 0.2349 -0.0949
vn 0.8946 0.2498 -0.3705
vn 0.7511 0.2349 -0.6169
vn 0.8101 0.2696 -0.5207
vn 0.9475 0.3199 -0.0000
vn 0.8101 0.2696 0.5207
vn 0.7511 0.2349 0.6169
vn 0.8946 0.2498 0.3705
vn 0.9674 0.2349 0.0949
vn 0.9410 0.2696 0.2046
vn 0.6700 0.3199 0.6700
vn 0.2047 0.2696 0.9410
vn 0.0949 0.2349 0.9674
vn 0.3705 0.2498 0.8946
vn 0.6169 0.2349 0.7511
vn 0.5207 0.2696 0.8101
vn -0.0000 0.3199 0.9475
vn -0.5207 0.2696 0.8101
vn -0.6169 0.2349 0.7511
vn -0.3705 0.2498 0.8946
vn -0.0949 0.2349 0.9674
vn -0.2047 0.2696 0.9410
vn -0.6700 0.3199 0.6700
vn -0.9410 0.2696 0.2047
vn 0.6344 -0.4416 -0.6344
vn 0.8972 0.4416 -0.0000
vn 0.8972 -0.4416 -0.0000
vn -0.6344 -0.4416 -0.6344
vn -0.0000 0.4416 -0.8972
vn -0.0000 -0.4416 -0.8972
vn 0.6344 -0.4416 0.6344
vn -0.0000 0.4416 0.8972
vn -0.0000 -0.4416 0.8972
vn 0.6344 0.4416 -0.6344
vn -0.8972 -0.4416 -0.0000
vn -0.6344 0.4416 -0.6344
vn -0.6344 -0.4416 0.6344
vn -0.8972 0.4416 -0.0000
vn -0.6344 0.4416 0.6344
vn 0.6344 0.4416 0.6344
vn 0.3730 0.8495 -0.3730
vn -0.0000 0.8495 -0.5276
vn 0.3730 -0.8495 -0.3730
vn -0.0000 -0.8495 -0.5276
vn 0.5276 -0.8495 -0.0000
vn -0.3730 0.8495 -0.3730
vn -0.5276 0.8495 -0.0000
vn -0.5276 -0.8495 -0.0000
vn -0.3730 -0.8495 -0.3730
vn 0.5276 0.8495 -0.0000
vn 0.3730 0.8495 0.3730
vn 0.3730 -0.8495 0.3730
vn -0.3730 0.8495 0.3730
vn -0.3730 -0.8495 0.3730
vn -0.0000 0.8495 0.5276
vn -0.0000 -0.8495 0.5276
vn 0.9273 0.3743 -0.0000
vn 0.7071 -0.0000 -0.7071
vn 0.6557 0.3743 -0.6557
vn -0.0000 0.3743 -0.9273
vn -0.7071 -0.0000 -0.7071
vn -0.6557 0.3743 -0.6557
vn -0.0000 0.3743 0.9273
vn 0.7071 -0.0000 0.7071
vn 0.6557 0.3743 0.6557
vn -0.0000 -0.0000 -1.0000
vn -1.0000 -0.0000 -0.0000
vn -0.9273 0.3743 -0.0000
vn -0.7071 -0.0000 0.7071
vn -0.6557 0.3743 0.6557
vn -0.0000 -0.0000 1.0000
vn 1.0000 -0.0000 -0.0000
vn 0.4726 -0.7439 0.4726
vn -0.0000 -0.7439 0.6683
vn 0.6683 -0.7439 -0.0000
vn 0.4726 -0.7439 -0.4726
vn -0.0000 -0.7439 -0.6683
vn -0.4726 -0.7439 -0.4726
vn -0.6683 -0.7439 -0.0000
vn -0.4726 -0.7439 0.4726
vn 0.4726 0.7439 0.4726
vn 0.6683 0.7439 -0.0000
vn -0.4726 0.7439 0.4726
vn -0.0000 0.7439 0.6683
vn -0.6683 0.7439 -0.0000
vn 0.4726 0.7439 -0.4726
vn -0.0000 0.7439 -0.6683
vn -0.4726 0.7439 -0.4726
vn 0.4047 -0.0008 -0.9145
vn 0.3787 -0.1046 -0.9196
vn -0.9196 -0.1046 0.3787
vn -0.1392 -0.9818 -0.1290
vn 0.0190 -0.9994 0.0293
vt 0.324632 0.759726
vt 0.338095 0.803494
vt 0.324633 0.803503
vt 0.351529 0.803488
vt 0.338094 0.759734
vt 0.351527 0.759739
vt 0.365009 0.803485
vt 0.365008 0.759742
vt 0.378140 0.803496
vt 0.378139 0.759730
vt 0.391353 0.759719
vt 0.312615 0.803509
vt 0.299072 0.759740
vt 0.299073 0.803490
vt 0.285483 0.759739
vt 0.285485 0.803493
vt 0.271515 0.759722
vt 0.271516 0.803511
vt 0.023521 0.816281
vt 0.023528 0.861020
vt 0.003826 0.838653
vt 0.511010 0.759715
vt 0.391355 0.803506
vt 0.303365 0.816284
vt 0.312854 0.860916
vt 0.303372 0.860926
vt 0.322281 0.816297
vt 0.312847 0.816291
vt 0.331521 0.816278
vt 0.322288 0.860907
vt 0.341415 0.860915
vt 0.341408 0.816283
vt 0.352442 0.860907
vt 0.352435 0.816287
vt 0.469943 0.860896
vt 0.469937 0.816260
vt 0.294519 0.816290
vt 0.294526 0.860922
vt 0.285703 0.816261
vt 0.285710 0.860955
vt 0.277243 0.816273
vt 0.277250 0.860945
vt 0.265558 0.860925
vt 0.589180 0.803520
vt 0.589179 0.759692
vt 0.624089 0.781630
vt 0.623467 0.789618
vt 0.620944 0.796845
vt 0.614393 0.803554
vt 0.304037 0.980519
vt 0.046395 0.985888
vt 0.046395 0.980519
vt 0.304037 0.975151
vt 0.317609 0.975151
vt 0.317609 0.980519
vt 0.329272 0.975151
vt 0.329272 0.980519
vt 0.341096 0.980519
vt 0.341096 0.975151
vt 0.352129 0.980519
vt 0.352129 0.975151
vt 0.364260 0.980519
vt 0.364260 0.975151
vt 0.376351 0.975151
vt 0.376351 0.980519
vt 0.388369 0.975151
vt 0.388369 0.980519
vt 0.400552 0.980519
vt 0.400552 0.975151
vt 0.413372 0.980519
vt 0.413372 0.975151
vt 0.304037 0.985888
vt 0.317609 0.985888
vt 0.329272 0.985888
vt 0.341096 0.985888
vt 0.352129 0.985888
vt 0.364260 0.985888
vt 0.376351 0.985888
vt 0.388369 0.985888
vt 0.400552 0.985888
vt 0.413372 0.985888
vt 0.271370 0.955804
vt 0.259055 0.961178
vt 0.259055 0.955804
vt 0.271370 0.961178
vt 0.283074 0.955804
vt 0.283074 0.961178
vt 0.294619 0.961178
vt 0.294619 0.955804
vt 0.306234 0.961179
vt 0.306234 0.955804
vt 0.317888 0.955804
vt 0.317888 0.961179
vt 0.328486 0.955804
vt 0.328486 0.961179
vt 0.339846 0.955804
vt 0.339846 0.961179
vt 0.351049 0.961179
vt 0.351049 0.955804
vt 0.364087 0.961179
vt 0.364087 0.955804
vt 0.611592 0.961179
vt 0.611592 0.955804
vt 0.271370 0.950429
vt 0.283074 0.950429
vt 0.294619 0.950429
vt 0.306234 0.950429
vt 0.317888 0.950429
vt 0.328486 0.950429
vt 0.339846 0.950429
vt 0.351049 0.950430
vt 0.364087 0.950430
vt 0.611592 0.950430
vt 0.475798 0.816242
vt 0.475805 0.860912
vt 0.479394 0.816266
vt 0.479401 0.860887
vt 0.539612 0.816294
vt 0.539619 0.860839
vt 0.544393 0.816282
vt 0.544399 0.860850
vt 0.548131 0.816269
vt 0.548138 0.860862
vt 0.614391 0.759656
vt 0.623585 0.773631
vt 0.518628 0.803491
vt 0.518627 0.759726
vt 0.523669 0.759709
vt 0.523670 0.803508
vt 0.583612 0.759660
vt 0.583613 0.803553
vt 0.586398 0.759680
vt 0.586399 0.803533
vt 0.583900 0.838534
vt 0.583417 0.846718
vt 0.538871 0.980519
vt 0.546001 0.975151
vt 0.546001 0.980519
vt 0.538871 0.985889
vt 0.550570 0.985889
vt 0.550570 0.980519
vt 0.614162 0.985889
vt 0.614162 0.980519
vt 0.550570 0.975151
vt 0.614162 0.975151
vt 0.538871 0.975151
vt 0.138494 0.950429
vt 0.259055 0.950429
vt 0.138494 0.955804
vt 0.131644 0.950429
vt 0.138494 0.961178
vt 0.131644 0.955804
vt 0.127255 0.961178
vt 0.127255 0.955804
vt 0.127255 0.950429
vt 0.066165 0.961178
vt 0.066165 0.955804
vt 0.062312 0.955804
vt 0.062312 0.950429
vt 0.066165 0.950429
vt 0.062312 0.961178
vt 0.058996 0.955804
vt 0.058996 0.950429
vt 0.058996 0.961178
vt 0.032783 0.955804
vt 0.032783 0.950429
vt 0.618173 0.980519
vt 0.618173 0.985889
vt 0.621625 0.980519
vt 0.621625 0.985889
vt 0.648912 0.980519
vt 0.648912 0.985889
vt 0.618173 0.975151
vt 0.621625 0.975151
vt 0.648912 0.975151
vt 0.026999 0.980519
vt 0.034682 0.975151
vt 0.034682 0.980519
vt 0.026999 0.975151
vt 0.018059 0.980519
vt 0.018059 0.975151
vt 0.008354 0.980519
vt 0.008354 0.975151
vt 0.638803 0.950430
vt 0.648135 0.955804
vt 0.638803 0.955804
vt 0.630236 0.950430
vt 0.630236 0.955804
vt 0.622844 0.950430
vt 0.622844 0.955804
vt 0.034682 0.985888
vt 0.026999 0.985888
vt 0.018059 0.985888
vt 0.008354 0.985888
vt 0.638803 0.961179
vt 0.630236 0.961179
vt 0.622844 0.961179
vt 0.620962 0.766385
vt 0.676326 0.980519
vt 0.667549 0.985889
vt 0.667549 0.980519
vt 0.006528 0.955804
vt 0.014957 0.950429
vt 0.014957 0.955804
vt 0.667549 0.975151
vt 0.014957 0.961178
vt 0.023003 0.961178
vt 0.023003 0.955804
vt 0.032783 0.961178
vt 0.023003 0.950429
vt 0.659121 0.985889
vt 0.659121 0.980519
vt 0.659121 0.975151
vt 0.026804 0.803595
vt 0.012525 0.861025
vt 0.008545 0.855205
vt 0.005049 0.829668
vt 0.265551 0.816297
vt 0.008530 0.822107
vt 0.012518 0.816279
vt 0.026802 0.759652
vt 0.006902 0.781625
vt 0.005052 0.847630
vt 0.015679 0.803599
vt 0.011651 0.797874
vt 0.008137 0.790449
vt 0.008136 0.772808
vt 0.011660 0.765367
vt 0.015677 0.759649
vt 0.580837 0.854137
vt 0.574354 0.861020
vt 0.574347 0.816103
vt 0.583299 0.830362
vt 0.580813 0.822962
vt 0.933685 0.312349
vt 0.945951 0.337772
vt 0.933685 0.337772
vt 0.880687 0.363195
vt 0.888409 0.337772
vt 0.888409 0.363195
vt 0.875698 0.387936
vt 0.867409 0.363195
vt 0.875698 0.363195
vt 0.875698 0.412677
vt 0.867409 0.387936
vt 0.875698 0.032697
vt 0.867409 0.007274
vt 0.875698 0.007274
vt 0.875698 0.058120
vt 0.867409 0.032697
vt 0.875698 0.083543
vt 0.867409 0.058120
vt 0.875698 0.108966
vt 0.867409 0.083543
vt 0.875698 0.134389
vt 0.867409 0.108966
vt 0.875698 0.159812
vt 0.867409 0.134389
vt 0.875698 0.185234
vt 0.867409 0.159812
vt 0.875698 0.210658
vt 0.867409 0.185234
vt 0.875698 0.236080
vt 0.867409 0.210658
vt 0.875698 0.261503
vt 0.867409 0.236080
vt 0.875698 0.286926
vt 0.867409 0.261503
vt 0.900815 0.337772
vt 0.900815 0.312349
vt 0.875698 0.337772
vt 0.880687 0.337772
vt 0.850893 0.387936
vt 0.850893 0.412677
vt 0.867409 0.412677
vt 0.850893 0.032697
vt 0.850893 0.058120
vt 0.850893 0.083543
vt 0.850893 0.108966
vt 0.850893 0.159812
vt 0.850893 0.185234
vt 0.850893 0.210658
vt 0.850893 0.261503
vt 0.850893 0.286926
vt 0.867409 0.286926
vt 0.888409 0.312349
vt 0.867409 0.337772
vt 0.839215 0.387936
vt 0.850893 0.363195
vt 0.839215 0.412677
vt 0.839215 0.032697
vt 0.850893 0.007274
vt 0.839215 0.058120
vt 0.839215 0.083543
vt 0.839215 0.108966
vt 0.839215 0.134389
vt 0.850893 0.134389
vt 0.839215 0.159812
vt 0.839215 0.185234
vt 0.839215 0.210658
vt 0.839215 0.236080
vt 0.850893 0.236080
vt 0.839215 0.261503
vt 0.839215 0.286926
vt 0.880687 0.312349
vt 0.775899 0.684771
vt 0.820393 0.640806
vt 0.820393 0.684771
vt 0.775899 0.728736
vt 0.820393 0.728736
vt 0.775899 0.052583
vt 0.820393 0.007335
vt 0.820393 0.052583
vt 0.775899 0.097831
vt 0.820393 0.097831
vt 0.775899 0.143079
vt 0.820393 0.143079
vt 0.775899 0.188327
vt 0.820393 0.188327
vt 0.775899 0.233575
vt 0.820393 0.233575
vt 0.775899 0.278823
vt 0.820393 0.278823
vt 0.775899 0.324071
vt 0.820393 0.324071
vt 0.775899 0.369318
vt 0.820393 0.369318
vt 0.775899 0.414566
vt 0.820393 0.414566
vt 0.775899 0.459814
vt 0.820393 0.459814
vt 0.775899 0.505062
vt 0.820393 0.505062
vt 0.875698 0.312349
vt 0.839215 0.363195
vt 0.850893 0.337772
vt 0.767896 0.684771
vt 0.775899 0.640806
vt 0.767896 0.728736
vt 0.767896 0.052583
vt 0.775899 0.007335
vt 0.767896 0.097831
vt 0.767896 0.188327
vt 0.767896 0.233575
vt 0.767896 0.278823
vt 0.767896 0.324071
vt 0.767896 0.369318
vt 0.767896 0.414566
vt 0.767896 0.459814
vt 0.767896 0.505062
vt 0.867409 0.312349
vt 0.820393 0.595558
vt 0.759718 0.640806
vt 0.767896 0.640806
vt 0.759718 0.728736
vt 0.759718 0.052583
vt 0.767896 0.007335
vt 0.759718 0.143079
vt 0.767896 0.143079
vt 0.759718 0.188327
vt 0.759718 0.233575
vt 0.759718 0.324071
vt 0.759718 0.369318
vt 0.759718 0.414566
vt 0.759718 0.459814
vt 0.850893 0.312349
vt 0.775899 0.595558
vt 0.759718 0.684771
vt 0.752702 0.640806
vt 0.752702 0.684771
vt 0.752702 0.007335
vt 0.759718 0.007335
vt 0.759718 0.097831
vt 0.752702 0.052583
vt 0.752702 0.143079
vt 0.752702 0.233575
vt 0.752702 0.278823
vt 0.759718 0.278823
vt 0.752702 0.324071
vt 0.752702 0.369318
vt 0.752702 0.459814
vt 0.752702 0.505062
vt 0.759718 0.505062
vt 0.839215 0.337772
vt 0.839215 0.312349
vt 0.767896 0.595558
vt 0.631962 0.412794
vt 0.588804 0.398416
vt 0.631962 0.398416
vt 0.675120 0.412794
vt 0.675120 0.398416
vt 0.719468 0.398415
vt 0.675120 0.398415
vt 0.056633 0.398415
vt 0.012285 0.412794
vt 0.012285 0.398415
vt 0.100981 0.398415
vt 0.056633 0.412794
vt 0.145328 0.412794
vt 0.145328 0.398415
vt 0.189676 0.398415
vt 0.234023 0.398415
vt 0.189676 0.412794
vt 0.278371 0.398415
vt 0.234023 0.412794
vt 0.322718 0.412794
vt 0.322718 0.398415
vt 0.367066 0.412794
vt 0.367066 0.398415
vt 0.411413 0.412794
vt 0.411413 0.398415
vt 0.455761 0.412794
vt 0.455761 0.398415
vt 0.820393 0.550310
vt 0.775899 0.550310
vt 0.759718 0.595558
vt 0.675120 0.722259
vt 0.719467 0.722260
vt 0.719468 0.412794
vt 0.056633 0.722259
vt 0.100980 0.722259
vt 0.100981 0.412794
vt 0.145328 0.722259
vt 0.189675 0.722259
vt 0.234023 0.722259
vt 0.278370 0.722259
vt 0.278371 0.412794
vt 0.322718 0.722259
vt 0.367066 0.722259
vt 0.411413 0.722259
vt 0.455761 0.722259
vt 0.500109 0.722259
vt 0.767896 0.550310
vt 0.544456 0.412794
vt 0.544456 0.398416
vt 0.759718 0.550310
vt 0.631962 0.722259
vt 0.588804 0.412794
vt 0.631962 0.734847
vt 0.588804 0.722259
vt 0.675120 0.734847
vt 0.675120 0.734847
vt 0.056633 0.734847
vt 0.012285 0.722259
vt 0.100980 0.734847
vt 0.145328 0.734847
vt 0.234023 0.734847
vt 0.278370 0.734847
vt 0.322718 0.734847
vt 0.411413 0.734847
vt 0.455761 0.734847
vt 0.752702 0.550310
vt 0.752702 0.595558
vt 0.631962 0.746074
vt 0.588804 0.734847
vt 0.719467 0.746074
vt 0.719467 0.734847
vt 0.012285 0.746074
vt 0.012285 0.734847
vt 0.056633 0.746074
vt 0.145328 0.746074
vt 0.189675 0.734847
vt 0.189675 0.746074
vt 0.234023 0.746074
vt 0.278370 0.746074
vt 0.367066 0.746074
vt 0.367066 0.734847
vt 0.411413 0.746074
vt 0.891752 0.829074
vt 0.871741 0.929670
vt 0.834778 0.914366
vt 0.500109 0.398415
vt 0.500109 0.412794
vt 0.544456 0.734847
vt 0.544456 0.722259
vt 0.806482 0.886085
vt 0.791157 0.849131
vt 0.945951 0.032697
vt 0.933685 0.007274
vt 0.945951 0.007274
vt 0.945951 0.058120
vt 0.933685 0.032697
vt 0.806543 0.771970
vt 0.834870 0.743719
vt 0.871849 0.728454
vt 0.911855 0.728497
vt 0.948801 0.743841
vt 0.977067 0.772153
vt 0.992352 0.809123
vt 0.992330 0.849129
vt 0.977006 0.886084
vt 0.948710 0.914365
vt 0.911747 0.929670
vt 0.544456 0.746074
vt 0.891484 0.829021
vt 0.791157 0.809016
vt 0.945951 0.083543
vt 0.933685 0.058120
vt 0.945951 0.108966
vt 0.933685 0.083543
vt 0.945951 0.134389
vt 0.933685 0.108966
vt 0.945951 0.159812
vt 0.933685 0.134389
vt 0.945951 0.185234
vt 0.933685 0.159812
vt 0.945951 0.210658
vt 0.933685 0.185234
vt 0.945951 0.236080
vt 0.933685 0.210658
vt 0.945951 0.261503
vt 0.933685 0.236080
vt 0.945951 0.286926
vt 0.933685 0.261503
vt 0.900815 0.412677
vt 0.933685 0.387936
vt 0.933685 0.412677
vt 0.900815 0.032697
vt 0.900815 0.058120
vt 0.900815 0.083543
vt 0.900815 0.108966
vt 0.900815 0.134389
vt 0.900815 0.185234
vt 0.900815 0.210658
vt 0.900815 0.236080
vt 0.900815 0.261503
vt 0.900815 0.286926
vt 0.933685 0.286926
vt 0.945951 0.363195
vt 0.500109 0.734847
vt 0.945951 0.312349
vt 0.900815 0.363195
vt 0.933685 0.363195
vt 0.500109 0.746074
vt 0.888409 0.387936
vt 0.880687 0.412677
vt 0.888409 0.412677
vt 0.880687 0.032697
vt 0.888409 0.007274
vt 0.888409 0.032697
vt 0.880687 0.058120
vt 0.888409 0.058120
vt 0.880687 0.083543
vt 0.888409 0.083543
vt 0.880687 0.108966
vt 0.888409 0.108966
vt 0.880687 0.134389
vt 0.888409 0.134389
vt 0.880687 0.159812
vt 0.888409 0.159812
vt 0.880687 0.185234
vt 0.888409 0.185234
vt 0.880687 0.210658
vt 0.888409 0.210658
vt 0.880687 0.236080
vt 0.888409 0.236080
vt 0.880687 0.261503
vt 0.888409 0.261503
vt 0.880687 0.286926
vt 0.888409 0.286926
vt 0.945951 0.387936
vt 0.880687 0.387936
vt 0.880687 0.007274
vt 0.900815 0.387936
vt 0.900815 0.007274
vt 0.900815 0.159812
vt 0.455761 0.746074
vt 0.945951 0.412677
vt 0.733253 0.103618
vt 0.727757 0.150453
vt 0.727757 0.103618
vt 0.589758 0.244123
vt 0.665731 0.197288
vt 0.665731 0.244123
vt 0.712509 0.103618
vt 0.712509 0.150453
vt 0.314583 0.056783
vt 0.167033 0.103618
vt 0.167033 0.056783
vt 0.314583 0.244123
vt 0.498611 0.197288
vt 0.498611 0.244123
vt 0.314583 0.290958
vt 0.498611 0.290958
vt 0.314583 0.337793
vt 0.498611 0.337793
vt 0.314583 0.384628
vt 0.498611 0.384628
vt 0.498611 0.009948
vt 0.498611 0.056783
vt 0.167033 0.244123
vt 0.314583 0.197288
vt 0.167033 0.290958
vt 0.167033 0.384628
vt 0.314583 0.009948
vt 0.023351 0.056783
vt 0.023351 0.103618
vt 0.712509 0.197288
vt 0.665731 0.150453
vt 0.023351 0.244123
vt 0.167033 0.197288
vt 0.023351 0.290958
vt 0.023351 0.337793
vt 0.167033 0.337793
vt 0.023351 0.384628
vt 0.167033 0.009948
vt 0.589758 0.150453
vt 0.589758 0.103618
vt 0.498611 0.150453
vt 0.498611 0.103618
vt 0.023351 0.150453
vt 0.167033 0.150453
vt 0.008734 0.244123
vt 0.018650 0.197288
vt 0.018650 0.244123
vt 0.008734 0.290958
vt 0.018650 0.290958
vt 0.008734 0.337793
vt 0.018650 0.337793
vt 0.008734 0.384628
vt 0.018649 0.384628
vt 0.008735 0.056783
vt 0.018650 0.009948
vt 0.018650 0.056783
vt 0.665731 0.103618
vt 0.314583 0.150453
vt 0.314583 0.103618
vt 0.023351 0.197288
vt 0.727757 0.290958
vt 0.733253 0.244123
vt 0.733253 0.290958
vt 0.727757 0.337793
vt 0.733253 0.337793
vt 0.727757 0.384628
vt 0.733253 0.384628
vt 0.727757 0.056783
vt 0.733253 0.009948
vt 0.733253 0.056783
vt 0.008734 0.197288
vt 0.018650 0.150453
vt 0.712509 0.244123
vt 0.727757 0.244123
vt 0.712509 0.290958
vt 0.712509 0.337793
vt 0.712509 0.009948
vt 0.727757 0.009948
vt 0.589758 0.337793
vt 0.665731 0.290958
vt 0.665731 0.337793
vt 0.733253 0.197288
vt 0.712509 0.384628
vt 0.712509 0.056783
vt 0.665731 0.009948
vt 0.665731 0.056783
vt 0.018650 0.103618
vt 0.589758 0.290958
vt 0.589758 0.384628
vt 0.589758 0.009948
vt 0.589758 0.056783
vt 0.727757 0.197288
vt 0.733253 0.150453
vt 0.008734 0.150453
vt 0.008735 0.103618
vt 0.665731 0.384628
vt 0.589758 0.197288
vt 0.023351 0.009948
vt 0.707634 0.934660
vt 0.715170 0.925598
vt 0.715167 0.934662
vt 0.700095 0.925593
vt 0.707638 0.925596
vt 0.673466 0.925458
vt 0.671208 0.934775
vt 0.671208 0.925458
vt 0.675723 0.934650
vt 0.673466 0.934775
vt 0.607379 0.934775
vt 0.605121 0.925458
vt 0.607379 0.925458
vt 0.602862 0.934775
vt 0.605121 0.934775
vt 0.563355 0.925458
vt 0.570926 0.934775
vt 0.563355 0.934775
vt 0.578492 0.925458
vt 0.570926 0.925458
vt 0.775956 0.934682
vt 0.783498 0.925620
vt 0.783495 0.934684
vt 0.768425 0.925615
vt 0.775960 0.925617
vt 0.741797 0.925606
vt 0.739536 0.934670
vt 0.739539 0.925606
vt 0.744052 0.934671
vt 0.741794 0.934671
vt 0.538985 0.934775
vt 0.536727 0.925458
vt 0.538985 0.925458
vt 0.534469 0.934775
vt 0.536727 0.934775
vt 0.494937 0.925458
vt 0.502519 0.934775
vt 0.494937 0.934775
vt 0.510098 0.925458
vt 0.502519 0.925458
vt 0.470567 0.934775
vt 0.468309 0.925458
vt 0.470567 0.925458
vt 0.466050 0.934775
vt 0.468309 0.934775
vt 0.426525 0.925458
vt 0.434101 0.934775
vt 0.426525 0.934775
vt 0.441680 0.925458
vt 0.434101 0.925458
vt 0.844300 0.934704
vt 0.851859 0.925642
vt 0.851856 0.934706
vt 0.836753 0.925637
vt 0.844303 0.925639
vt 0.810126 0.925628
vt 0.807864 0.934692
vt 0.807867 0.925628
vt 0.812380 0.934693
vt 0.810122 0.934693
vt 0.912669 0.934726
vt 0.920239 0.925664
vt 0.920236 0.934728
vt 0.905114 0.925659
vt 0.912672 0.925661
vt 0.878487 0.925650
vt 0.876225 0.934714
vt 0.876228 0.925650
vt 0.880741 0.934715
vt 0.878483 0.934715
vt 0.402155 0.934775
vt 0.399897 0.925458
vt 0.402155 0.925458
vt 0.944605 0.934736
vt 0.946866 0.925672
vt 0.946863 0.934737
vt 0.639295 0.934775
vt 0.646838 0.925458
vt 0.646838 0.934775
vt 0.631749 0.925458
vt 0.639295 0.925458
vt 0.441680 0.934775
vt 0.466050 0.925458
vt 0.944608 0.925672
vt 0.880745 0.925651
vt 0.905110 0.934723
vt 0.812384 0.925629
vt 0.836750 0.934701
vt 0.744056 0.925607
vt 0.768422 0.934679
vt 0.675726 0.925585
vt 0.700092 0.934657
vt 0.578492 0.934775
vt 0.602862 0.925458
vt 0.631749 0.934775
vt 0.510098 0.934775
vt 0.534469 0.925458
vt 0.715172 0.921263
vt 0.707639 0.921261
vt 0.700096 0.921258
vt 0.673466 0.921003
vt 0.671208 0.921003
vt 0.673469 0.921250
vt 0.675728 0.921251
vt 0.605121 0.921003
vt 0.607379 0.921003
vt 0.602862 0.921003
vt 0.563355 0.921003
vt 0.570926 0.921003
vt 0.578492 0.921003
vt 0.783500 0.921285
vt 0.775961 0.921283
vt 0.768427 0.921280
vt 0.741799 0.921272
vt 0.739541 0.921271
vt 0.744057 0.921272
vt 0.536727 0.921003
vt 0.538985 0.921003
vt 0.534469 0.921003
vt 0.494937 0.921003
vt 0.502519 0.921003
vt 0.510098 0.921003
vt 0.468309 0.921003
vt 0.470567 0.921003
vt 0.466050 0.921003
vt 0.426525 0.921003
vt 0.434101 0.921003
vt 0.441680 0.921003
vt 0.851861 0.921307
vt 0.844305 0.921305
vt 0.836755 0.921302
vt 0.810127 0.921294
vt 0.807869 0.921293
vt 0.812386 0.921294
vt 0.920241 0.921329
vt 0.912674 0.921327
vt 0.905115 0.921324
vt 0.878488 0.921316
vt 0.876230 0.921315
vt 0.880746 0.921316
vt 0.399897 0.921003
vt 0.402155 0.921003
vt 0.946868 0.921338
vt 0.944610 0.921337
vt 0.646838 0.921003
vt 0.639295 0.921003
vt 0.631749 0.921003
vt 0.655474 0.851535
vt 0.697498 0.826973
vt 0.663306 0.861600
vt 0.655293 0.802560
vt 0.650458 0.814389
vt 0.732148 0.792674
vt 0.722120 0.784874
vt 0.673476 0.869265
vt 0.685133 0.779978
vt 0.673311 0.784762
vt 0.739802 0.802788
vt 0.746182 0.827059
vt 0.744583 0.814515
vt 0.710381 0.780021
vt 0.697774 0.778385
vt 0.744502 0.839581
vt 0.648895 0.827081
vt 0.739660 0.851243
vt 0.697785 0.875656
vt 0.710328 0.873942
vt 0.650589 0.839749
vt 0.721997 0.869052
vt 0.685217 0.874065
vt 0.663123 0.792458
vt 0.731985 0.861270
vt 0.847776 0.499304
vt 0.847668 0.477475
vt 0.853556 0.498901
vt 0.872079 0.452373
vt 0.865782 0.453851
vt 0.868753 0.450131
vt 0.864272 0.460153
vt 0.868723 0.456817
vt 0.842424 0.473983
vt 0.837793 0.475744
vt 0.837986 0.472085
vt 0.840489 0.469415
vt 0.843229 0.472828
vt 0.842062 0.535722
vt 0.837448 0.533866
vt 0.841811 0.534329
vt 0.840037 0.540275
vt 0.837568 0.537546
vt 0.871651 0.557644
vt 0.865315 0.556150
vt 0.868283 0.553174
vt 0.863816 0.549800
vt 0.861567 0.553154
vt 0.922182 0.436202
vt 0.916690 0.432812
vt 0.921396 0.432271
vt 0.911203 0.436212
vt 0.916694 0.436983
vt 0.886018 0.430646
vt 0.881500 0.428636
vt 0.884201 0.426177
vt 0.887845 0.426044
vt 0.887398 0.430394
vt 0.885657 0.579539
vt 0.881093 0.581520
vt 0.884494 0.578737
vt 0.887455 0.584188
vt 0.883787 0.584020
vt 0.922082 0.573972
vt 0.916534 0.577405
vt 0.916533 0.573190
vt 0.910985 0.573976
vt 0.911771 0.577945
vt 0.947424 0.579532
vt 0.945628 0.584185
vt 0.946040 0.579816
vt 0.951991 0.581511
vt 0.949298 0.584014
vt 0.969263 0.549784
vt 0.967761 0.556126
vt 0.964797 0.553151
vt 0.961429 0.557620
vt 0.964776 0.559869
vt 0.969157 0.460075
vt 0.967651 0.453755
vt 0.971383 0.456724
vt 0.961341 0.452277
vt 0.964703 0.456726
vt 0.947350 0.430579
vt 0.945512 0.425982
vt 0.949158 0.426106
vt 0.951864 0.428559
vt 0.948523 0.431351
vt 0.985488 0.510432
vt 0.988908 0.504899
vt 0.989433 0.509652
vt 0.985501 0.499354
vt 0.984719 0.504895
vt 0.990994 0.474014
vt 0.992955 0.469440
vt 0.995458 0.472130
vt 0.995630 0.475805
vt 0.991278 0.475400
vt 0.991037 0.535782
vt 0.993044 0.540331
vt 0.990260 0.536960
vt 0.995649 0.533949
vt 0.995511 0.537617
vt 0.844338 0.504824
vt 0.843827 0.500063
vt 0.847725 0.510377
vt 0.848525 0.504845
vt 0.948586 0.578728
vt 0.921298 0.577942
vt 0.991291 0.534394
vt 0.971503 0.553139
vt 0.990192 0.472852
vt 0.989451 0.500136
vt 0.945970 0.430330
vt 0.964668 0.450027
vt 0.884847 0.431420
vt 0.911980 0.432279
vt 0.842134 0.475362
vt 0.862059 0.456804
vt 0.842837 0.536906
vt 0.843784 0.509575
vt 0.887040 0.579821
vt 0.868304 0.559894
vt 0.637821 0.821565
vt 0.637823 0.832398
vt 0.916570 0.448904
vt 0.910776 0.441975
vt 0.916700 0.442698
vt 0.922621 0.441963
vt 0.876456 0.456163
vt 0.877286 0.465234
vt 0.872753 0.460885
vt 0.868024 0.464560
vt 0.860510 0.504539
vt 0.854255 0.504877
vt 0.853499 0.510834
vt 0.867608 0.545392
vt 0.876552 0.544345
vt 0.872346 0.549106
vt 0.876046 0.553845
vt 0.910543 0.568157
vt 0.916404 0.560938
vt 0.916532 0.567415
vt 0.922520 0.568151
vt 0.957034 0.553819
vt 0.956398 0.544507
vt 0.960739 0.549079
vt 0.965479 0.545371
vt 0.979711 0.510862
vt 0.972579 0.504516
vt 0.978985 0.504897
vt 0.979717 0.498918
vt 0.965392 0.464477
vt 0.956079 0.464922
vt 0.960670 0.460793
vt 0.956966 0.456071
vt 0.944018 0.457154
vt 0.943997 0.435953
vt 0.946090 0.436749
vt 0.930518 0.451623
vt 0.945208 0.435939
vt 0.902660 0.451776
vt 0.889235 0.457380
vt 0.889382 0.436015
vt 0.887291 0.436814
vt 0.888171 0.436003
vt 0.869228 0.477030
vt 0.863562 0.490511
vt 0.848595 0.475426
vt 0.847724 0.476274
vt 0.868748 0.532173
vt 0.848251 0.534453
vt 0.847438 0.533563
vt 0.847452 0.532342
vt 0.863171 0.518591
vt 0.902156 0.558018
vt 0.889119 0.574237
vt 0.887916 0.574188
vt 0.887060 0.573317
vt 0.888475 0.552425
vt 0.944408 0.552580
vt 0.946015 0.573306
vt 0.945160 0.574179
vt 0.943956 0.574230
vt 0.930693 0.558164
vt 0.969863 0.518653
vt 0.985664 0.532389
vt 0.985675 0.533608
vt 0.984860 0.534494
vt 0.964278 0.532325
vt 0.969678 0.490379
vt 0.984802 0.475432
vt 0.985721 0.477490
vt 0.964118 0.476777
vt 0.985670 0.476286
vt 0.651466 0.865312
vt 0.655967 0.868470
vt 0.659128 0.872970
vt 0.692050 0.886594
vt 0.697466 0.885643
vt 0.702883 0.886590
vt 0.735799 0.872943
vt 0.738957 0.868441
vt 0.743457 0.865280
vt 0.757086 0.832357
vt 0.756136 0.826940
vt 0.757083 0.821523
vt 0.743441 0.788609
vt 0.738939 0.785451
vt 0.735779 0.780952
vt 0.702857 0.767328
vt 0.697441 0.768278
vt 0.692024 0.767331
vt 0.659108 0.780978
vt 0.655949 0.785480
vt 0.651449 0.788641
vt 0.629535 0.797541
vt 0.628607 0.799783
vt 0.628599 0.798467
vt 0.667996 0.759059
vt 0.670237 0.758130
vt 0.724641 0.758110
vt 0.726882 0.759038
vt 0.765359 0.797494
vt 0.766288 0.799735
vt 0.766300 0.854139
vt 0.765372 0.856380
vt 0.766307 0.855455
vt 0.766295 0.798419
vt 0.725956 0.758103
vt 0.668921 0.758123
vt 0.629547 0.856428
vt 0.628618 0.854187
vt 0.628612 0.855502
vt 0.668025 0.894883
vt 0.670266 0.895811
vt 0.668950 0.895818
vt 0.726911 0.894863
vt 0.724670 0.895792
vt 0.725986 0.895799
vt 0.964579 0.152016
vt 0.977780 0.200211
vt 0.964578 0.200211
vt 0.964579 0.055626
vt 0.977780 0.103821
vt 0.964579 0.103821
vt 0.964578 0.248406
vt 0.977780 0.296601
vt 0.964578 0.296601
vt 0.977780 0.152016
vt 0.964579 0.007431
vt 0.977780 0.055626
vt 0.964578 0.344796
vt 0.977780 0.392992
vt 0.964578 0.392991
vt 0.977780 0.344796
vt 0.977780 0.248406
vt 0.980410 0.152016
vt 0.980410 0.103821
vt 0.961949 0.152016
vt 0.961949 0.103821
vt 0.961949 0.200211
vt 0.980410 0.055626
vt 0.977780 0.007431
vt 0.980410 0.007431
vt 0.961949 0.007431
vt 0.961949 0.055626
vt 0.980410 0.200211
vt 0.980410 0.248406
vt 0.961949 0.248406
vt 0.980409 0.344796
vt 0.961949 0.344796
vt 0.980409 0.296601
vt 0.961949 0.296601
vt 0.984644 0.248406
vt 0.984644 0.200211
vt 0.984644 0.152016
vt 0.984644 0.103821
vt 0.984644 0.055626
vt 0.984644 0.007431
vt 0.984644 0.344796
vt 0.980409 0.392992
vt 0.984644 0.296601
vt 0.201083 0.924269
vt 0.249546 0.882000
vt 0.249546 0.924269
vt 0.298008 0.924269
vt 0.346470 0.882000
vt 0.346470 0.924269
vt 0.104158 0.924269
vt 0.152621 0.882000
vt 0.152621 0.924269
vt 0.298008 0.882000
vt 0.394933 0.882000
vt 0.394933 0.924269
vt 0.007234 0.924269
vt 0.055696 0.882000
vt 0.055696 0.924269
vt 0.104158 0.882000
vt 0.201083 0.882000
vt 0.152621 0.876281
vt 0.104158 0.876281
vt 0.201083 0.876281
vt 0.249546 0.876281
vt 0.298008 0.876281
vt 0.346470 0.876281
vt 0.394933 0.876281
vt 0.007234 0.876281
vt 0.007234 0.882000
vt 0.055696 0.876281
vt 0.152621 0.929989
vt 0.201083 0.929989
vt 0.055696 0.929989
vt 0.104158 0.929989
vt 0.007234 0.929989
vt 0.394933 0.929988
vt 0.249546 0.929989
vt 0.298008 0.929989
vt 0.346470 0.929989
vt 0.312613 0.759721
vt 0.511012 0.803502
vt 0.331528 0.860923
vt 0.046395 0.975151
vt 0.546001 0.985889
vt 0.131644 0.961178
vt 0.648135 0.950430
vt 0.648135 0.961179
vt 0.676326 0.985889
vt 0.006528 0.950429
vt 0.676326 0.975151
vt 0.006528 0.961178
vt 0.839215 0.007274
vt 0.752702 0.728736
vt 0.752702 0.097831
vt 0.752702 0.188327
vt 0.752702 0.414566
vt 0.588804 0.746074
vt 0.675120 0.746074
vt 0.675120 0.746074
vt 0.100980 0.746074
vt 0.322718 0.746074
vt 0.008735 0.009948
vt 0.399897 0.934775
vt 0.638771 0.826981
vt 0.961949 0.392991
vt 0.984644 0.392992
s 1
f 2565/2888/2213 2562/2889/2214 2564/2890/2213
f 2560/2891/2215 2563/2892/2214 2561/2893/2215
f 2558/2894/2216 2561/2893/2215 2559/2895/2217
f 2556/2896/2218 2559/2895/2217 2557/2897/2218
f 2555/2898/2219 2556/2896/2218 2557/2897/2218
f 2566/2899/2220 2565/2888/2213 2564/2890/2213
f 2569/2900/2221 2566/2899/2220 2568/2901/2221
f 2571/2902/2222 2568/2901/2221 2570/2903/2222
f 2573/2904/2223 2570/2903/2222 2572/2905/2223
f 2606/2906/2224 2607/2907/2225 2594/2908/2226
f 2553/2909/2227 2554/2910/2219 2555/2898/2219
f 2532/2911/2228 2531/2912/2229 2533/2913/2228
f 2528/2914/2230 2531/2912/2229 2530/2915/2229
f 2526/2916/2231 2529/2917/2230 2528/2914/2230
f 2525/2918/2232 2526/2916/2231 2524/2919/2232
f 2523/2920/2233 2524/2919/2232 2522/2921/2233
f 2521/2922/2234 2522/2921/2233 2520/2923/2234
f 2534/2924/2235 2533/2913/2228 2535/2925/2235
f 2536/2926/2236 2535/2925/2235 2537/2927/2236
f 2538/2928/2237 2537/2927/2236 2539/2929/2237
f 2541/2930/2238 2538/2928/2237 2539/2929/2237
f 2542/2931/2239 2543/2932/2240 2602/2933/2241
f 2602/2933/2241 2578/2934/2242 2542/2931/2239
f 2578/2934/2242 2579/2935/2243 2575/2936/2244
f 2499/2937/2245 2605/2938/2246 2604/2939/2247
f 2604/2939/2247 2541/2940/2248 2499/2937/2245
f 2539/2941/2249 2499/2937/2245 2541/2940/2248
f 2497/2942/2250 2537/2943/2251 2495/2944/2252
f 2493/2945/2253 2537/2943/2251 2535/2946/2254
f 2491/2947/2255 2535/2946/2254 2533/2948/2256
f 2489/2949/2257 2533/2948/2256 2531/2950/2258
f 2489/2949/2257 2529/2951/2259 2487/2952/2260
f 2487/2952/2260 2527/2953/2261 2485/2954/2262
f 2483/2955/2263 2527/2953/2261 2525/2956/2264
f 2481/2957/2265 2525/2956/2264 2523/2958/2266
f 2573/2959/2267 2497/2942/2250 2571/2960/2268
f 2571/2960/2268 2495/2944/2252 2569/2961/2269
f 2567/2962/2270 2495/2944/2252 2493/2945/2253
f 2565/2963/2271 2493/2945/2253 2491/2947/2255
f 2563/2964/2272 2491/2947/2255 2489/2949/2257
f 2563/2964/2272 2487/2952/2260 2561/2965/2273
f 2561/2965/2273 2485/2954/2262 2559/2966/2274
f 2557/2967/2275 2485/2954/2262 2483/2955/2263
f 2555/2968/2276 2483/2955/2263 2481/2957/2265
f 2484/2969/2277 2554/2970/2278 2482/2971/2279
f 2556/2972/2280 2486/2973/2281 2558/2974/2282
f 2560/2975/2283 2486/2973/2281 2488/2976/2284
f 2562/2977/2285 2488/2976/2284 2490/2978/2286
f 2562/2977/2285 2492/2979/2287 2564/2980/2288
f 2564/2980/2288 2494/2981/2289 2566/2982/2290
f 2566/2982/2290 2496/2983/2291 2568/2984/2292
f 2570/2985/2293 2496/2983/2291 2498/2986/2294
f 2572/2987/2295 2498/2986/2294 2500/2988/2296
f 2608/2989/2297 2500/2988/2296 2603/2990/2298
f 2482/2971/2279 2524/2991/2299 2484/2969/2277
f 2484/2969/2277 2526/2992/2300 2486/2973/2281
f 2488/2976/2284 2526/2992/2300 2528/2993/2301
f 2490/2978/2286 2528/2993/2301 2530/2994/2302
f 2490/2978/2286 2532/2995/2303 2492/2979/2287
f 2492/2979/2287 2534/2996/2304 2494/2981/2289
f 2494/2981/2289 2536/2997/2305 2496/2983/2291
f 2498/2986/2294 2536/2997/2305 2538/2998/2306
f 2500/2988/2296 2538/2998/2306 2540/2999/2307
f 2603/2990/2298 2540/2999/2307 2606/3000/2308
f 2521/2922/2234 2518/3001/2309 2519/3002/2309
f 2519/3002/2309 2516/3003/2310 2517/3004/2310
f 2517/3004/2310 2514/3005/2311 2515/3006/2311
f 2515/3006/2311 2512/3007/2312 2513/3008/2312
f 2513/3008/2312 2510/3009/2313 2511/3010/2314
f 2543/2932/2240 2574/3011/2315 2577/3012/2316
f 2550/3013/2317 2553/2909/2227 2551/3014/2317
f 2550/3013/2317 2549/3015/2318 2548/3016/2318
f 2548/3016/2318 2547/3017/2319 2546/3018/2319
f 2546/3018/2319 2545/3019/2320 2544/3020/2320
f 2542/2931/2239 2545/3019/2320 2543/2932/2240
f 2601/3021/2321 2584/3022/2322 2511/3010/2314
f 2479/3023/2323 2519/3024/2324 2477/3025/2325
f 2477/3025/2325 2553/3026/2326 2479/3023/2323
f 2549/3027/2327 2477/3025/2325 2475/3028/2328
f 2547/3029/2329 2475/3028/2328 2473/3030/2330
f 2475/3028/2328 2519/3024/2324 2517/3031/2331
f 2473/3030/2330 2517/3031/2331 2515/3032/2332
f 2479/3023/2323 2555/2968/2276 2481/2957/2265
f 2481/2957/2265 2521/3033/2333 2479/3023/2323
f 2482/2971/2279 2520/3034/2334 2522/3035/2335
f 2554/2970/2278 2480/3036/2336 2482/2971/2279
f 2480/3036/2336 2518/3037/2337 2520/3034/2334
f 2552/3038/2338 2478/3039/2339 2480/3036/2336
f 2478/3039/2339 2548/3040/2340 2476/3041/2341
f 2518/3037/2337 2476/3041/2341 2516/3042/2342
f 2476/3041/2341 2546/3043/2343 2474/3044/2344
f 2474/3044/2344 2516/3042/2342 2476/3041/2341
f 2546/3043/2343 2472/3045/2345 2474/3044/2344
f 2474/3044/2344 2512/3046/2346 2514/3047/2347
f 2544/3048/2348 2470/3049/2349 2472/3045/2345
f 2472/3045/2345 2510/3050/2350 2512/3046/2346
f 2542/3051/2351 2501/3052/2352 2470/3049/2349
f 2470/3049/2349 2581/3053/2353 2510/3050/2350
f 2471/3054/2354 2547/3029/2329 2473/3030/2330
f 2545/3055/2355 2469/3056/2356 2543/3057/2357
f 2543/3057/2357 2502/3058/2358 2574/3059/2359
f 2473/3030/2330 2513/3060/2360 2471/3054/2354
f 2471/3054/2354 2511/3061/2361 2469/3056/2356
f 2469/3056/2356 2580/3062/2362 2502/3058/2358
f 2508/3063/2363 2597/3064/2364 2509/3065/2365
f 2598/3066/2366 2503/3067/2367 2593/3068/2368
f 2593/3068/2368 2504/3069/2369 2594/3070/2370
f 2595/3071/2371 2504/3072/2369 2505/3073/2372
f 2596/3074/2373 2505/3073/2372 2507/3075/2374
f 2599/3076/2375 2507/3075/2374 2506/3077/2376
f 2508/3063/2363 2592/3078/2377 2589/3079/2378
f 2503/3067/2367 2589/3079/2378 2588/3080/2379
f 2504/3069/2369 2588/3080/2379 2587/3081/2380
f 2504/3072/2369 2586/3082/2381 2505/3073/2372
f 2505/3073/2372 2590/3083/2382 2507/3075/2374
f 2507/3075/2374 2591/3084/2383 2506/3077/2376
f 2577/3012/2316 2602/2933/2241 2543/2932/2240
f 2574/3011/2315 2576/3085/2384 2577/3012/2316
f 2600/3086/2385 2577/3087/2386 2467/3088/2387
f 2600/3089/2385 2583/3090/2388 2466/3091/2389
f 2584/3092/2390 2600/3086/2385 2467/3088/2387
f 2578/3093/2391 2600/3089/2385 2466/3091/2389
f 2579/3094/2392 2466/3091/2389 2465/3095/2393
f 2575/3096/2394 2465/3095/2393 2501/3052/2352
f 2466/3091/2389 2582/3097/2395 2465/3095/2393
f 2465/3095/2393 2581/3053/2353 2501/3052/2352
f 2467/3088/2387 2576/3098/2396 2468/3099/2397
f 2468/3099/2397 2574/3059/2359 2502/3058/2358
f 2585/3100/2398 2467/3088/2387 2468/3099/2397
f 2580/3062/2362 2468/3099/2397 2502/3058/2358
f 2608/3101/2399 2573/2904/2223 2572/2905/2223
f 2542/2931/2239 2578/2934/2242 2575/2936/2244
f 2607/2907/2225 2597/3102/2400 2598/3103/2401
f 2606/2906/2224 2594/2908/2226 2595/3104/2402
f 2541/2930/2238 2606/2906/2224 2540/3105/2238
f 2596/3106/2403 2599/3107/2404 2606/2906/2224
f 2603/2990/2298 2599/3076/2375 2506/3077/2376
f 2591/3084/2383 2603/2990/2298 2506/3077/2376
f 2597/3064/2364 2604/2939/2247 2509/3065/2365
f 2604/2939/2247 2592/3078/2377 2509/3065/2365
f 2605/3108/2405 2608/3101/2399 2587/3109/2406
f 2598/3103/2401 2593/3110/2407 2607/2907/2225
f 2593/3110/2407 2594/2908/2226 2607/2907/2225
f 2595/3104/2402 2596/3106/2403 2606/2906/2224
f 2591/3111/2408 2590/3112/2409 2608/3101/2399
f 2590/3112/2409 2586/3113/2410 2608/3101/2399
f 2586/3113/2410 2587/3109/2406 2608/3101/2399
f 2587/3109/2406 2588/3114/2411 2605/3108/2405
f 2588/3114/2411 2589/3115/2412 2605/3108/2405
f 2589/3115/2412 2592/3116/2413 2605/3108/2405
f 2584/3022/2322 2585/3117/2414 2580/3118/2415
f 2580/3118/2415 2511/3010/2314 2584/3022/2322
f 2511/3010/2314 2510/3009/2313 2601/3021/2321
f 2510/3009/2313 2581/3119/2416 2583/3120/2417
f 2581/3119/2416 2582/3121/2418 2583/3120/2417
f 2583/3120/2417 2601/3021/2321 2510/3009/2313
f 2610/3122/2419 2627/3123/2420 2628/3124/2421
f 2648/3125/2422 2630/3126/2423 2647/3127/2424
f 2666/3128/2425 2650/3129/2426 2649/3130/2427
f 2684/3131/2428 2667/3132/2429 2666/3128/2425
f 2701/3133/2430 2685/3134/2431 2684/3135/2428
f 2718/3136/2432 2702/3137/2433 2701/3133/2430
f 2735/3138/2434 2719/3139/2435 2718/3136/2432
f 2752/3140/2436 2736/3141/2437 2735/3138/2434
f 2769/3142/2438 2753/3143/2439 2752/3140/2436
f 2786/3144/2440 2770/3145/2441 2769/3142/2438
f 2803/3146/2442 2787/3147/2443 2786/3144/2440
f 2820/3148/2444 2804/3149/2445 2803/3146/2442
f 2837/3150/2446 2821/3151/2447 2820/3148/2444
f 2854/3152/2448 2838/3153/2449 2837/3150/2446
f 2871/3154/2450 2855/3155/2451 2854/3152/2448
f 2610/3122/2419 2629/3156/2452 2611/3157/2453
f 2648/3125/2422 2632/3158/2454 2631/3159/2455
f 2668/3160/2456 2650/3129/2426 2667/3132/2429
f 2686/3161/2457 2667/3132/2429 2685/3162/2431
f 2703/3163/2458 2685/3134/2431 2702/3137/2433
f 2720/3164/2459 2702/3137/2433 2719/3139/2435
f 2737/3165/2460 2719/3139/2435 2736/3141/2437
f 2754/3166/2461 2736/3141/2437 2753/3143/2439
f 2770/3145/2441 2754/3166/2461 2753/3143/2439
f 2788/3167/2462 2770/3145/2441 2787/3147/2443
f 2805/3168/2463 2787/3147/2443 2804/3149/2445
f 2822/3169/2464 2804/3149/2445 2821/3151/2447
f 2838/3153/2449 2822/3169/2464 2821/3151/2447
f 2856/3170/2465 2838/3153/2449 2855/3155/2451
f 2873/3171/2466 2855/3155/2451 2872/3172/2467
f 2611/3157/2453 2630/3126/2423 2612/3173/2468
f 2649/3130/2427 2633/3174/2469 2632/3158/2454
f 2669/3175/2470 2651/3176/2471 2668/3160/2456
f 2687/3177/2472 2668/3160/2456 2686/3161/2457
f 2704/3178/2473 2686/3179/2457 2703/3163/2458
f 2721/3180/2474 2703/3163/2458 2720/3164/2459
f 2738/3181/2475 2720/3164/2459 2737/3165/2460
f 2755/3182/2476 2737/3165/2460 2754/3166/2461
f 2772/3183/2477 2754/3166/2461 2771/3184/2478
f 2789/3185/2479 2771/3184/2478 2788/3167/2462
f 2806/3186/2480 2788/3167/2462 2805/3168/2463
f 2823/3187/2481 2805/3168/2463 2822/3169/2464
f 2840/3188/2482 2822/3169/2464 2839/3189/2483
f 2857/3190/2484 2839/3189/2483 2856/3170/2465
f 2874/3191/2485 2856/3170/2465 2873/3171/2466
f 2612/3173/2468 2631/3159/2455 2613/3192/2486
f 2651/3176/2471 2633/3174/2469 2650/3129/2426
f 2670/3193/2487 2652/3194/2488 2669/3195/2470
f 2688/3196/2489 2669/3195/2470 2687/3197/2472
f 2705/3198/2490 2687/3199/2472 2704/3200/2473
f 2722/3201/2491 2704/3200/2473 2721/3202/2474
f 2739/3203/2492 2721/3202/2474 2738/3204/2475
f 2756/3205/2493 2738/3204/2475 2755/3206/2476
f 2773/3207/2494 2755/3206/2476 2772/3208/2477
f 2790/3209/2495 2772/3208/2477 2789/3210/2479
f 2807/3211/2496 2789/3210/2479 2806/3212/2480
f 2824/3213/2497 2806/3212/2480 2823/3214/2481
f 2841/3215/2498 2823/3214/2481 2840/3216/2482
f 2858/3217/2499 2840/3216/2482 2857/3218/2484
f 2875/3219/2500 2857/3218/2484 2874/3220/2485
f 2614/3221/2501 2631/3159/2455 2632/3158/2454
f 2652/3222/2488 2634/3223/2502 2651/3176/2471
f 2671/3224/2503 2653/3225/2504 2670/3193/2487
f 2689/3226/2505 2670/3193/2487 2688/3196/2489
f 2706/3227/2506 2688/3228/2489 2705/3198/2490
f 2723/3229/2507 2705/3198/2490 2722/3201/2491
f 2739/3203/2492 2723/3229/2507 2722/3201/2491
f 2757/3230/2508 2739/3203/2492 2756/3205/2493
f 2774/3231/2509 2756/3205/2493 2773/3207/2494
f 2791/3232/2510 2773/3207/2494 2790/3209/2495
f 2808/3233/2511 2790/3209/2495 2807/3211/2496
f 2825/3234/2512 2807/3211/2496 2824/3213/2497
f 2842/3235/2513 2824/3213/2497 2841/3215/2498
f 2859/3236/2514 2841/3215/2498 2858/3217/2499
f 2876/3237/2515 2858/3217/2499 2875/3219/2500
f 2615/3238/2516 2632/3158/2454 2633/3174/2469
f 2653/3225/2504 2635/3239/2517 2652/3194/2488
f 2671/3224/2503 2655/3240/2518 2654/3241/2519
f 2690/3242/2520 2671/3224/2503 2689/3226/2505
f 2707/3243/2521 2689/3244/2505 2706/3227/2506
f 2723/3229/2507 2707/3243/2521 2706/3227/2506
f 2741/3245/2522 2723/3229/2507 2740/3246/2523
f 2758/3247/2524 2740/3246/2523 2757/3230/2508
f 2775/3248/2525 2757/3230/2508 2774/3231/2509
f 2791/3232/2510 2775/3248/2525 2774/3231/2509
f 2809/3249/2526 2791/3232/2510 2808/3233/2511
f 2826/3250/2527 2808/3233/2511 2825/3234/2512
f 2842/3235/2513 2826/3250/2527 2825/3234/2512
f 2859/3236/2514 2843/3251/2528 2842/3235/2513
f 2876/3237/2515 2860/3252/2529 2859/3236/2514
f 2615/3238/2516 2634/3223/2502 2616/3253/2530
f 2654/3241/2519 2636/3254/2531 2653/3225/2504
f 2672/3255/2532 2656/3256/2533 2655/3240/2518
f 2690/3242/2520 2673/3257/2534 2672/3255/2532
f 2707/3243/2521 2691/3258/2535 2690/3259/2520
f 2724/3260/2536 2708/3261/2537 2707/3243/2521
f 2742/3262/2538 2724/3260/2536 2741/3245/2522
f 2758/3247/2524 2742/3262/2538 2741/3245/2522
f 2776/3263/2539 2758/3247/2524 2775/3248/2525
f 2793/3264/2540 2775/3248/2525 2792/3265/2541
f 2810/3266/2542 2792/3265/2541 2809/3249/2526
f 2826/3250/2527 2810/3266/2542 2809/3249/2526
f 2843/3251/2528 2827/3267/2543 2826/3250/2527
f 2861/3268/2544 2843/3251/2528 2860/3252/2529
f 2878/3269/2545 2860/3252/2529 2877/3270/2546
f 2616/3253/2530 2635/3271/2517 2617/3272/2547
f 2655/3240/2518 2637/3273/2548 2654/3241/2519
f 2674/3274/2549 2656/3275/2533 2673/3276/2534
f 2692/3277/2550 2673/3276/2534 2691/3278/2535
f 2708/3279/2537 2692/3277/2550 2691/3280/2535
f 2725/3281/2551 2709/3282/2552 2708/3283/2537
f 2742/3284/2538 2726/3285/2553 2725/3281/2551
f 2760/3286/2554 2742/3284/2538 2759/3287/2555
f 2776/3288/2539 2760/3286/2554 2759/3287/2555
f 2793/3289/2540 2777/3290/2556 2776/3288/2539
f 2810/3291/2542 2794/3292/2557 2793/3289/2540
f 2828/3293/2558 2810/3291/2542 2827/3294/2543
f 2845/3295/2559 2827/3294/2543 2844/3296/2560
f 2862/3297/2561 2844/3296/2560 2861/3298/2544
f 2879/3299/2562 2861/3298/2544 2878/3300/2545
f 2617/3301/2547 2636/3254/2531 2618/3302/2563
f 2656/3256/2533 2638/3303/2564 2655/3240/2518
f 2693/3304/2565 2674/3274/2549 2692/3277/2550
f 2710/3305/2566 2692/3277/2550 2709/3306/2552
f 2727/3307/2567 2709/3282/2552 2726/3285/2553
f 2744/3308/2568 2726/3285/2553 2743/3309/2569
f 2761/3310/2570 2743/3309/2569 2760/3286/2554
f 2778/3311/2571 2760/3286/2554 2777/3290/2556
f 2795/3312/2572 2777/3290/2556 2794/3292/2557
f 2812/3313/2573 2794/3292/2557 2811/3314/2574
f 2829/3315/2575 2811/3314/2574 2828/3293/2558
f 2846/3316/2576 2828/3293/2558 2845/3295/2559
f 2863/3317/2577 2845/3295/2559 2862/3297/2561
f 2880/3318/2578 2862/3297/2561 2879/3299/2562
f 2879/3299/2562 2623/3319/2579 2880/3318/2578
f 2619/3320/2580 2636/3254/2531 2637/3273/2548
f 2656/3275/2533 2640/3321/2581 2639/3322/2582
f 2619/3320/2580 2638/3303/2564 2620/3323/2583
f 2675/3324/2584 2657/3325/2585 2674/3274/2549
f 2676/3326/2586 2658/3327/2587 2675/3324/2584
f 2694/3328/2588 2675/3324/2584 2693/3304/2565
f 2710/3305/2566 2694/3329/2588 2693/3304/2565
f 2728/3330/2589 2710/3331/2566 2727/3307/2567
f 2745/3332/2590 2727/3307/2567 2744/3308/2568
f 2761/3310/2570 2745/3332/2590 2744/3308/2568
f 2778/3311/2571 2762/3333/2591 2761/3310/2570
f 2796/3334/2592 2778/3311/2571 2795/3312/2572
f 2813/3335/2593 2795/3312/2572 2812/3313/2573
f 2830/3336/2594 2812/3313/2573 2829/3315/2575
f 2846/3316/2576 2830/3336/2594 2829/3315/2575
f 2864/3337/2595 2846/3316/2576 2863/3317/2577
f 2881/3338/2596 2863/3317/2577 2880/3318/2578
f 2621/3339/2597 2638/3303/2564 2639/3340/2582
f 2677/3341/2598 2659/3342/2599 2676/3326/2586
f 2694/3328/2588 2677/3341/2598 2676/3326/2586
f 2712/3343/2600 2694/3329/2588 2711/3344/2601
f 2728/3330/2589 2712/3345/2600 2711/3346/2601
f 2745/3332/2590 2729/3347/2602 2728/3330/2589
f 2763/3348/2603 2745/3332/2590 2762/3333/2591
f 2779/3349/2604 2763/3348/2603 2762/3333/2591
f 2796/3334/2592 2780/3350/2605 2779/3349/2604
f 2813/3335/2593 2797/3351/2606 2796/3334/2592
f 2830/3336/2594 2814/3352/2607 2813/3335/2593
f 2848/3353/2608 2830/3336/2594 2847/3354/2609
f 2865/3355/2610 2847/3354/2609 2864/3337/2595
f 2881/3338/2596 2865/3355/2610 2864/3337/2595
f 2626/3356/2611 2882/3357/2612 2625/3358/2613
f 2621/3359/2597 2640/3321/2581 2622/3360/2614
f 2658/3327/2587 2642/3361/2615 2641/3362/2616
f 2643/3363/2617 2660/3364/2618 2626/3356/2611
f 2696/3365/2619 2680/3366/2620 2679/3367/2621
f 2713/3368/2622 2697/3369/2623 2696/3365/2619
f 2695/3370/2624 2712/3371/2600 2626/3356/2611
f 2712/3371/2600 2729/3372/2602 2626/3356/2611
f 2729/3372/2602 2746/3373/2625 2626/3356/2611
f 2746/3373/2625 2763/3374/2603 2626/3356/2611
f 2763/3374/2603 2780/3375/2605 2626/3356/2611
f 2780/3375/2605 2797/3376/2606 2626/3356/2611
f 2797/3376/2606 2814/3377/2607 2626/3356/2611
f 2814/3377/2607 2831/3378/2626 2626/3356/2611
f 2831/3378/2626 2848/3379/2608 2626/3356/2611
f 2848/3379/2608 2865/3380/2610 2626/3356/2611
f 2865/3380/2610 2882/3357/2612 2626/3356/2611
f 2657/3325/2585 2641/3362/2616 2640/3321/2581
f 2659/3342/2599 2643/3381/2617 2642/3361/2615
f 2678/3382/2627 2660/3364/2618 2677/3383/2598
f 2730/3384/2628 2714/3385/2629 2713/3368/2622
f 2747/3386/2630 2731/3387/2631 2730/3384/2628
f 2764/3388/2632 2748/3389/2633 2747/3386/2630
f 2781/3390/2634 2765/3391/2635 2764/3388/2632
f 2798/3392/2636 2782/3393/2637 2781/3390/2634
f 2815/3394/2638 2799/3395/2639 2798/3392/2636
f 2832/3396/2640 2816/3397/2641 2815/3394/2638
f 2849/3398/2642 2833/3399/2643 2832/3396/2640
f 2866/3400/2644 2850/3401/2645 2849/3398/2642
f 2681/3402/2646 2662/3403/2647 2680/3404/2620
f 2698/3405/2648 2680/3366/2620 2697/3369/2623
f 2715/3406/2649 2697/3369/2623 2714/3385/2629
f 2732/3407/2650 2714/3385/2629 2731/3387/2631
f 2749/3408/2651 2731/3387/2631 2748/3389/2633
f 2766/3409/2652 2748/3389/2633 2765/3391/2635
f 2782/3393/2637 2766/3409/2652 2765/3391/2635
f 2800/3410/2653 2782/3393/2637 2799/3395/2639
f 2817/3411/2654 2799/3395/2639 2816/3397/2641
f 2834/3412/2655 2816/3397/2641 2833/3399/2643
f 2851/3413/2656 2833/3399/2643 2850/3401/2645
f 2868/3414/2657 2850/3401/2645 2867/3415/2658
f 2644/3416/2659 2628/3124/2421 2627/3123/2420
f 2624/3417/2660 2641/3362/2616 2642/3361/2615
f 2609/3418/2661 2867/3415/2658 2866/3400/2644
f 2695/3370/2624 2678/3382/2627 2677/3383/2598
f 2646/3419/2662 2628/3124/2421 2645/3420/2663
f 2625/3421/2613 2642/3361/2615 2643/3381/2617
f 2664/3422/2664 2648/3125/2422 2647/3127/2424
f 2683/3423/2665 2664/3422/2664 2682/3424/2666
f 2700/3425/2667 2682/3426/2666 2699/3427/2668
f 2717/3428/2669 2699/3427/2668 2716/3429/2670
f 2734/3430/2671 2716/3429/2670 2733/3431/2672
f 2751/3432/2673 2733/3431/2672 2750/3433/2674
f 2768/3434/2675 2750/3433/2674 2767/3435/2676
f 2785/3436/2677 2767/3435/2676 2784/3437/2678
f 2802/3438/2679 2784/3437/2678 2801/3439/2680
f 2819/3440/2681 2801/3439/2680 2818/3441/2682
f 2836/3442/2683 2818/3441/2682 2835/3443/2684
f 2853/3444/2685 2835/3443/2684 2852/3445/2686
f 2870/3446/2687 2852/3445/2686 2869/3447/2688
f 2868/3414/2657 2612/3173/2468 2869/3447/2688
f 2867/3415/2658 2611/3157/2453 2868/3414/2657
f 2661/3448/2689 2645/3420/2663 2644/3416/2659
f 2665/3449/2690 2649/3130/2427 2648/3125/2422
f 2683/3423/2665 2666/3128/2425 2665/3449/2690
f 2700/3425/2667 2684/3135/2428 2683/3450/2665
f 2717/3428/2669 2701/3133/2430 2700/3425/2667
f 2735/3138/2434 2717/3428/2669 2734/3430/2671
f 2752/3140/2436 2734/3430/2671 2751/3432/2673
f 2769/3142/2438 2751/3432/2673 2768/3434/2675
f 2786/3144/2440 2768/3434/2675 2785/3436/2677
f 2802/3438/2679 2786/3144/2440 2785/3436/2677
f 2819/3440/2681 2803/3146/2442 2802/3438/2679
f 2837/3150/2446 2819/3440/2681 2836/3442/2683
f 2854/3152/2448 2836/3442/2683 2853/3444/2685
f 2870/3446/2687 2854/3152/2448 2853/3444/2685
f 2869/3447/2688 2613/3192/2486 2870/3446/2687
f 2664/3422/2664 2646/3419/2662 2663/3451/2691
f 2682/3424/2666 2663/3451/2691 2681/3402/2646
f 2699/3427/2668 2681/3452/2646 2698/3405/2648
f 2716/3429/2670 2698/3405/2648 2715/3406/2649
f 2733/3431/2672 2715/3406/2649 2732/3407/2650
f 2750/3433/2674 2732/3407/2650 2749/3408/2651
f 2767/3435/2676 2749/3408/2651 2766/3409/2652
f 2784/3437/2678 2766/3409/2652 2783/3453/2692
f 2801/3439/2680 2783/3453/2692 2800/3410/2653
f 2818/3441/2682 2800/3410/2653 2817/3411/2654
f 2835/3443/2684 2817/3411/2654 2834/3412/2655
f 2852/3445/2686 2834/3412/2655 2851/3413/2656
f 2869/3447/2688 2851/3413/2656 2868/3414/2657
f 2871/3154/2450 2613/3192/2486 2614/3221/2501
f 2647/3127/2424 2629/3156/2452 2646/3419/2662
f 2872/3172/2467 2614/3221/2501 2615/3238/2516
f 2873/3171/2466 2615/3238/2516 2616/3253/2530
f 2873/3171/2466 2617/3272/2547 2874/3191/2485
f 2874/3220/2485 2618/3302/2563 2875/3219/2500
f 2875/3219/2500 2619/3320/2580 2876/3237/2515
f 2877/3270/2546 2619/3320/2580 2620/3323/2583
f 2878/3269/2545 2620/3323/2583 2621/3339/2597
f 2878/3300/2545 2622/3360/2614 2879/3299/2562
f 2880/3318/2578 2624/3417/2660 2881/3338/2596
f 2882/3454/2612 2624/3417/2660 2625/3421/2613
f 2679/3455/2621 2662/3403/2647 2661/3448/2689
f 2625/3358/2613 2643/3363/2617 2626/3356/2611
f 2663/3451/2691 2645/3420/2663 2662/3403/2647
f 2883/3456/2693 2895/3457/2694 2884/3458/2695
f 2919/3459/2696 2948/3460/2697 2937/3461/2698
f 2885/3462/2699 2895/3457/2694 2896/3463/2700
f 2965/3464/2701 2889/3465/2702 2966/3466/2703
f 2921/3467/2704 2909/3468/2705 2920/3469/2706
f 2932/3470/2707 2920/3469/2706 2931/3471/2708
f 2943/3472/2709 2931/3471/2708 2942/3473/2710
f 2954/3474/2711 2942/3473/2710 2953/3475/2712
f 2965/3464/2701 2953/3476/2712 2964/3477/2713
f 2922/3478/2714 2910/3479/2715 2921/3467/2704
f 2933/3480/2716 2921/3467/2704 2932/3470/2707
f 2943/3472/2709 2933/3480/2716 2932/3470/2707
f 2955/3481/2717 2943/3472/2709 2954/3474/2711
f 2966/3466/2703 2954/3482/2711 2965/3464/2701
f 2967/3483/2718 2889/3465/2702 2890/3484/2719
f 2907/3485/2720 2970/3486/2721 2896/3463/2700
f 2923/3487/2722 2911/3488/2723 2922/3478/2714
f 2934/3489/2724 2922/3478/2714 2933/3480/2716
f 2945/3490/2725 2933/3480/2716 2944/3491/2726
f 2956/3492/2727 2944/3491/2726 2955/3481/2717
f 2967/3483/2718 2955/3493/2717 2966/3466/2703
f 2948/3460/2697 2897/3494/2728 2970/3486/2729
f 2886/3495/2730 2898/3496/2731 2887/3497/2732
f 2911/3488/2723 2901/3498/2733 2900/3499/2734
f 2925/3500/2735 2913/3501/2736 2924/3502/2737
f 2936/3503/2738 2924/3502/2737 2935/3504/2739
f 2947/3505/2740 2935/3504/2739 2946/3506/2741
f 2958/3507/2742 2946/3506/2741 2957/3508/2743
f 2969/3509/2744 2957/3510/2743 2968/3511/2745
f 2970/3486/2729 2886/3495/2730 2959/3512/2746
f 2887/3497/2732 2899/3513/2747 2888/3514/2748
f 2913/3501/2736 2901/3498/2733 2912/3515/2749
f 2928/3516/2750 2916/3517/2751 2927/3518/2752
f 2939/3519/2753 2927/3518/2752 2938/3520/2754
f 2950/3521/2755 2938/3520/2754 2949/3522/2756
f 2961/3523/2757 2949/3524/2756 2960/3525/2758
f 2888/3514/2748 2900/3499/2734 2889/3465/2702
f 2914/3526/2759 2902/3527/2760 2913/3501/2736
f 2928/3516/2750 2918/3528/2761 2917/3529/2762
f 2939/3519/2753 2929/3530/2763 2928/3516/2750
f 2950/3521/2755 2940/3531/2764 2939/3519/2753
f 2961/3523/2757 2951/3532/2765 2950/3533/2755
f 2941/3534/2766 2926/3535/2767 2915/3536/2768
f 2889/3465/2702 2901/3498/2733 2890/3484/2719
f 2917/3529/2762 2905/3537/2769 2916/3517/2751
f 2951/3538/2765 2915/3536/2770 2940/3531/2764
f 2962/3539/2771 2904/3540/2772 2951/3532/2765
f 2885/3462/2699 2893/3541/2773 2962/3539/2771
f 2910/3479/2715 2898/3496/2731 2909/3468/2705
f 2890/3484/2719 2902/3527/2760 2891/3542/2774
f 2931/3471/2708 2919/3459/2696 2930/3543/2775
f 2942/3473/2710 2930/3543/2775 2941/3534/2766
f 2953/3475/2712 2941/3534/2766 2952/3544/2776
f 2964/3477/2713 2952/3545/2776 2963/3546/2777
f 2883/3456/2693 2961/3523/2757 2960/3525/2758
f 2896/3463/2700 2959/3512/2778 2885/3462/2699
f 2963/3546/2777 2959/3512/2746 2886/3495/2730
f 2918/3528/2761 2948/3460/2779 2907/3485/2720
f 2940/3531/2764 2926/3535/2780 2929/3530/2763
f 2929/3530/2763 2937/3461/2781 2918/3528/2761
f 2906/3547/2782 2894/3548/2783 2905/3537/2769
f 2891/3542/2774 2903/3549/2784 2892/3550/2785
f 2919/3459/2696 2926/3535/2767 2930/3543/2775
f 2952/3544/2776 2915/3536/2768 2904/3551/2786
f 2893/3541/2787 2952/3545/2776 2904/3540/2786
f 2964/3477/2713 2888/3514/2748 2965/3464/2701
f 2962/3539/2771 2884/3458/2695 2885/3462/2699
f 2909/3468/2705 2897/3494/2728 2908/3552/2788
f 2911/3488/2723 2899/3513/2747 2910/3479/2715
f 2923/3487/2722 2913/3501/2736 2912/3515/2749
f 2935/3504/2739 2923/3487/2722 2934/3489/2724
f 2946/3506/2741 2934/3489/2724 2945/3490/2725
f 2956/3492/2727 2946/3506/2741 2945/3490/2725
f 2968/3511/2745 2956/3553/2727 2967/3483/2718
f 2906/3547/2782 2896/3463/2700 2895/3457/2694
f 2963/3546/2777 2887/3497/2732 2964/3477/2713
f 2967/3483/2718 2891/3542/2774 2968/3511/2745
f 2968/3511/2745 2892/3550/2785 2969/3509/2744
f 2917/3529/2762 2907/3485/2720 2906/3547/2782
f 2920/3469/2706 2908/3552/2788 2919/3459/2696
f 3140/3554/2789 3019/3555/2790 3141/3556/2791
f 3140/3554/2789 3021/3557/2792 3020/3558/2793
f 3022/3559/2794 3143/3560/2795 3023/3561/2796
f 3022/3559/2794 3145/3562/2797 3144/3563/2798
f 3147/3564/2799 3026/3565/2800 3025/3566/2801
f 3148/3567/2802 3026/3565/2800 3146/3568/2803
f 3029/3569/2804 3150/3570/2805 3149/3571/2806
f 3030/3572/2807 3150/3570/2805 3028/3573/2808
f 3152/3574/2809 3031/3575/2810 3153/3576/2811
f 3152/3574/2809 3033/3577/2812 3032/3578/2813
f 3034/3579/2814 3155/3580/2815 3035/3581/2816
f 3034/3579/2814 3157/3582/2817 3156/3583/2818
f 3159/3584/2819 3038/3585/2820 3037/3586/2821
f 3160/3587/2822 3038/3585/2820 3158/3588/2823
f 3041/3589/2824 3162/3590/2825 3161/3591/2826
f 3042/3592/2827 3162/3590/2825 3040/3593/2828
f 3165/3594/2829 3044/3595/2830 3043/3596/2831
f 3166/3597/2832 3044/3595/2830 3164/3598/2833
f 3047/3599/2834 3168/3600/2835 3167/3601/2836
f 3048/3602/2837 3168/3600/2835 3046/3603/2838
f 3170/3604/2839 3049/3605/2840 3171/3606/2841
f 3170/3604/2839 3051/3607/2842 3050/3608/2843
f 3052/3609/2844 3173/3610/2845 3053/3611/2846
f 3052/3609/2844 3175/3612/2847 3174/3613/2848
f 3176/3614/2849 3055/3615/2850 3177/3616/2851
f 3176/3614/2849 3057/3617/2852 3056/3618/2853
f 3058/3619/2854 3179/3620/2855 3059/3621/2856
f 3058/3619/2854 3181/3622/2857 3180/3623/2858
f 3183/3624/2859 3062/3625/2860 3061/3626/2861
f 3184/3627/2862 3062/3628/2860 3182/3629/2863
f 3185/3630/2864 3064/3631/2865 3186/3632/2866
f 3185/3630/2864 3066/3633/2867 3065/3634/2868
f 3169/3635/2869 3045/3636/2870 3166/3597/2832
f 3043/3596/2831 3161/3591/2826 3165/3594/2829
f 3177/3616/2851 3063/3637/2871 3184/3627/2862
f 3061/3626/2861 3167/3601/2836 3183/3624/2859
f 3171/3606/2841 3059/3621/2856 3179/3620/2855
f 3060/3638/2872 3178/3639/2873 3181/3622/2857
f 3153/3576/2811 3053/3611/2846 3173/3610/2845
f 3054/3640/2874 3172/3641/2875 3175/3612/2847
f 3141/3556/2791 3035/3581/2816 3155/3580/2815
f 3036/3642/2876 3154/3643/2877 3157/3582/2817
f 3186/3632/2866 3023/3561/2796 3143/3560/2795
f 3024/3644/2878 3142/3645/2879 3145/3562/2797
f 3151/3646/2880 3027/3647/2881 3148/3567/2802
f 3025/3566/2801 3187/3648/2882 3147/3564/2799
f 3163/3649/2883 3039/3650/2884 3160/3587/2822
f 3037/3586/2821 3149/3571/2806 3159/3584/2819
f 3067/3651/2885 3020/3558/2793 3068/3652/2886
f 3020/3558/2793 3069/3653/2887 3068/3652/2886
f 3070/3654/2888 3023/3561/2796 3071/3655/2889
f 3024/3644/2878 3070/3656/2888 3072/3657/2890
f 3025/3566/2801 3074/3658/2891 3073/3659/2892
f 3074/3658/2891 3027/3647/2881 3075/3660/2893
f 3028/3573/2808 3077/3661/2894 3076/3662/2895
f 3078/3663/2896 3028/3573/2808 3076/3662/2895
f 3079/3664/2897 3032/3578/2813 3080/3665/2898
f 3032/3578/2813 3081/3666/2899 3080/3665/2898
f 3082/3667/2900 3035/3581/2816 3083/3668/2901
f 3036/3642/2876 3082/3667/2900 3084/3669/2902
f 3037/3586/2821 3086/3670/2903 3085/3671/2904
f 3086/3670/2903 3039/3650/2884 3087/3672/2905
f 3040/3593/2828 3089/3673/2906 3088/3674/2907
f 3090/3675/2908 3040/3593/2828 3088/3674/2907
f 3043/3596/2831 3092/3676/2909 3091/3677/2910
f 3092/3676/2909 3045/3636/2870 3093/3678/2911
f 3046/3603/2838 3095/3679/2912 3094/3680/2913
f 3096/3681/2914 3046/3603/2838 3094/3680/2913
f 3097/3682/2915 3050/3608/2843 3098/3683/2916
f 3050/3608/2843 3099/3684/2917 3098/3683/2916
f 3100/3685/2918 3053/3611/2846 3101/3686/2919
f 3054/3640/2874 3100/3685/2918 3102/3687/2920
f 3103/3688/2921 3056/3618/2853 3104/3689/2922
f 3056/3618/2853 3105/3690/2923 3104/3689/2922
f 3106/3691/2924 3059/3621/2856 3107/3692/2925
f 3060/3638/2872 3106/3691/2924 3108/3693/2926
f 3061/3626/2861 3110/3694/2927 3109/3695/2928
f 3110/3696/2927 3063/3637/2871 3111/3697/2929
f 3112/3698/2930 3065/3634/2868 3113/3699/2931
f 3065/3634/2868 3114/3700/2932 3113/3699/2931
f 3093/3678/2911 3048/3602/2837 3096/3681/2914
f 3041/3589/2824 3091/3677/2910 3089/3673/2906
f 3111/3697/2929 3055/3615/2850 3103/3688/2921
f 3047/3599/2834 3109/3695/2928 3095/3679/2912
f 3107/3692/2925 3049/3605/2840 3097/3682/2915
f 3057/3617/2852 3108/3693/2926 3105/3690/2923
f 3101/3686/2919 3031/3575/2810 3079/3664/2897
f 3051/3607/2842 3102/3687/2920 3099/3684/2917
f 3083/3668/2901 3019/3555/2790 3067/3651/2885
f 3033/3577/2812 3084/3669/2902 3081/3666/2899
f 3071/3655/2889 3064/3631/2865 3112/3698/2930
f 3021/3557/2792 3072/3657/2890 3069/3653/2887
f 3075/3660/2893 3030/3572/2807 3078/3663/2896
f 3066/3633/2867 3073/3659/2892 3114/3700/2932
f 3087/3672/2905 3042/3592/2827 3090/3675/2908
f 3029/3569/2804 3085/3671/2904 3077/3661/2894
f 3119/3701/2933 3139/3702/2933 3118/3703/2933
f 3129/3704/2933 3139/3702/2933 3125/3705/2933
f 3131/3706/2933 3139/3702/2933 3130/3707/2933
f 3118/3703/2933 3139/3702/2933 3120/3708/2933
f 3133/3709/2933 3139/3702/2933 3128/3710/2933
f 3132/3711/2933 3139/3702/2933 3131/3706/2933
f 3122/3712/2933 3139/3702/2933 3121/3713/2933
f 3130/3707/2933 3139/3702/2933 3135/3714/2933
f 3134/3715/2933 3139/3702/2933 3133/3709/2933
f 3123/3716/2933 3139/3702/2933 3122/3712/2933
f 3121/3713/2933 3139/3702/2933 3132/3711/2933
f 3135/3714/2933 3139/3702/2933 3134/3715/2933
f 3125/3705/2933 3139/3702/2933 3124/3717/2933
f 3115/3718/2933 3139/3702/2933 3123/3716/2933
f 3137/3719/2933 3139/3702/2933 3136/3720/2933
f 3124/3717/2933 3139/3702/2933 3126/3721/2933
f 3136/3720/2933 3139/3702/2933 3117/3722/2933
f 3138/3723/2933 3139/3702/2933 3137/3719/2933
f 3128/3710/2933 3139/3702/2933 3127/3724/2933
f 3120/3708/2933 3139/3702/2933 3138/3723/2933
f 3117/3722/2933 3139/3702/2933 3116/3725/2933
f 3126/3721/2933 3139/3702/2933 3119/3701/2933
f 3127/3724/2933 3139/3702/2933 3129/3704/2933
f 3007/3726/2934 3192/3727/2935 3233/3728/2936
f 3010/3729/2937 3140/3730/2937 3141/3731/2937
f 3011/3732/2937 3140/3730/2937 3012/3733/2937
f 2988/3734/2937 3143/3735/2937 3144/3736/2937
f 2988/3734/2937 3145/3737/2937 2986/3738/2937
f 2991/3739/2937 3147/3740/2937 2989/3741/2937
f 2991/3739/2937 3148/3742/2937 3146/3743/2937
f 3005/3744/2937 3150/3745/2937 3006/3746/2937
f 3004/3747/2937 3150/3745/2937 3151/3748/2937
f 3013/3749/2937 3152/3750/2937 3153/3751/2937
f 3014/3752/2937 3152/3750/2937 3015/3753/2937
f 2985/3754/2937 3155/3755/2937 3156/3756/2937
f 2985/3754/2937 3157/3757/2937 2983/3758/2937
f 2994/3759/2937 3159/3760/2937 2992/3761/2937
f 2994/3759/2937 3160/3762/2937 3158/3763/2937
f 3002/3764/2937 3162/3765/2937 3003/3766/2937
f 3001/3767/2937 3162/3765/2937 3163/3768/2937
f 2973/3769/2937 3165/3770/2937 2971/3771/2937
f 2973/3769/2937 3166/3772/2937 3164/3773/2937
f 2999/3774/2937 3168/3775/2937 3000/3776/2937
f 2998/3777/2937 3168/3775/2937 3169/3778/2937
f 3016/3779/2937 3170/3780/2937 3171/3781/2937
f 3017/3782/2937 3170/3780/2937 3018/3783/2937
f 2982/3784/2937 3173/3785/2937 3174/3786/2937
f 2982/3784/2937 3175/3787/2937 2980/3788/2937
f 2995/3789/2937 3176/3790/2937 3177/3791/2937
f 2996/3792/2937 3176/3790/2937 2997/3793/2937
f 2979/3794/2937 3179/3795/2937 3180/3796/2937
f 2979/3794/2937 3181/3797/2937 2977/3798/2937
f 2976/3799/2937 3183/3800/2937 2974/3801/2937
f 2976/3799/2937 3184/3802/2937 3182/3803/2937
f 3007/3726/2937 3185/3804/2937 3186/3805/2937
f 3008/3806/2937 3185/3804/2937 3009/3807/2937
f 2972/3808/2937 3169/3778/2937 3166/3772/2937
f 2971/3771/2937 3161/3809/2937 3002/3764/2937
f 2975/3810/2937 3177/3791/2937 3184/3802/2937
f 2974/3801/2937 3167/3811/2937 2999/3774/2937
f 2978/3812/2937 3171/3781/2937 3179/3795/2937
f 2977/3798/2937 3178/3813/2937 2996/3792/2937
f 2981/3814/2937 3153/3751/2937 3173/3785/2937
f 2980/3788/2937 3172/3815/2937 3017/3782/2937
f 2984/3816/2937 3141/3731/2937 3155/3755/2937
f 2983/3758/2937 3154/3817/2937 3014/3752/2937
f 2987/3818/2937 3186/3805/2937 3143/3735/2937
f 2986/3738/2937 3142/3819/2937 3011/3732/2937
f 2990/3820/2937 3151/3748/2937 3148/3742/2937
f 2989/3741/2937 3187/3821/2937 3008/3806/2937
f 2993/3822/2937 3163/3768/2937 3160/3762/2937
f 2992/3761/2937 3149/3823/2937 3005/3744/2937
f 3124/3717/2933 3089/3824/2933 3125/3705/2933
f 3090/3825/2933 3124/3717/2933 3126/3721/2933
f 3243/3826/2937 3202/3827/2938 3201/3828/2939
f 3200/3829/2940 3243/3826/2937 3201/3828/2939
f 3188/3830/2941 3237/3831/2937 3189/3832/2942
f 3237/3831/2937 3190/3833/2943 3189/3832/2942
f 3233/3728/2936 3258/3834/2937 3234/3835/2944
f 3258/3834/2937 3235/3836/2945 3234/3835/2944
f 3199/3837/2946 3239/3838/2937 3197/3839/2947
f 3239/3838/2937 3198/3840/2948 3197/3839/2947
f 3211/3841/2949 3245/3842/2937 3209/3843/2950
f 3245/3842/2937 3210/3844/2951 3209/3843/2950
f 3217/3845/2952 3248/3846/2937 3215/3847/2953
f 3248/3846/2937 3216/3848/2954 3215/3847/2953
f 3224/3849/2955 3255/3850/2937 3225/3851/2956
f 3255/3850/2937 3226/3852/2957 3225/3851/2956
f 3218/3853/2958 3252/3854/2937 3219/3855/2959
f 3252/3854/2937 3220/3856/2960 3219/3855/2959
f 3253/3857/2937 3222/3858/2961 3223/3859/2962
f 3200/3829/2940 3222/3858/2961 3242/3860/2937
f 3222/3858/2961 3221/3861/2963 3223/3859/2962
f 3242/3860/2937 3222/3858/2961 3253/3857/2937
f 3223/3859/2962 3220/3856/2960 3253/3857/2937
f 3244/3862/2937 3236/3863/2937 3205/3864/2964
f 3188/3830/2941 3204/3865/2965 3236/3863/2937
f 3204/3865/2965 3203/3866/2966 3205/3864/2964
f 3236/3863/2937 3204/3865/2965 3205/3864/2964
f 3205/3864/2964 3202/3827/2938 3244/3862/2937
f 3238/3867/2937 3257/3868/2937 3193/3869/2967
f 3233/3728/2936 3192/3727/2935 3257/3868/2937
f 3192/3727/2935 3191/3870/2968 3193/3869/2967
f 3257/3868/2937 3192/3727/2935 3193/3869/2967
f 3193/3869/2967 3190/3833/2943 3238/3867/2937
f 3241/3871/2937 3199/3837/2946 3196/3872/2969
f 3195/3873/2970 3194/3874/2971 3196/3872/2969
f 3194/3874/2971 3235/3836/2945 3259/3875/2937
f 3196/3872/2969 3194/3874/2971 3241/3871/2937
f 3259/3875/2937 3241/3871/2937 3194/3874/2971
f 3247/3876/2937 3211/3841/2949 3208/3877/2972
f 3207/3878/2973 3206/3879/2974 3208/3877/2972
f 3206/3879/2974 3198/3840/2948 3240/3880/2937
f 3208/3877/2972 3206/3879/2974 3247/3876/2937
f 3240/3880/2937 3247/3876/2937 3206/3879/2974
f 3250/3881/2937 3217/3845/2952 3214/3882/2975
f 3213/3883/2976 3212/3884/2977 3214/3882/2975
f 3212/3884/2977 3210/3844/2951 3246/3885/2937
f 3214/3882/2975 3212/3884/2977 3246/3885/2937
f 3246/3885/2937 3250/3881/2937 3214/3882/2975
f 3254/3886/2937 3224/3849/2955 3232/3887/2978
f 3231/3888/2979 3230/3889/2980 3232/3887/2978
f 3230/3889/2980 3216/3848/2954 3249/3890/2937
f 3232/3887/2978 3230/3889/2980 3249/3890/2937
f 3249/3890/2937 3254/3886/2937 3232/3887/2978
f 3256/3891/2937 3228/3892/2981 3229/3893/2982
f 3218/3853/2958 3228/3892/2981 3251/3894/2937
f 3228/3892/2981 3227/3895/2983 3229/3893/2982
f 3251/3894/2937 3228/3892/2981 3256/3891/2937
f 3229/3893/2982 3226/3852/2957 3256/3891/2937
f 3009/3807/2984 3233/3728/2936 3234/3835/2944
f 3009/3807/2984 3235/3836/2945 3008/3806/2985
f 3008/3806/2985 3194/3874/2971 2989/3741/2986
f 2989/3741/2986 3195/3873/2970 2991/3739/2987
f 2990/3820/2988 3195/3873/2970 3196/3872/2969
f 3004/3747/2989 3196/3872/2969 3199/3837/2946
f 3006/3746/2990 3199/3837/2946 3197/3839/2947
f 3006/3746/2990 3198/3840/2948 3005/3744/2991
f 3005/3744/2991 3206/3879/2974 2992/3761/2992
f 2992/3761/2992 3207/3878/2973 2994/3759/2993
f 2993/3822/2994 3207/3878/2973 3208/3877/2972
f 3001/3767/2995 3208/3877/2972 3211/3841/2949
f 3003/3766/2996 3211/3841/2949 3209/3843/2950
f 3003/3766/2996 3210/3844/2951 3002/3764/2997
f 3002/3764/2997 3212/3884/2977 2971/3771/2998
f 2971/3771/2998 3213/3883/2976 2973/3769/2999
f 2972/3808/3000 3213/3883/2976 3214/3882/2975
f 2998/3777/3001 3214/3882/2975 3217/3845/2952
f 3000/3776/3002 3217/3845/2952 3215/3847/2953
f 3000/3776/3002 3216/3848/2954 2999/3774/3003
f 2999/3774/3003 3230/3889/2980 2974/3801/3004
f 2974/3801/3004 3231/3888/2979 2976/3799/3005
f 2975/3810/3006 3231/3888/2979 3232/3887/2978
f 2995/3789/3007 3232/3887/2978 3224/3849/2955
f 2997/3793/3008 3224/3849/2955 3225/3851/2956
f 2997/3793/3008 3226/3852/2957 2996/3792/3009
f 2996/3792/3009 3229/3893/2982 2977/3798/3010
f 2977/3798/3010 3227/3895/2983 2979/3794/3011
f 2978/3812/3012 3227/3895/2983 3228/3892/2981
f 3016/3779/3013 3228/3892/2981 3218/3853/2958
f 3018/3783/3014 3218/3853/2958 3219/3855/2959
f 3018/3783/3014 3220/3856/2960 3017/3782/3015
f 3017/3782/3015 3223/3859/2962 2980/3788/3016
f 2980/3788/3016 3221/3861/2963 2982/3784/3017
f 2981/3814/3018 3221/3861/2963 3222/3858/2961
f 3013/3749/3019 3222/3858/2961 3200/3829/2940
f 3015/3753/3020 3200/3829/2940 3201/3828/2939
f 3015/3753/3020 3202/3827/2938 3014/3752/3021
f 3014/3752/3021 3205/3864/2964 2983/3758/3022
f 2983/3758/3022 3203/3866/2966 2985/3754/3023
f 2984/3816/3024 3203/3866/2966 3204/3865/2965
f 3010/3729/3025 3204/3865/2965 3188/3830/2941
f 3012/3733/3026 3188/3830/2941 3189/3832/2942
f 3012/3733/3026 3190/3833/2943 3011/3732/3027
f 3011/3732/3027 3193/3869/2967 2986/3738/3028
f 2986/3738/3028 3191/3870/2968 2988/3734/3029
f 2987/3818/3030 3191/3870/2968 3192/3727/2935
f 3077/3896/2933 3118/3703/2933 3076/3897/2933
f 3078/3898/2933 3118/3703/2933 3120/3708/2933
f 3114/3899/2933 3137/3719/2933 3113/3900/2933
f 3112/3901/2933 3137/3719/2933 3136/3720/2933
f 3069/3902/2933 3116/3725/2933 3068/3903/2933
f 3067/3904/2933 3116/3725/2933 3115/3718/2933
f 3081/3905/2933 3122/3712/2933 3080/3906/2933
f 3079/3907/2933 3122/3712/2933 3121/3713/2933
f 3099/3908/2933 3131/3706/2933 3098/3909/2933
f 3097/3910/2933 3131/3706/2933 3130/3707/2933
f 3105/3911/2933 3134/3715/2933 3104/3912/2933
f 3103/3913/2933 3134/3715/2933 3133/3709/2933
f 3095/3914/2933 3127/3724/2933 3094/3915/2933
f 3096/3916/2933 3127/3724/2933 3129/3704/2933
f 3129/3704/2933 3089/3824/2933 3096/3916/2933
f 3093/3917/2933 3089/3824/2933 3091/3918/2933
f 3091/3918/2933 3092/3919/2933 3093/3917/2933
f 3103/3913/2933 3109/3920/2933 3111/3921/2933
f 3097/3910/2933 3108/3922/2933 3107/3923/2933
f 3132/3711/2933 3079/3907/2933 3121/3713/2933
f 3079/3907/2933 3102/3924/2933 3101/3925/2933
f 3123/3716/2933 3067/3904/2933 3115/3718/2933
f 3067/3904/2933 3084/3926/2933 3083/3927/2933
f 3082/3928/2933 3083/3927/2933 3084/3926/2933
f 3100/3929/2933 3101/3925/2933 3102/3924/2933
f 3128/3710/2933 3103/3913/2933 3133/3709/2933
f 3135/3714/2933 3097/3910/2933 3130/3707/2933
f 3106/3930/2933 3107/3923/2933 3108/3922/2933
f 3109/3920/2933 3110/3931/2933 3111/3921/2933
f 3090/3825/2933 3085/3932/2933 3087/3933/2933
f 3077/3896/2933 3126/3721/2933 3119/3701/2933
f 3085/3932/2933 3086/3934/2933 3087/3933/2933
f 3075/3935/2933 3114/3899/2933 3073/3936/2933
f 3073/3936/2933 3074/3937/2933 3075/3935/2933
f 3114/3899/2933 3120/3708/2933 3138/3723/2933
f 3112/3901/2933 3072/3938/2933 3071/3939/2933
f 3069/3902/2933 3136/3720/2933 3117/3722/2933
f 3070/3940/2933 3071/3939/2933 3072/3938/2933
f 3116/3725/2933 3139/3702/2933 3115/3718/2933
f 3276/3941/3031 3286/3942/3032 3287/3943/3033
f 3278/3944/3034 3288/3945/3035 3289/3946/3036
f 3280/3947/3037 3290/3948/3038 3291/3949/3039
f 3276/3941/3031 3288/3945/3035 3277/3950/3040
f 3282/3951/3041 3279/3952/3042 3278/3944/3034
f 3284/3953/3043 3283/3954/3044 3282/3955/3041
f 3291/3949/3039 3285/3956/3045 3284/3953/3043
f 3287/3943/3033 3281/3957/3046 3280/3947/3037
f 3295/3958/3047 3288/3945/3035 3296/3959/3048
f 3295/3958/3047 3286/3942/3032 3277/3950/3040
f 3289/3946/3036 3268/3960/3049 3271/3961/3050
f 3276/3941/3031 3269/3962/3051 3268/3960/3049
f 3297/3963/3052 3283/3964/3044 3298/3965/3053
f 3296/3959/3048 3279/3952/3042 3297/3963/3052
f 3278/3944/3034 3274/3966/3054 3282/3951/3041
f 3289/3946/3036 3270/3967/3055 3278/3944/3034
f 3294/3968/3056 3281/3957/3046 3286/3942/3032
f 3292/3969/3057 3290/3948/3038 3281/3957/3046
f 3280/3947/3037 3269/3962/3051 3287/3943/3033
f 3291/3949/3039 3272/3970/3058 3280/3947/3037
f 3299/3971/3059 3283/3954/3044 3285/3956/3045
f 3282/3955/3041 3275/3972/3060 3284/3953/3043
f 3293/3973/3061 3285/3956/3045 3290/3948/3038
f 3284/3953/3043 3273/3974/3062 3291/3949/3039
f 3261/3975/2937 3293/3973/2937 3292/3969/2937
f 3261/3975/2937 3294/3968/2937 3262/3976/2937
f 3262/3976/2937 3295/3958/2937 3263/3977/2937
f 3263/3977/2937 3296/3959/2937 3264/3978/2937
f 3264/3978/2937 3297/3963/2937 3265/3979/2937
f 3265/3979/2937 3298/3965/2937 3266/3980/2937
f 3267/3981/2937 3298/3982/2937 3299/3971/2937
f 3260/3983/2937 3299/3971/2937 3293/3973/2937
f 3325/3984/3063 3319/3985/3064 3330/3986/3065
f 3331/3987/3066 3321/3988/3067 3329/3989/3068
f 3327/3990/3069 3316/3991/3070 3324/3992/3071
f 3330/3986/3065 3320/3993/3072 3331/3987/3066
f 3329/3989/3068 3322/3994/3073 3328/3995/3074
f 3328/3996/3074 3323/3997/3075 3326/3998/3076
f 3326/3998/3076 3317/3999/3077 3327/3990/3069
f 3324/3992/3071 3318/4000/3078 3325/3984/3063
f 3301/4001/3079 3317/3999/3080 3300/4002/3080
f 3302/4003/3081 3316/3991/3079 3301/4001/3079
f 3303/4004/3082 3318/4000/3081 3302/4003/3081
f 3304/4005/3083 3319/3985/3082 3303/4004/3082
f 3305/4006/3084 3320/3993/3083 3304/4005/3083
f 3306/4007/3085 3321/3988/3084 3305/4006/3084
f 3306/4008/3085 3323/3997/3086 3322/4009/3085
f 3307/4010/3086 3317/3999/3080 3323/3997/3086
f 3312/4011/3087 3325/3984/3063 3309/4012/3088
f 3315/4013/3089 3327/3990/3069 3313/4014/3090
f 3314/4015/3091 3326/3998/3076 3315/4013/3089
f 3314/4016/3091 3329/3989/3068 3328/3995/3074
f 3308/4017/3092 3331/3987/3066 3311/4018/3093
f 3313/4014/3090 3324/3992/3071 3312/4011/3087
f 3311/4018/3093 3329/3989/3068 3310/4019/3094
f 3309/4012/3088 3330/3986/3065 3308/4017/3092
f 2622/3360/2614 2641/3362/2616 2623/3319/2579
f 2565/2888/2213 2563/2892/2214 2562/2889/2214
f 2560/2891/2215 2562/2889/2214 2563/2892/2214
f 2558/2894/2216 2560/2891/2215 2561/2893/2215
f 2556/2896/2218 2558/2894/2216 2559/2895/2217
f 2555/2898/2219 2554/2910/2219 2556/2896/2218
f 2566/2899/2220 2567/4020/2220 2565/2888/2213
f 2569/2900/2221 2567/4020/2220 2566/2899/2220
f 2571/2902/2222 2569/2900/2221 2568/2901/2221
f 2573/2904/2223 2571/2902/2222 2570/2903/2222
f 2553/2909/2227 2552/4021/2227 2554/2910/2219
f 2532/2911/2228 2530/2915/2229 2531/2912/2229
f 2528/2914/2230 2529/2917/2230 2531/2912/2229
f 2526/2916/2231 2527/4022/2231 2529/2917/2230
f 2525/2918/2232 2527/4022/2231 2526/2916/2231
f 2523/2920/2233 2525/2918/2232 2524/2919/2232
f 2521/2922/2234 2523/2920/2233 2522/2921/2233
f 2534/2924/2235 2532/2911/2228 2533/2913/2228
f 2536/2926/2236 2534/2924/2235 2535/2925/2235
f 2538/2928/2237 2536/2926/2236 2537/2927/2236
f 2541/2930/2238 2540/3105/2238 2538/2928/2237
f 2499/2937/2245 2573/2959/2267 2605/2938/2246
f 2604/2939/2247 2607/4023/3095 2541/2940/2248
f 2539/2941/2249 2497/2942/2250 2499/2937/2245
f 2497/2942/2250 2539/2941/2249 2537/2943/2251
f 2493/2945/2253 2495/2944/2252 2537/2943/2251
f 2491/2947/2255 2493/2945/2253 2535/2946/2254
f 2489/2949/2257 2491/2947/2255 2533/2948/2256
f 2489/2949/2257 2531/2950/2258 2529/2951/2259
f 2487/2952/2260 2529/2951/2259 2527/2953/2261
f 2483/2955/2263 2485/2954/2262 2527/2953/2261
f 2481/2957/2265 2483/2955/2263 2525/2956/2264
f 2573/2959/2267 2499/2937/2245 2497/2942/2250
f 2571/2960/2268 2497/2942/2250 2495/2944/2252
f 2567/2962/2270 2569/2961/2269 2495/2944/2252
f 2565/2963/2271 2567/2962/2270 2493/2945/2253
f 2563/2964/2272 2565/2963/2271 2491/2947/2255
f 2563/2964/2272 2489/2949/2257 2487/2952/2260
f 2561/2965/2273 2487/2952/2260 2485/2954/2262
f 2557/2967/2275 2559/2966/2274 2485/2954/2262
f 2555/2968/2276 2557/2967/2275 2483/2955/2263
f 2484/2969/2277 2556/2972/2280 2554/2970/2278
f 2556/2972/2280 2484/2969/2277 2486/2973/2281
f 2560/2975/2283 2558/2974/2282 2486/2973/2281
f 2562/2977/2285 2560/2975/2283 2488/2976/2284
f 2562/2977/2285 2490/2978/2286 2492/2979/2287
f 2564/2980/2288 2492/2979/2287 2494/2981/2289
f 2566/2982/2290 2494/2981/2289 2496/2983/2291
f 2570/2985/2293 2568/2984/2292 2496/2983/2291
f 2572/2987/2295 2570/2985/2293 2498/2986/2294
f 2608/2989/2297 2572/2987/2295 2500/2988/2296
f 2482/2971/2279 2522/3035/2335 2524/2991/2299
f 2484/2969/2277 2524/2991/2299 2526/2992/2300
f 2488/2976/2284 2486/2973/2281 2526/2992/2300
f 2490/2978/2286 2488/2976/2284 2528/2993/2301
f 2490/2978/2286 2530/2994/2302 2532/2995/2303
f 2492/2979/2287 2532/2995/2303 2534/2996/2304
f 2494/2981/2289 2534/2996/2304 2536/2997/2305
f 2498/2986/2294 2496/2983/2291 2536/2997/2305
f 2500/2988/2296 2498/2986/2294 2538/2998/2306
f 2603/2990/2298 2500/2988/2296 2540/2999/2307
f 2521/2922/2234 2520/2923/2234 2518/3001/2309
f 2519/3002/2309 2518/3001/2309 2516/3003/2310
f 2517/3004/2310 2516/3003/2310 2514/3005/2311
f 2515/3006/2311 2514/3005/2311 2512/3007/2312
f 2513/3008/2312 2512/3007/2312 2510/3009/2313
f 2550/3013/2317 2552/4021/2227 2553/2909/2227
f 2550/3013/2317 2551/3014/2317 2549/3015/2318
f 2548/3016/2318 2549/3015/2318 2547/3017/2319
f 2546/3018/2319 2547/3017/2319 2545/3019/2320
f 2542/2931/2239 2544/3020/2320 2545/3019/2320
f 2479/3023/2323 2521/3033/2333 2519/3024/2324
f 2477/3025/2325 2551/4024/3096 2553/3026/2326
f 2549/3027/2327 2551/4024/3096 2477/3025/2325
f 2547/3029/2329 2549/3027/2327 2475/3028/2328
f 2475/3028/2328 2477/3025/2325 2519/3024/2324
f 2473/3030/2330 2475/3028/2328 2517/3031/2331
f 2479/3023/2323 2553/3026/2326 2555/2968/2276
f 2481/2957/2265 2523/2958/2266 2521/3033/2333
f 2482/2971/2279 2480/3036/2336 2520/3034/2334
f 2554/2970/2278 2552/3038/2338 2480/3036/2336
f 2480/3036/2336 2478/3039/2339 2518/3037/2337
f 2552/3038/2338 2550/4025/3097 2478/3039/2339
f 2478/3039/2339 2550/4025/3097 2548/3040/2340
f 2518/3037/2337 2478/3039/2339 2476/3041/2341
f 2476/3041/2341 2548/3040/2340 2546/3043/2343
f 2474/3044/2344 2514/3047/2347 2516/3042/2342
f 2546/3043/2343 2544/3048/2348 2472/3045/2345
f 2474/3044/2344 2472/3045/2345 2512/3046/2346
f 2544/3048/2348 2542/3051/2351 2470/3049/2349
f 2472/3045/2345 2470/3049/2349 2510/3050/2350
f 2542/3051/2351 2575/3096/2394 2501/3052/2352
f 2470/3049/2349 2501/3052/2352 2581/3053/2353
f 2471/3054/2354 2545/3055/2355 2547/3029/2329
f 2545/3055/2355 2471/3054/2354 2469/3056/2356
f 2543/3057/2357 2469/3056/2356 2502/3058/2358
f 2473/3030/2330 2515/3032/2332 2513/3060/2360
f 2471/3054/2354 2513/3060/2360 2511/3061/2361
f 2469/3056/2356 2511/3061/2361 2580/3062/2362
f 2508/3063/2363 2598/3066/2366 2597/3064/2364
f 2598/3066/2366 2508/3063/2363 2503/3067/2367
f 2593/3068/2368 2503/3067/2367 2504/3069/2369
f 2595/3071/2371 2594/4026/2370 2504/3072/2369
f 2596/3074/2373 2595/3071/2371 2505/3073/2372
f 2599/3076/2375 2596/3074/2373 2507/3075/2374
f 2508/3063/2363 2509/3065/2365 2592/3078/2377
f 2503/3067/2367 2508/3063/2363 2589/3079/2378
f 2504/3069/2369 2503/3067/2367 2588/3080/2379
f 2504/3072/2369 2587/4027/2380 2586/3082/2381
f 2505/3073/2372 2586/3082/2381 2590/3083/2382
f 2507/3075/2374 2590/3083/2382 2591/3084/2383
f 2600/3086/2385 2602/4028/3098 2577/3087/2386
f 2600/3089/2385 2601/4029/3099 2583/3090/2388
f 2584/3092/2390 2601/4030/3099 2600/3086/2385
f 2578/3093/2391 2602/4031/3098 2600/3089/2385
f 2579/3094/2392 2578/3093/2391 2466/3091/2389
f 2575/3096/2394 2579/3094/2392 2465/3095/2393
f 2466/3091/2389 2583/3090/2388 2582/3097/2395
f 2465/3095/2393 2582/3097/2395 2581/3053/2353
f 2467/3088/2387 2577/3087/2386 2576/3098/2396
f 2468/3099/2397 2576/3098/2396 2574/3059/2359
f 2585/3100/2398 2584/3092/2390 2467/3088/2387
f 2580/3062/2362 2585/3100/2398 2468/3099/2397
f 2608/3101/2399 2605/3108/2405 2573/2904/2223
f 2541/2930/2238 2607/2907/2225 2606/2906/2224
f 2603/2990/2298 2606/3000/2308 2599/3076/2375
f 2591/3084/2383 2608/2989/2297 2603/2990/2298
f 2597/3064/2364 2607/4023/3095 2604/2939/2247
f 2604/2939/2247 2605/2938/2246 2592/3078/2377
f 2610/3122/2419 2609/3418/2661 2627/3123/2420
f 2648/3125/2422 2631/3159/2455 2630/3126/2423
f 2666/3128/2425 2667/3132/2429 2650/3129/2426
f 2684/3131/2428 2685/3162/2431 2667/3132/2429
f 2701/3133/2430 2702/3137/2433 2685/3134/2431
f 2718/3136/2432 2719/3139/2435 2702/3137/2433
f 2735/3138/2434 2736/3141/2437 2719/3139/2435
f 2752/3140/2436 2753/3143/2439 2736/3141/2437
f 2769/3142/2438 2770/3145/2441 2753/3143/2439
f 2786/3144/2440 2787/3147/2443 2770/3145/2441
f 2803/3146/2442 2804/3149/2445 2787/3147/2443
f 2820/3148/2444 2821/3151/2447 2804/3149/2445
f 2837/3150/2446 2838/3153/2449 2821/3151/2447
f 2854/3152/2448 2855/3155/2451 2838/3153/2449
f 2871/3154/2450 2872/3172/2467 2855/3155/2451
f 2610/3122/2419 2628/3124/2421 2629/3156/2452
f 2648/3125/2422 2649/3130/2427 2632/3158/2454
f 2668/3160/2456 2651/3176/2471 2650/3129/2426
f 2686/3161/2457 2668/3160/2456 2667/3132/2429
f 2703/3163/2458 2686/3179/2457 2685/3134/2431
f 2720/3164/2459 2703/3163/2458 2702/3137/2433
f 2737/3165/2460 2720/3164/2459 2719/3139/2435
f 2754/3166/2461 2737/3165/2460 2736/3141/2437
f 2770/3145/2441 2771/3184/2478 2754/3166/2461
f 2788/3167/2462 2771/3184/2478 2770/3145/2441
f 2805/3168/2463 2788/3167/2462 2787/3147/2443
f 2822/3169/2464 2805/3168/2463 2804/3149/2445
f 2838/3153/2449 2839/3189/2483 2822/3169/2464
f 2856/3170/2465 2839/3189/2483 2838/3153/2449
f 2873/3171/2466 2856/3170/2465 2855/3155/2451
f 2611/3157/2453 2629/3156/2452 2630/3126/2423
f 2649/3130/2427 2650/3129/2426 2633/3174/2469
f 2669/3175/2470 2652/3222/2488 2651/3176/2471
f 2687/3177/2472 2669/3175/2470 2668/3160/2456
f 2704/3178/2473 2687/4032/2472 2686/3179/2457
f 2721/3180/2474 2704/3178/2473 2703/3163/2458
f 2738/3181/2475 2721/3180/2474 2720/3164/2459
f 2755/3182/2476 2738/3181/2475 2737/3165/2460
f 2772/3183/2477 2755/3182/2476 2754/3166/2461
f 2789/3185/2479 2772/3183/2477 2771/3184/2478
f 2806/3186/2480 2789/3185/2479 2788/3167/2462
f 2823/3187/2481 2806/3186/2480 2805/3168/2463
f 2840/3188/2482 2823/3187/2481 2822/3169/2464
f 2857/3190/2484 2840/3188/2482 2839/3189/2483
f 2874/3191/2485 2857/3190/2484 2856/3170/2465
f 2612/3173/2468 2630/3126/2423 2631/3159/2455
f 2651/3176/2471 2634/3223/2502 2633/3174/2469
f 2670/3193/2487 2653/3225/2504 2652/3194/2488
f 2688/3196/2489 2670/3193/2487 2669/3195/2470
f 2705/3198/2490 2688/3228/2489 2687/3199/2472
f 2722/3201/2491 2705/3198/2490 2704/3200/2473
f 2739/3203/2492 2722/3201/2491 2721/3202/2474
f 2756/3205/2493 2739/3203/2492 2738/3204/2475
f 2773/3207/2494 2756/3205/2493 2755/3206/2476
f 2790/3209/2495 2773/3207/2494 2772/3208/2477
f 2807/3211/2496 2790/3209/2495 2789/3210/2479
f 2824/3213/2497 2807/3211/2496 2806/3212/2480
f 2841/3215/2498 2824/3213/2497 2823/3214/2481
f 2858/3217/2499 2841/3215/2498 2840/3216/2482
f 2875/3219/2500 2858/3217/2499 2857/3218/2484
f 2614/3221/2501 2613/3192/2486 2631/3159/2455
f 2652/3222/2488 2635/3271/2517 2634/3223/2502
f 2671/3224/2503 2654/3241/2519 2653/3225/2504
f 2689/3226/2505 2671/3224/2503 2670/3193/2487
f 2706/3227/2506 2689/3244/2505 2688/3228/2489
f 2723/3229/2507 2706/3227/2506 2705/3198/2490
f 2739/3203/2492 2740/3246/2523 2723/3229/2507
f 2757/3230/2508 2740/3246/2523 2739/3203/2492
f 2774/3231/2509 2757/3230/2508 2756/3205/2493
f 2791/3232/2510 2774/3231/2509 2773/3207/2494
f 2808/3233/2511 2791/3232/2510 2790/3209/2495
f 2825/3234/2512 2808/3233/2511 2807/3211/2496
f 2842/3235/2513 2825/3234/2512 2824/3213/2497
f 2859/3236/2514 2842/3235/2513 2841/3215/2498
f 2876/3237/2515 2859/3236/2514 2858/3217/2499
f 2615/3238/2516 2614/3221/2501 2632/3158/2454
f 2653/3225/2504 2636/3254/2531 2635/3239/2517
f 2671/3224/2503 2672/3255/2532 2655/3240/2518
f 2690/3242/2520 2672/3255/2532 2671/3224/2503
f 2707/3243/2521 2690/3259/2520 2689/3244/2505
f 2723/3229/2507 2724/3260/2536 2707/3243/2521
f 2741/3245/2522 2724/3260/2536 2723/3229/2507
f 2758/3247/2524 2741/3245/2522 2740/3246/2523
f 2775/3248/2525 2758/3247/2524 2757/3230/2508
f 2791/3232/2510 2792/3265/2541 2775/3248/2525
f 2809/3249/2526 2792/3265/2541 2791/3232/2510
f 2826/3250/2527 2809/3249/2526 2808/3233/2511
f 2842/3235/2513 2843/3251/2528 2826/3250/2527
f 2859/3236/2514 2860/3252/2529 2843/3251/2528
f 2876/3237/2515 2877/3270/2546 2860/3252/2529
f 2615/3238/2516 2633/3174/2469 2634/3223/2502
f 2654/3241/2519 2637/3273/2548 2636/3254/2531
f 2672/3255/2532 2673/3257/2534 2656/3256/2533
f 2690/3242/2520 2691/4033/2535 2673/3257/2534
f 2707/3243/2521 2708/3261/2537 2691/3258/2535
f 2724/3260/2536 2725/4034/2551 2708/3261/2537
f 2742/3262/2538 2725/4034/2551 2724/3260/2536
f 2758/3247/2524 2759/4035/2555 2742/3262/2538
f 2776/3263/2539 2759/4035/2555 2758/3247/2524
f 2793/3264/2540 2776/3263/2539 2775/3248/2525
f 2810/3266/2542 2793/3264/2540 2792/3265/2541
f 2826/3250/2527 2827/3267/2543 2810/3266/2542
f 2843/3251/2528 2844/4036/2560 2827/3267/2543
f 2861/3268/2544 2844/4036/2560 2843/3251/2528
f 2878/3269/2545 2861/3268/2544 2860/3252/2529
f 2616/3253/2530 2634/3223/2502 2635/3271/2517
f 2655/3240/2518 2638/3303/2564 2637/3273/2548
f 2674/3274/2549 2657/3325/2585 2656/3275/2533
f 2692/3277/2550 2674/3274/2549 2673/3276/2534
f 2708/3279/2537 2709/3306/2552 2692/3277/2550
f 2725/3281/2551 2726/3285/2553 2709/3282/2552
f 2742/3284/2538 2743/3309/2569 2726/3285/2553
f 2760/3286/2554 2743/3309/2569 2742/3284/2538
f 2776/3288/2539 2777/3290/2556 2760/3286/2554
f 2793/3289/2540 2794/3292/2557 2777/3290/2556
f 2810/3291/2542 2811/3314/2574 2794/3292/2557
f 2828/3293/2558 2811/3314/2574 2810/3291/2542
f 2845/3295/2559 2828/3293/2558 2827/3294/2543
f 2862/3297/2561 2845/3295/2559 2844/3296/2560
f 2879/3299/2562 2862/3297/2561 2861/3298/2544
f 2617/3301/2547 2635/3239/2517 2636/3254/2531
f 2656/3256/2533 2639/3340/2582 2638/3303/2564
f 2693/3304/2565 2675/3324/2584 2674/3274/2549
f 2710/3305/2566 2693/3304/2565 2692/3277/2550
f 2727/3307/2567 2710/3331/2566 2709/3282/2552
f 2744/3308/2568 2727/3307/2567 2726/3285/2553
f 2761/3310/2570 2744/3308/2568 2743/3309/2569
f 2778/3311/2571 2761/3310/2570 2760/3286/2554
f 2795/3312/2572 2778/3311/2571 2777/3290/2556
f 2812/3313/2573 2795/3312/2572 2794/3292/2557
f 2829/3315/2575 2812/3313/2573 2811/3314/2574
f 2846/3316/2576 2829/3315/2575 2828/3293/2558
f 2863/3317/2577 2846/3316/2576 2845/3295/2559
f 2880/3318/2578 2863/3317/2577 2862/3297/2561
f 2879/3299/2562 2622/3360/2614 2623/3319/2579
f 2619/3320/2580 2618/3302/2563 2636/3254/2531
f 2656/3275/2533 2657/3325/2585 2640/3321/2581
f 2619/3320/2580 2637/3273/2548 2638/3303/2564
f 2675/3324/2584 2658/3327/2587 2657/3325/2585
f 2676/3326/2586 2659/3342/2599 2658/3327/2587
f 2694/3328/2588 2676/3326/2586 2675/3324/2584
f 2710/3305/2566 2711/3344/2601 2694/3329/2588
f 2728/3330/2589 2711/3346/2601 2710/3331/2566
f 2745/3332/2590 2728/3330/2589 2727/3307/2567
f 2761/3310/2570 2762/3333/2591 2745/3332/2590
f 2778/3311/2571 2779/3349/2604 2762/3333/2591
f 2796/3334/2592 2779/3349/2604 2778/3311/2571
f 2813/3335/2593 2796/3334/2592 2795/3312/2572
f 2830/3336/2594 2813/3335/2593 2812/3313/2573
f 2846/3316/2576 2847/3354/2609 2830/3336/2594
f 2864/3337/2595 2847/3354/2609 2846/3316/2576
f 2881/3338/2596 2864/3337/2595 2863/3317/2577
f 2621/3339/2597 2620/3323/2583 2638/3303/2564
f 2677/3341/2598 2660/4037/2618 2659/3342/2599
f 2694/3328/2588 2695/4038/2624 2677/3341/2598
f 2712/3343/2600 2695/4039/2624 2694/3329/2588
f 2728/3330/2589 2729/3347/2602 2712/3345/2600
f 2745/3332/2590 2746/4040/2625 2729/3347/2602
f 2763/3348/2603 2746/4040/2625 2745/3332/2590
f 2779/3349/2604 2780/3350/2605 2763/3348/2603
f 2796/3334/2592 2797/3351/2606 2780/3350/2605
f 2813/3335/2593 2814/3352/2607 2797/3351/2606
f 2830/3336/2594 2831/4041/2626 2814/3352/2607
f 2848/3353/2608 2831/4041/2626 2830/3336/2594
f 2865/3355/2610 2848/3353/2608 2847/3354/2609
f 2881/3338/2596 2882/3454/2612 2865/3355/2610
f 2621/3359/2597 2639/3322/2582 2640/3321/2581
f 2658/3327/2587 2659/3342/2599 2642/3361/2615
f 2696/3365/2619 2697/3369/2623 2680/3366/2620
f 2713/3368/2622 2714/3385/2629 2697/3369/2623
f 2657/3325/2585 2658/3327/2587 2641/3362/2616
f 2659/3342/2599 2660/4037/2618 2643/3381/2617
f 2678/3382/2627 2626/3356/2611 2660/3364/2618
f 2730/3384/2628 2731/3387/2631 2714/3385/2629
f 2747/3386/2630 2748/3389/2633 2731/3387/2631
f 2764/3388/2632 2765/3391/2635 2748/3389/2633
f 2781/3390/2634 2782/3393/2637 2765/3391/2635
f 2798/3392/2636 2799/3395/2639 2782/3393/2637
f 2815/3394/2638 2816/3397/2641 2799/3395/2639
f 2832/3396/2640 2833/3399/2643 2816/3397/2641
f 2849/3398/2642 2850/3401/2645 2833/3399/2643
f 2866/3400/2644 2867/3415/2658 2850/3401/2645
f 2681/3402/2646 2663/3451/2691 2662/3403/2647
f 2698/3405/2648 2681/3452/2646 2680/3366/2620
f 2715/3406/2649 2698/3405/2648 2697/3369/2623
f 2732/3407/2650 2715/3406/2649 2714/3385/2629
f 2749/3408/2651 2732/3407/2650 2731/3387/2631
f 2766/3409/2652 2749/3408/2651 2748/3389/2633
f 2782/3393/2637 2783/3453/2692 2766/3409/2652
f 2800/3410/2653 2783/3453/2692 2782/3393/2637
f 2817/3411/2654 2800/3410/2653 2799/3395/2639
f 2834/3412/2655 2817/3411/2654 2816/3397/2641
f 2851/3413/2656 2834/3412/2655 2833/3399/2643
f 2868/3414/2657 2851/3413/2656 2850/3401/2645
f 2644/3416/2659 2645/3420/2663 2628/3124/2421
f 2624/3417/2660 2623/3319/2579 2641/3362/2616
f 2609/3418/2661 2610/3122/2419 2867/3415/2658
f 2695/3370/2624 2626/3356/2611 2678/3382/2627
f 2646/3419/2662 2629/3156/2452 2628/3124/2421
f 2625/3421/2613 2624/3417/2660 2642/3361/2615
f 2664/3422/2664 2665/3449/2690 2648/3125/2422
f 2683/3423/2665 2665/3449/2690 2664/3422/2664
f 2700/3425/2667 2683/3450/2665 2682/3426/2666
f 2717/3428/2669 2700/3425/2667 2699/3427/2668
f 2734/3430/2671 2717/3428/2669 2716/3429/2670
f 2751/3432/2673 2734/3430/2671 2733/3431/2672
f 2768/3434/2675 2751/3432/2673 2750/3433/2674
f 2785/3436/2677 2768/3434/2675 2767/3435/2676
f 2802/3438/2679 2785/3436/2677 2784/3437/2678
f 2819/3440/2681 2802/3438/2679 2801/3439/2680
f 2836/3442/2683 2819/3440/2681 2818/3441/2682
f 2853/3444/2685 2836/3442/2683 2835/3443/2684
f 2870/3446/2687 2853/3444/2685 2852/3445/2686
f 2868/3414/2657 2611/3157/2453 2612/3173/2468
f 2867/3415/2658 2610/3122/2419 2611/3157/2453
f 2661/3448/2689 2662/3403/2647 2645/3420/2663
f 2665/3449/2690 2666/3128/2425 2649/3130/2427
f 2683/3423/2665 2684/3131/2428 2666/3128/2425
f 2700/3425/2667 2701/3133/2430 2684/3135/2428
f 2717/3428/2669 2718/3136/2432 2701/3133/2430
f 2735/3138/2434 2718/3136/2432 2717/3428/2669
f 2752/3140/2436 2735/3138/2434 2734/3430/2671
f 2769/3142/2438 2752/3140/2436 2751/3432/2673
f 2786/3144/2440 2769/3142/2438 2768/3434/2675
f 2802/3438/2679 2803/3146/2442 2786/3144/2440
f 2819/3440/2681 2820/3148/2444 2803/3146/2442
f 2837/3150/2446 2820/3148/2444 2819/3440/2681
f 2854/3152/2448 2837/3150/2446 2836/3442/2683
f 2870/3446/2687 2871/3154/2450 2854/3152/2448
f 2869/3447/2688 2612/3173/2468 2613/3192/2486
f 2664/3422/2664 2647/3127/2424 2646/3419/2662
f 2682/3424/2666 2664/3422/2664 2663/3451/2691
f 2699/3427/2668 2682/3426/2666 2681/3452/2646
f 2716/3429/2670 2699/3427/2668 2698/3405/2648
f 2733/3431/2672 2716/3429/2670 2715/3406/2649
f 2750/3433/2674 2733/3431/2672 2732/3407/2650
f 2767/3435/2676 2750/3433/2674 2749/3408/2651
f 2784/3437/2678 2767/3435/2676 2766/3409/2652
f 2801/3439/2680 2784/3437/2678 2783/3453/2692
f 2818/3441/2682 2801/3439/2680 2800/3410/2653
f 2835/3443/2684 2818/3441/2682 2817/3411/2654
f 2852/3445/2686 2835/3443/2684 2834/3412/2655
f 2869/3447/2688 2852/3445/2686 2851/3413/2656
f 2871/3154/2450 2870/3446/2687 2613/3192/2486
f 2647/3127/2424 2630/3126/2423 2629/3156/2452
f 2872/3172/2467 2871/3154/2450 2614/3221/2501
f 2873/3171/2466 2872/3172/2467 2615/3238/2516
f 2873/3171/2466 2616/3253/2530 2617/3272/2547
f 2874/3220/2485 2617/3301/2547 2618/3302/2563
f 2875/3219/2500 2618/3302/2563 2619/3320/2580
f 2877/3270/2546 2876/3237/2515 2619/3320/2580
f 2878/3269/2545 2877/3270/2546 2620/3323/2583
f 2878/3300/2545 2621/3359/2597 2622/3360/2614
f 2880/3318/2578 2623/3319/2579 2624/3417/2660
f 2882/3454/2612 2881/3338/2596 2624/3417/2660
f 2679/3455/2621 2680/3404/2620 2662/3403/2647
f 2663/3451/2691 2646/3419/2662 2645/3420/2663
f 2883/3456/2693 2894/3548/2783 2895/3457/2694
f 2919/3459/2696 2908/3552/2788 2948/3460/2697
f 2885/3462/2699 2884/3458/2695 2895/3457/2694
f 2965/3464/2701 2888/3514/2748 2889/3465/2702
f 2921/3467/2704 2910/3479/2715 2909/3468/2705
f 2932/3470/2707 2921/3467/2704 2920/3469/2706
f 2943/3472/2709 2932/3470/2707 2931/3471/2708
f 2954/3474/2711 2943/3472/2709 2942/3473/2710
f 2965/3464/2701 2954/3482/2711 2953/3476/2712
f 2922/3478/2714 2911/3488/2723 2910/3479/2715
f 2933/3480/2716 2922/3478/2714 2921/3467/2704
f 2943/3472/2709 2944/3491/2726 2933/3480/2716
f 2955/3481/2717 2944/3491/2726 2943/3472/2709
f 2966/3466/2703 2955/3493/2717 2954/3482/2711
f 2967/3483/2718 2966/3466/2703 2889/3465/2702
f 2907/3485/2720 2948/3460/2779 2970/3486/2721
f 2923/3487/2722 2912/3515/2749 2911/3488/2723
f 2934/3489/2724 2923/3487/2722 2922/3478/2714
f 2945/3490/2725 2934/3489/2724 2933/3480/2716
f 2956/3492/2727 2945/3490/2725 2944/3491/2726
f 2967/3483/2718 2956/3553/2727 2955/3493/2717
f 2948/3460/2697 2908/3552/2788 2897/3494/2728
f 2886/3495/2730 2897/3494/2728 2898/3496/2731
f 2911/3488/2723 2912/3515/2749 2901/3498/2733
f 2925/3500/2735 2914/3526/2759 2913/3501/2736
f 2936/3503/2738 2925/3500/2735 2924/3502/2737
f 2947/3505/2740 2936/3503/2738 2935/3504/2739
f 2958/3507/2742 2947/3505/2740 2946/3506/2741
f 2969/3509/2744 2958/4042/2742 2957/3510/2743
f 2970/3486/2729 2897/3494/2728 2886/3495/2730
f 2887/3497/2732 2898/3496/2731 2899/3513/2747
f 2913/3501/2736 2902/3527/2760 2901/3498/2733
f 2928/3516/2750 2917/3529/2762 2916/3517/2751
f 2939/3519/2753 2928/3516/2750 2927/3518/2752
f 2950/3521/2755 2939/3519/2753 2938/3520/2754
f 2961/3523/2757 2950/3533/2755 2949/3524/2756
f 2888/3514/2748 2899/3513/2747 2900/3499/2734
f 2914/3526/2759 2903/3549/2784 2902/3527/2760
f 2928/3516/2750 2929/3530/2763 2918/3528/2761
f 2939/3519/2753 2940/3531/2764 2929/3530/2763
f 2950/3521/2755 2951/3538/2765 2940/3531/2764
f 2961/3523/2757 2962/3539/2771 2951/3532/2765
f 2941/3534/2766 2930/3543/2775 2926/3535/2767
f 2889/3465/2702 2900/3499/2734 2901/3498/2733
f 2917/3529/2762 2906/3547/2782 2905/3537/2769
f 2951/3538/2765 2904/3551/2772 2915/3536/2770
f 2962/3539/2771 2893/3541/2773 2904/3540/2772
f 2885/3462/2699 2959/3512/2778 2893/3541/2773
f 2910/3479/2715 2899/3513/2747 2898/3496/2731
f 2890/3484/2719 2901/3498/2733 2902/3527/2760
f 2931/3471/2708 2920/3469/2706 2919/3459/2696
f 2942/3473/2710 2931/3471/2708 2930/3543/2775
f 2953/3475/2712 2942/3473/2710 2941/3534/2766
f 2964/3477/2713 2953/3476/2712 2952/3545/2776
f 2883/3456/2693 2884/3458/2695 2961/3523/2757
f 2896/3463/2700 2970/3486/2721 2959/3512/2778
f 2963/3546/2777 2893/3541/2787 2959/3512/2746
f 2918/3528/2761 2937/3461/2781 2948/3460/2779
f 2940/3531/2764 2915/3536/2770 2926/3535/2780
f 2929/3530/2763 2926/3535/2780 2937/3461/2781
f 2906/3547/2782 2895/3457/2694 2894/3548/2783
f 2891/3542/2774 2902/3527/2760 2903/3549/2784
f 2919/3459/2696 2937/3461/2698 2926/3535/2767
f 2952/3544/2776 2941/3534/2766 2915/3536/2768
f 2893/3541/2787 2963/3546/2777 2952/3545/2776
f 2964/3477/2713 2887/3497/2732 2888/3514/2748
f 2962/3539/2771 2961/3523/2757 2884/3458/2695
f 2909/3468/2705 2898/3496/2731 2897/3494/2728
f 2911/3488/2723 2900/3499/2734 2899/3513/2747
f 2923/3487/2722 2924/3502/2737 2913/3501/2736
f 2935/3504/2739 2924/3502/2737 2923/3487/2722
f 2946/3506/2741 2935/3504/2739 2934/3489/2724
f 2956/3492/2727 2957/3508/2743 2946/3506/2741
f 2968/3511/2745 2957/3510/2743 2956/3553/2727
f 2906/3547/2782 2907/3485/2720 2896/3463/2700
f 2963/3546/2777 2886/3495/2730 2887/3497/2732
f 2967/3483/2718 2890/3484/2719 2891/3542/2774
f 2968/3511/2745 2891/3542/2774 2892/3550/2785
f 2917/3529/2762 2918/3528/2761 2907/3485/2720
f 2920/3469/2706 2909/3468/2705 2908/3552/2788
f 3140/3554/2789 3020/3558/2793 3019/3555/2790
f 3140/3554/2789 3142/3645/2879 3021/3557/2792
f 3022/3559/2794 3144/3563/2798 3143/3560/2795
f 3022/3559/2794 3024/3644/2878 3145/3562/2797
f 3147/3564/2799 3146/3568/2803 3026/3565/2800
f 3148/3567/2802 3027/3647/2881 3026/3565/2800
f 3029/3569/2804 3028/3573/2808 3150/3570/2805
f 3030/3572/2807 3151/3646/2880 3150/3570/2805
f 3152/3574/2809 3032/3578/2813 3031/3575/2810
f 3152/3574/2809 3154/3643/2877 3033/3577/2812
f 3034/3579/2814 3156/3583/2818 3155/3580/2815
f 3034/3579/2814 3036/3642/2876 3157/3582/2817
f 3159/3584/2819 3158/3588/2823 3038/3585/2820
f 3160/3587/2822 3039/3650/2884 3038/3585/2820
f 3041/3589/2824 3040/3593/2828 3162/3590/2825
f 3042/3592/2827 3163/3649/2883 3162/3590/2825
f 3165/3594/2829 3164/3598/2833 3044/3595/2830
f 3166/3597/2832 3045/3636/2870 3044/3595/2830
f 3047/3599/2834 3046/3603/2838 3168/3600/2835
f 3048/3602/2837 3169/3635/2869 3168/3600/2835
f 3170/3604/2839 3050/3608/2843 3049/3605/2840
f 3170/3604/2839 3172/3641/2875 3051/3607/2842
f 3052/3609/2844 3174/3613/2848 3173/3610/2845
f 3052/3609/2844 3054/3640/2874 3175/3612/2847
f 3176/3614/2849 3056/3618/2853 3055/3615/2850
f 3176/3614/2849 3178/3639/2873 3057/3617/2852
f 3058/3619/2854 3180/3623/2858 3179/3620/2855
f 3058/3619/2854 3060/3638/2872 3181/3622/2857
f 3183/3624/2859 3182/4043/2863 3062/3625/2860
f 3184/3627/2862 3063/3637/2871 3062/3628/2860
f 3185/3630/2864 3065/3634/2868 3064/3631/2865
f 3185/3630/2864 3187/3648/2882 3066/3633/2867
f 3169/3635/2869 3048/3602/2837 3045/3636/2870
f 3043/3596/2831 3041/3589/2824 3161/3591/2826
f 3177/3616/2851 3055/3615/2850 3063/3637/2871
f 3061/3626/2861 3047/3599/2834 3167/3601/2836
f 3171/3606/2841 3049/3605/2840 3059/3621/2856
f 3060/3638/2872 3057/3617/2852 3178/3639/2873
f 3153/3576/2811 3031/3575/2810 3053/3611/2846
f 3054/3640/2874 3051/3607/2842 3172/3641/2875
f 3141/3556/2791 3019/3555/2790 3035/3581/2816
f 3036/3642/2876 3033/3577/2812 3154/3643/2877
f 3186/3632/2866 3064/3631/2865 3023/3561/2796
f 3024/3644/2878 3021/3557/2792 3142/3645/2879
f 3151/3646/2880 3030/3572/2807 3027/3647/2881
f 3025/3566/2801 3066/3633/2867 3187/3648/2882
f 3163/3649/2883 3042/3592/2827 3039/3650/2884
f 3037/3586/2821 3029/3569/2804 3149/3571/2806
f 3067/3651/2885 3019/3555/2790 3020/3558/2793
f 3020/3558/2793 3021/3557/2792 3069/3653/2887
f 3070/3654/2888 3022/3559/2794 3023/3561/2796
f 3024/3644/2878 3022/3559/2794 3070/3656/2888
f 3025/3566/2801 3026/3565/2800 3074/3658/2891
f 3074/3658/2891 3026/3565/2800 3027/3647/2881
f 3028/3573/2808 3029/3569/2804 3077/3661/2894
f 3078/3663/2896 3030/3572/2807 3028/3573/2808
f 3079/3664/2897 3031/3575/2810 3032/3578/2813
f 3032/3578/2813 3033/3577/2812 3081/3666/2899
f 3082/3667/2900 3034/3579/2814 3035/3581/2816
f 3036/3642/2876 3034/3579/2814 3082/3667/2900
f 3037/3586/2821 3038/3585/2820 3086/3670/2903
f 3086/3670/2903 3038/3585/2820 3039/3650/2884
f 3040/3593/2828 3041/3589/2824 3089/3673/2906
f 3090/3675/2908 3042/3592/2827 3040/3593/2828
f 3043/3596/2831 3044/3595/2830 3092/3676/2909
f 3092/3676/2909 3044/3595/2830 3045/3636/2870
f 3046/3603/2838 3047/3599/2834 3095/3679/2912
f 3096/3681/2914 3048/3602/2837 3046/3603/2838
f 3097/3682/2915 3049/3605/2840 3050/3608/2843
f 3050/3608/2843 3051/3607/2842 3099/3684/2917
f 3100/3685/2918 3052/3609/2844 3053/3611/2846
f 3054/3640/2874 3052/3609/2844 3100/3685/2918
f 3103/3688/2921 3055/3615/2850 3056/3618/2853
f 3056/3618/2853 3057/3617/2852 3105/3690/2923
f 3106/3691/2924 3058/3619/2854 3059/3621/2856
f 3060/3638/2872 3058/3619/2854 3106/3691/2924
f 3061/3626/2861 3062/3625/2860 3110/3694/2927
f 3110/3696/2927 3062/3628/2860 3063/3637/2871
f 3112/3698/2930 3064/3631/2865 3065/3634/2868
f 3065/3634/2868 3066/3633/2867 3114/3700/2932
f 3093/3678/2911 3045/3636/2870 3048/3602/2837
f 3041/3589/2824 3043/3596/2831 3091/3677/2910
f 3111/3697/2929 3063/3637/2871 3055/3615/2850
f 3047/3599/2834 3061/3626/2861 3109/3695/2928
f 3107/3692/2925 3059/3621/2856 3049/3605/2840
f 3057/3617/2852 3060/3638/2872 3108/3693/2926
f 3101/3686/2919 3053/3611/2846 3031/3575/2810
f 3051/3607/2842 3054/3640/2874 3102/3687/2920
f 3083/3668/2901 3035/3581/2816 3019/3555/2790
f 3033/3577/2812 3036/3642/2876 3084/3669/2902
f 3071/3655/2889 3023/3561/2796 3064/3631/2865
f 3021/3557/2792 3024/3644/2878 3072/3657/2890
f 3075/3660/2893 3027/3647/2881 3030/3572/2807
f 3066/3633/2867 3025/3566/2801 3073/3659/2892
f 3087/3672/2905 3039/3650/2884 3042/3592/2827
f 3029/3569/2804 3037/3586/2821 3085/3671/2904
f 3007/3726/2934 2987/3818/3030 3192/3727/2935
f 3010/3729/2937 3012/3733/2937 3140/3730/2937
f 3011/3732/2937 3142/3819/2937 3140/3730/2937
f 2988/3734/2937 2987/3818/2937 3143/3735/2937
f 2988/3734/2937 3144/3736/2937 3145/3737/2937
f 2991/3739/2937 3146/3743/2937 3147/3740/2937
f 2991/3739/2937 2990/3820/2937 3148/3742/2937
f 3005/3744/2937 3149/3823/2937 3150/3745/2937
f 3004/3747/2937 3006/3746/2937 3150/3745/2937
f 3013/3749/2937 3015/3753/2937 3152/3750/2937
f 3014/3752/2937 3154/3817/2937 3152/3750/2937
f 2985/3754/2937 2984/3816/2937 3155/3755/2937
f 2985/3754/2937 3156/3756/2937 3157/3757/2937
f 2994/3759/2937 3158/3763/2937 3159/3760/2937
f 2994/3759/2937 2993/3822/2937 3160/3762/2937
f 3002/3764/2937 3161/3809/2937 3162/3765/2937
f 3001/3767/2937 3003/3766/2937 3162/3765/2937
f 2973/3769/2937 3164/3773/2937 3165/3770/2937
f 2973/3769/2937 2972/3808/2937 3166/3772/2937
f 2999/3774/2937 3167/3811/2937 3168/3775/2937
f 2998/3777/2937 3000/3776/2937 3168/3775/2937
f 3016/3779/2937 3018/3783/2937 3170/3780/2937
f 3017/3782/2937 3172/3815/2937 3170/3780/2937
f 2982/3784/2937 2981/3814/2937 3173/3785/2937
f 2982/3784/2937 3174/3786/2937 3175/3787/2937
f 2995/3789/2937 2997/3793/2937 3176/3790/2937
f 2996/3792/2937 3178/3813/2937 3176/3790/2937
f 2979/3794/2937 2978/3812/2937 3179/3795/2937
f 2979/3794/2937 3180/3796/2937 3181/3797/2937
f 2976/3799/2937 3182/3803/2937 3183/3800/2937
f 2976/3799/2937 2975/3810/2937 3184/3802/2937
f 3007/3726/2937 3009/3807/2937 3185/3804/2937
f 3008/3806/2937 3187/3821/2937 3185/3804/2937
f 2972/3808/2937 2998/3777/2937 3169/3778/2937
f 2971/3771/2937 3165/3770/2937 3161/3809/2937
f 2975/3810/2937 2995/3789/2937 3177/3791/2937
f 2974/3801/2937 3183/3800/2937 3167/3811/2937
f 2978/3812/2937 3016/3779/2937 3171/3781/2937
f 2977/3798/2937 3181/3797/2937 3178/3813/2937
f 2981/3814/2937 3013/3749/2937 3153/3751/2937
f 2980/3788/2937 3175/3787/2937 3172/3815/2937
f 2984/3816/2937 3010/3729/2937 3141/3731/2937
f 2983/3758/2937 3157/3757/2937 3154/3817/2937
f 2987/3818/2937 3007/3726/2937 3186/3805/2937
f 2986/3738/2937 3145/3737/2937 3142/3819/2937
f 2990/3820/2937 3004/3747/2937 3151/3748/2937
f 2989/3741/2937 3147/3740/2937 3187/3821/2937
f 2993/3822/2937 3001/3767/2937 3163/3768/2937
f 2992/3761/2937 3159/3760/2937 3149/3823/2937
f 3124/3717/2933 3088/4044/2933 3089/3824/2933
f 3090/3825/2933 3088/4044/2933 3124/3717/2933
f 3243/3826/2937 3244/3862/2937 3202/3827/2938
f 3200/3829/2940 3242/3860/2937 3243/3826/2937
f 3188/3830/2941 3236/3863/2937 3237/3831/2937
f 3237/3831/2937 3238/3867/2937 3190/3833/2943
f 3233/3728/2936 3257/3868/2937 3258/3834/2937
f 3258/3834/2937 3259/3875/2937 3235/3836/2945
f 3199/3837/2946 3241/3871/2937 3239/3838/2937
f 3239/3838/2937 3240/3880/2937 3198/3840/2948
f 3211/3841/2949 3247/3876/2937 3245/3842/2937
f 3245/3842/2937 3246/3885/2937 3210/3844/2951
f 3217/3845/2952 3250/3881/2937 3248/3846/2937
f 3248/3846/2937 3249/3890/2937 3216/3848/2954
f 3224/3849/2955 3254/3886/2937 3255/3850/2937
f 3255/3850/2937 3256/3891/2937 3226/3852/2957
f 3218/3853/2958 3251/3894/2937 3252/3854/2937
f 3252/3854/2937 3253/3857/2937 3220/3856/2960
f 3009/3807/2984 3007/3726/2934 3233/3728/2936
f 3009/3807/2984 3234/3835/2944 3235/3836/2945
f 3008/3806/2985 3235/3836/2945 3194/3874/2971
f 2989/3741/2986 3194/3874/2971 3195/3873/2970
f 2990/3820/2988 2991/3739/2987 3195/3873/2970
f 3004/3747/2989 2990/3820/2988 3196/3872/2969
f 3006/3746/2990 3004/3747/2989 3199/3837/2946
f 3006/3746/2990 3197/3839/2947 3198/3840/2948
f 3005/3744/2991 3198/3840/2948 3206/3879/2974
f 2992/3761/2992 3206/3879/2974 3207/3878/2973
f 2993/3822/2994 2994/3759/2993 3207/3878/2973
f 3001/3767/2995 2993/3822/2994 3208/3877/2972
f 3003/3766/2996 3001/3767/2995 3211/3841/2949
f 3003/3766/2996 3209/3843/2950 3210/3844/2951
f 3002/3764/2997 3210/3844/2951 3212/3884/2977
f 2971/3771/2998 3212/3884/2977 3213/3883/2976
f 2972/3808/3000 2973/3769/2999 3213/3883/2976
f 2998/3777/3001 2972/3808/3000 3214/3882/2975
f 3000/3776/3002 2998/3777/3001 3217/3845/2952
f 3000/3776/3002 3215/3847/2953 3216/3848/2954
f 2999/3774/3003 3216/3848/2954 3230/3889/2980
f 2974/3801/3004 3230/3889/2980 3231/3888/2979
f 2975/3810/3006 2976/3799/3005 3231/3888/2979
f 2995/3789/3007 2975/3810/3006 3232/3887/2978
f 2997/3793/3008 2995/3789/3007 3224/3849/2955
f 2997/3793/3008 3225/3851/2956 3226/3852/2957
f 2996/3792/3009 3226/3852/2957 3229/3893/2982
f 2977/3798/3010 3229/3893/2982 3227/3895/2983
f 2978/3812/3012 2979/3794/3011 3227/3895/2983
f 3016/3779/3013 2978/3812/3012 3228/3892/2981
f 3018/3783/3014 3016/3779/3013 3218/3853/2958
f 3018/3783/3014 3219/3855/2959 3220/3856/2960
f 3017/3782/3015 3220/3856/2960 3223/3859/2962
f 2980/3788/3016 3223/3859/2962 3221/3861/2963
f 2981/3814/3018 2982/3784/3017 3221/3861/2963
f 3013/3749/3019 2981/3814/3018 3222/3858/2961
f 3015/3753/3020 3013/3749/3019 3200/3829/2940
f 3015/3753/3020 3201/3828/2939 3202/3827/2938
f 3014/3752/3021 3202/3827/2938 3205/3864/2964
f 2983/3758/3022 3205/3864/2964 3203/3866/2966
f 2984/3816/3024 2985/3754/3023 3203/3866/2966
f 3010/3729/3025 2984/3816/3024 3204/3865/2965
f 3012/3733/3026 3010/3729/3025 3188/3830/2941
f 3012/3733/3026 3189/3832/2942 3190/3833/2943
f 3011/3732/3027 3190/3833/2943 3193/3869/2967
f 2986/3738/3028 3193/3869/2967 3191/3870/2968
f 2987/3818/3030 2988/3734/3029 3191/3870/2968
f 3077/3896/2933 3119/3701/2933 3118/3703/2933
f 3078/3898/2933 3076/3897/2933 3118/3703/2933
f 3114/3899/2933 3138/3723/2933 3137/3719/2933
f 3112/3901/2933 3113/3900/2933 3137/3719/2933
f 3069/3902/2933 3117/3722/2933 3116/3725/2933
f 3067/3904/2933 3068/3903/2933 3116/3725/2933
f 3081/3905/2933 3123/3716/2933 3122/3712/2933
f 3079/3907/2933 3080/3906/2933 3122/3712/2933
f 3099/3908/2933 3132/3711/2933 3131/3706/2933
f 3097/3910/2933 3098/3909/2933 3131/3706/2933
f 3105/3911/2933 3135/3714/2933 3134/3715/2933
f 3103/3913/2933 3104/3912/2933 3134/3715/2933
f 3095/3914/2933 3128/3710/2933 3127/3724/2933
f 3096/3916/2933 3094/3915/2933 3127/3724/2933
f 3129/3704/2933 3125/3705/2933 3089/3824/2933
f 3093/3917/2933 3096/3916/2933 3089/3824/2933
f 3103/3913/2933 3095/3914/2933 3109/3920/2933
f 3097/3910/2933 3105/3911/2933 3108/3922/2933
f 3132/3711/2933 3099/3908/2933 3079/3907/2933
f 3079/3907/2933 3099/3908/2933 3102/3924/2933
f 3123/3716/2933 3081/3905/2933 3067/3904/2933
f 3067/3904/2933 3081/3905/2933 3084/3926/2933
f 3128/3710/2933 3095/3914/2933 3103/3913/2933
f 3135/3714/2933 3105/3911/2933 3097/3910/2933
f 3090/3825/2933 3077/3896/2933 3085/3932/2933
f 3077/3896/2933 3090/3825/2933 3126/3721/2933
f 3075/3935/2933 3078/3898/2933 3114/3899/2933
f 3114/3899/2933 3078/3898/2933 3120/3708/2933
f 3112/3901/2933 3069/3902/2933 3072/3938/2933
f 3069/3902/2933 3112/3901/2933 3136/3720/2933
f 3276/3941/3031 3277/3950/3040 3286/3942/3032
f 3278/3944/3034 3279/3952/3042 3288/3945/3035
f 3280/3947/3037 3281/3957/3046 3290/3948/3038
f 3276/3941/3031 3289/3946/3036 3288/3945/3035
f 3282/3951/3041 3283/3964/3044 3279/3952/3042
f 3284/3953/3043 3285/3956/3045 3283/3954/3044
f 3291/3949/3039 3290/3948/3038 3285/3956/3045
f 3287/3943/3033 3286/3942/3032 3281/3957/3046
f 3295/3958/3047 3277/3950/3040 3288/3945/3035
f 3295/3958/3047 3294/3968/3056 3286/3942/3032
f 3289/3946/3036 3276/3941/3031 3268/3960/3049
f 3276/3941/3031 3287/3943/3033 3269/3962/3051
f 3297/3963/3052 3279/3952/3042 3283/3964/3044
f 3296/3959/3048 3288/3945/3035 3279/3952/3042
f 3278/3944/3034 3270/3967/3055 3274/3966/3054
f 3289/3946/3036 3271/3961/3050 3270/3967/3055
f 3294/3968/3056 3292/3969/3057 3281/3957/3046
f 3292/3969/3057 3293/3973/3061 3290/3948/3038
f 3280/3947/3037 3272/3970/3058 3269/3962/3051
f 3291/3949/3039 3273/3974/3062 3272/3970/3058
f 3299/3971/3059 3298/3982/3053 3283/3954/3044
f 3282/3955/3041 3274/4045/3054 3275/3972/3060
f 3293/3973/3061 3299/3971/3059 3285/3956/3045
f 3284/3953/3043 3275/3972/3060 3273/3974/3062
f 3261/3975/2937 3260/3983/2937 3293/3973/2937
f 3261/3975/2937 3292/3969/2937 3294/3968/2937
f 3262/3976/2937 3294/3968/2937 3295/3958/2937
f 3263/3977/2937 3295/3958/2937 3296/3959/2937
f 3264/3978/2937 3296/3959/2937 3297/3963/2937
f 3265/3979/2937 3297/3963/2937 3298/3965/2937
f 3267/3981/2937 3266/4046/2937 3298/3982/2937
f 3260/3983/2937 3267/3981/2937 3299/3971/2937
f 3325/3984/3063 3318/4000/3078 3319/3985/3064
f 3331/3987/3066 3320/3993/3072 3321/3988/3067
f 3327/3990/3069 3317/3999/3077 3316/3991/3070
f 3330/3986/3065 3319/3985/3064 3320/3993/3072
f 3329/3989/3068 3321/3988/3067 3322/3994/3073
f 3328/3996/3074 3322/4009/3073 3323/3997/3075
f 3326/3998/3076 3323/3997/3075 3317/3999/3077
f 3324/3992/3071 3316/3991/3070 3318/4000/3078
f 3301/4001/3079 3316/3991/3079 3317/3999/3080
f 3302/4003/3081 3318/4000/3081 3316/3991/3079
f 3303/4004/3082 3319/3985/3082 3318/4000/3081
f 3304/4005/3083 3320/3993/3083 3319/3985/3082
f 3305/4006/3084 3321/3988/3084 3320/3993/3083
f 3306/4007/3085 3322/3994/3085 3321/3988/3084
f 3306/4008/3085 3307/4010/3086 3323/3997/3086
f 3307/4010/3086 3300/4002/3080 3317/3999/3080
f 3312/4011/3087 3324/3992/3071 3325/3984/3063
f 3315/4013/3089 3326/3998/3076 3327/3990/3069
f 3314/4015/3091 3328/3996/3074 3326/3998/3076
f 3314/4016/3091 3310/4019/3094 3329/3989/3068
f 3308/4017/3092 3330/3986/3065 3331/3987/3066
f 3313/4014/3090 3327/3990/3069 3324/3992/3071
f 3311/4018/3093 3331/3987/3066 3329/3989/3068
f 3309/4012/3088 3325/3984/3063 3330/3986/3065
f 2622/3360/2614 2640/3321/2581 2641/3362/2616
